{"type":"FeatureCollection","features":[{"type":"Feature","properties":{"adcode":350600,"name":"漳州市","center":[117.661801,24.510897],"centroid":[117.458578,24.330766],"childrenNum":11,"level":"city","parent":{"adcode":350000},"subFeatureIndex":5,"acroutes":[100000,350000],"footprintId":"zhangzhou","footprintName":"漳州","footprintNameEn":"Zhangzhou","firstVisit":1997},"geometry":{"type":"MultiPolygon","coordinates":[[[[116.903894,24.369851],[116.896922,24.360106],[116.896142,24.350701],[116.908233,24.34178],[116.90911,24.330191],[116.919543,24.320977],[116.9134,24.312441],[116.914278,24.287705],[116.918178,24.283387],[116.929488,24.286201],[116.937727,24.282854],[116.935436,24.24797],[116.939141,24.239576],[116.934022,24.21929],[116.956155,24.21696],[116.971316,24.198079],[116.976337,24.199778],[116.991158,24.189875],[116.998617,24.179],[116.990378,24.168367],[116.978824,24.162055],[116.972925,24.153509],[116.964784,24.153364],[116.947087,24.13491],[116.934899,24.126945],[116.926563,24.098577],[116.929732,24.065441],[116.936996,24.054556],[116.95245,24.054702],[116.948793,24.037983],[116.940408,24.035116],[116.95518,24.020242],[116.954448,24.00595],[116.960055,24.002158],[116.969951,24.007457],[116.98131,23.996713],[116.975411,23.990635],[116.973169,23.974249],[116.982626,23.95932],[116.980189,23.941033],[116.973315,23.927072],[116.954741,23.920457],[116.959275,23.914473],[116.958836,23.900656],[116.973022,23.894817],[116.979263,23.884452],[116.97546,23.872287],[116.960055,23.86815],[116.962054,23.861385],[116.981554,23.855593],[116.984625,23.861288],[116.995107,23.862018],[117.012121,23.855301],[117.022456,23.838752],[117.026746,23.819912],[117.018458,23.81222],[117.020067,23.800729],[117.034058,23.789091],[117.042541,23.763766],[117.047806,23.758652],[117.051072,23.736731],[117.049317,23.724162],[117.053998,23.708522],[117.053217,23.698386],[117.066624,23.688786],[117.074083,23.69093],[117.089439,23.668559],[117.115424,23.665294],[117.124881,23.646039],[117.132974,23.65145],[117.147453,23.65379],[117.159348,23.64014],[117.173681,23.634631],[117.185917,23.63624],[117.192596,23.62956],[117.192937,23.561625],[117.271475,23.566162],[117.291268,23.571186],[117.29468,23.558991],[117.302627,23.550405],[117.317788,23.54899],[117.361761,23.556308],[117.382383,23.553527],[117.427526,23.572162],[117.441566,23.570698],[117.453998,23.57504],[117.463748,23.585185],[117.463358,23.598548],[117.455753,23.606399],[117.45468,23.628244],[117.466527,23.639896],[117.493096,23.642431],[117.501335,23.650524],[117.498605,23.667292],[117.490025,23.671728],[117.488855,23.679477],[117.502651,23.704623],[117.518739,23.704185],[117.544723,23.71583],[117.568611,23.712517],[117.589915,23.701846],[117.601518,23.701943],[117.612974,23.713394],[117.627648,23.749397],[117.639446,23.76776],[117.660311,23.789091],[117.661432,23.796931],[117.651633,23.815336],[117.658507,23.851797],[117.671963,23.878078],[117.691024,23.889027],[117.704041,23.890097],[117.76259,23.886983],[117.787892,23.899974],[117.792816,23.906299],[117.801981,23.93685],[117.807587,23.947404],[117.826064,23.966371],[117.847709,23.984752],[117.864918,24.004783],[117.890074,24.004783],[117.910646,24.011784],[117.927563,24.039879],[117.928099,24.056257],[117.925028,24.075159],[117.931609,24.094448],[117.947258,24.111353],[117.974754,24.134473],[117.990841,24.142729],[118.000055,24.152441],[118.00142,24.176864],[118.019409,24.197254],[118.03891,24.199292],[118.056704,24.209389],[118.063578,24.219241],[118.074693,24.225454],[118.115741,24.229385],[118.123834,24.235936],[118.125979,24.252531],[118.143431,24.251804],[118.15323,24.255831],[118.157423,24.263642],[118.157423,24.277906],[118.144406,24.293816],[118.145674,24.30633],[118.13958,24.314721],[118.1271,24.318455],[118.126856,24.333148],[118.121347,24.347258],[118.112133,24.356907],[118.096436,24.358458],[118.081372,24.356276],[118.075717,24.360882],[118.083565,24.370966],[118.088587,24.406154],[118.086295,24.410322],[118.049001,24.418318],[118.028477,24.420547],[118.005515,24.418609],[117.992499,24.423067],[117.985089,24.433533],[117.975046,24.434889],[117.964077,24.444046],[117.956813,24.45921],[117.962371,24.480377],[117.958568,24.501251],[117.937508,24.513405],[117.931268,24.526672],[117.91206,24.53345],[117.913133,24.546666],[117.908453,24.555331],[117.91362,24.568593],[117.886027,24.590178],[117.893389,24.597775],[117.892365,24.611565],[117.920689,24.614226],[117.930293,24.632659],[117.954717,24.64925],[117.957788,24.66613],[117.965394,24.671014],[117.955497,24.708488],[117.948379,24.711727],[117.941018,24.742519],[117.947892,24.76243],[117.955156,24.76562],[117.961298,24.788137],[117.959153,24.823981],[117.962956,24.841175],[117.956375,24.845087],[117.940384,24.844652],[117.924735,24.864258],[117.913035,24.870293],[117.898605,24.874639],[117.893632,24.887191],[117.882566,24.895687],[117.871695,24.87179],[117.863992,24.878308],[117.849757,24.873866],[117.833864,24.881543],[117.821189,24.87459],[117.824991,24.866527],[117.822115,24.85798],[117.81256,24.849964],[117.802663,24.852669],[117.797545,24.865416],[117.789988,24.85716],[117.775753,24.85093],[117.770585,24.855952],[117.770244,24.868555],[117.76259,24.86841],[117.750403,24.877197],[117.729976,24.88077],[117.717788,24.874252],[117.711597,24.86363],[117.683419,24.848999],[117.668404,24.853972],[117.657581,24.85349],[117.644857,24.858946],[117.636618,24.866865],[117.624772,24.86672],[117.616728,24.877101],[117.614875,24.898004],[117.631451,24.912871],[117.630183,24.92571],[117.607026,24.930294],[117.604345,24.947908],[117.618239,24.964457],[117.637057,24.970922],[117.654802,24.981342],[117.654461,24.996971],[117.670841,24.999913],[117.685076,24.98853],[117.69507,24.992196],[117.701505,25.004495],[117.715497,25.00353],[117.718032,25.015009],[117.737142,25.026534],[117.73841,25.037287],[117.726222,25.043652],[117.731585,25.051077],[117.72671,25.071179],[117.721883,25.07788],[117.707551,25.067901],[117.699019,25.078699],[117.677471,25.08805],[117.671378,25.098797],[117.671524,25.124385],[117.653047,25.13407],[117.626624,25.138358],[117.620579,25.147993],[117.621603,25.160951],[117.604004,25.164323],[117.59674,25.171355],[117.582066,25.174871],[117.573193,25.188934],[117.562176,25.187489],[117.555692,25.194231],[117.555399,25.21171],[117.545649,25.210988],[117.548184,25.192208],[117.535022,25.201165],[117.529415,25.185514],[117.515765,25.17569],[117.497435,25.174293],[117.495436,25.16519],[117.484564,25.164901],[117.483638,25.134455],[117.478763,25.127806],[117.481981,25.120386],[117.503041,25.10911],[117.510841,25.090315],[117.50387,25.041482],[117.492023,25.023689],[117.490561,25.016841],[117.495485,24.971404],[117.493145,24.962093],[117.483736,24.958185],[117.445515,24.95997],[117.425137,24.978207],[117.393742,24.980715],[117.383845,24.984767],[117.370293,24.973527],[117.361712,24.971983],[117.341286,24.978737],[117.318032,24.968317],[117.306965,24.96822],[117.30092,24.975746],[117.288781,24.971742],[117.293803,24.984237],[117.286588,24.990507],[117.279714,24.98771],[117.267916,24.974203],[117.236813,24.962527],[117.23457,24.954518],[117.245929,24.954036],[117.237057,24.930825],[117.237447,24.923393],[117.227063,24.909155],[117.219604,24.908431],[117.210293,24.921028],[117.184406,24.925854],[117.188598,24.903942],[117.196594,24.900804],[117.198007,24.885163],[117.172218,24.865948],[117.169391,24.826058],[117.154424,24.813306],[117.144235,24.790359],[117.137508,24.784803],[117.102358,24.789538],[117.080713,24.781034],[117.070768,24.785866],[117.072084,24.807654],[117.069208,24.821953],[117.056728,24.82374],[117.052827,24.812099],[117.052145,24.793403],[117.027965,24.780213],[117.02348,24.773641],[117.02387,24.739861],[117.018556,24.709213],[117.026892,24.693935],[117.039372,24.690792],[117.033327,24.671836],[117.046929,24.653313],[117.043467,24.633626],[117.037471,24.626128],[117.019872,24.62903],[117.014948,24.615774],[117.025186,24.602033],[117.023138,24.571352],[117.017142,24.555815],[117.006222,24.544294],[116.996813,24.540615],[116.980774,24.544584],[116.947721,24.544972],[116.932511,24.534128],[116.935582,24.521878],[116.929439,24.513599],[116.922078,24.526623],[116.91145,24.515681],[116.917349,24.490257],[116.927099,24.468268],[116.935874,24.456836],[116.944016,24.431885],[116.934899,24.390015],[116.928415,24.382599],[116.90326,24.380127],[116.903894,24.369851]]],[[[117.711548,23.772728],[117.717593,23.769611],[117.72437,23.775942],[117.708184,23.779205],[117.711548,23.772728]]],[[[117.683711,23.784611],[117.692828,23.774919],[117.690293,23.783929],[117.683711,23.784611]]],[[[118.151134,24.318358],[118.15635,24.331548],[118.146259,24.339113],[118.151134,24.318358]]],[[[117.669476,23.790503],[117.67674,23.788312],[117.67128,23.803358],[117.669476,23.790503]]]]}},{"type":"Feature","properties":{"adcode":350200,"name":"厦门市","center":[118.11022,24.490474],"centroid":[118.123854,24.676398],"childrenNum":6,"level":"city","parent":{"adcode":350000},"subFeatureIndex":1,"acroutes":[100000,350000],"footprintId":"xiamen","footprintName":"厦门","footprintNameEn":"Xiamen","firstVisit":2000},"geometry":{"type":"MultiPolygon","coordinates":[[[[118.049001,24.418318],[118.052219,24.445064],[118.064553,24.464005],[118.084687,24.529916],[118.098386,24.54807],[118.105942,24.551749],[118.121347,24.569852],[118.1505,24.5835],[118.162005,24.572175],[118.169416,24.559252],[118.205004,24.533208],[118.242883,24.512485],[118.289928,24.522702],[118.346868,24.530545],[118.363541,24.530206],[118.375485,24.536403],[118.373486,24.547586],[118.377435,24.561575],[118.363492,24.568158],[118.373828,24.575611],[118.355546,24.575805],[118.353109,24.585097],[118.34175,24.592404],[118.341213,24.607259],[118.331512,24.598259],[118.329611,24.605324],[118.337021,24.617274],[118.34448,24.620951],[118.346966,24.630578],[118.34331,24.64214],[118.350817,24.649105],[118.352134,24.66434],[118.338727,24.673771],[118.338825,24.68204],[118.322493,24.692388],[118.322006,24.69819],[118.336533,24.718399],[118.332389,24.72942],[118.322249,24.733239],[118.316887,24.74885],[118.33512,24.752475],[118.337021,24.771032],[118.344772,24.771708],[118.338045,24.780358],[118.334876,24.774559],[118.322591,24.783837],[118.325564,24.798234],[118.312012,24.804901],[118.301238,24.826106],[118.28437,24.832482],[118.263748,24.825285],[118.252097,24.831371],[118.243224,24.824947],[118.231817,24.825961],[118.224163,24.838422],[118.22582,24.850834],[118.197106,24.86643],[118.197252,24.879998],[118.204077,24.882122],[118.194961,24.892646],[118.176923,24.893225],[118.161567,24.897618],[118.150695,24.891681],[118.137923,24.89477],[118.12554,24.888494],[118.113547,24.874735],[118.109696,24.875218],[118.085564,24.863727],[118.077764,24.854262],[118.072548,24.86194],[118.071865,24.874397],[118.06582,24.875411],[118.059141,24.86643],[118.042127,24.883087],[118.036765,24.899694],[118.015802,24.901818],[118.009074,24.892791],[117.996984,24.899839],[117.990305,24.892839],[118.004638,24.88777],[118.014486,24.879708],[118.011707,24.87517],[117.996984,24.877246],[117.991475,24.866913],[117.999032,24.859912],[117.971146,24.848081],[117.957788,24.868169],[117.947404,24.871114],[117.936436,24.86643],[117.930195,24.875508],[117.917715,24.879515],[117.913035,24.870293],[117.924735,24.864258],[117.940384,24.844652],[117.956375,24.845087],[117.962956,24.841175],[117.959153,24.823981],[117.961298,24.788137],[117.955156,24.76562],[117.947892,24.76243],[117.941018,24.742519],[117.948379,24.711727],[117.955497,24.708488],[117.965394,24.671014],[117.957788,24.66613],[117.954717,24.64925],[117.930293,24.632659],[117.920689,24.614226],[117.892365,24.611565],[117.893389,24.597775],[117.886027,24.590178],[117.91362,24.568593],[117.908453,24.555331],[117.913133,24.546666],[117.91206,24.53345],[117.931268,24.526672],[117.937508,24.513405],[117.958568,24.501251],[117.962371,24.480377],[117.956813,24.45921],[117.964077,24.444046],[117.975046,24.434889],[117.985089,24.433533],[117.992499,24.423067],[118.005515,24.418609],[118.028477,24.420547],[118.049001,24.418318]]],[[[118.204467,24.504786],[118.201591,24.525558],[118.191695,24.536839],[118.170196,24.545892],[118.155619,24.547779],[118.142554,24.561623],[118.111695,24.555282],[118.100287,24.54807],[118.089074,24.53253],[118.075717,24.494664],[118.069038,24.467735],[118.070354,24.455189],[118.088928,24.431304],[118.106186,24.424423],[118.134608,24.419675],[118.143236,24.420838],[118.156545,24.434405],[118.19891,24.468268],[118.206807,24.481491],[118.204467,24.504786]]],[[[118.378849,24.555525],[118.383724,24.551604],[118.394888,24.554411],[118.385382,24.560075],[118.378849,24.555525]]],[[[118.071329,24.43518],[118.077618,24.438717],[118.074937,24.446856],[118.061823,24.453154],[118.056509,24.445112],[118.062505,24.437263],[118.071329,24.43518]]]]}},{"type":"Feature","geometry":{"type":"MultiPolygon","coordinates":[[[[117.032273,31.256607],[117.042235,31.252469],[117.055104,31.235386],[117.071358,31.236871],[117.079174,31.221643],[117.100147,31.190488],[117.109394,31.169571],[117.12212,31.148543],[117.121977,31.129264],[117.117163,31.12443],[117.122787,31.101798],[117.117306,31.08506],[117.13599,31.073155],[117.156248,31.072411],[117.175314,31.087451],[117.190566,31.0697],[117.212063,31.057315],[117.225409,31.03706],[117.229365,31.022331],[117.247049,31.011217],[117.277315,30.984728],[117.28518,30.98244],[117.298002,30.985526],[117.306343,30.999994],[117.314065,30.999835],[117.324789,30.989249],[117.337802,30.987653],[117.348907,30.992122],[117.356534,30.987919],[117.369498,30.963659],[117.365161,30.959029],[117.371453,30.950994],[117.383273,30.951899],[117.385466,30.964829],[117.412968,30.97728],[117.441567,30.967916],[117.44824,30.982706],[117.45925,30.988983],[117.494808,30.996005],[117.507534,31.003452],[117.493616,31.029988],[117.483941,31.035837],[117.485037,31.041952],[117.494427,31.046364],[117.51211,31.047162],[117.524169,31.066458],[117.528697,31.079267],[117.524217,31.095156],[117.512206,31.10658],[117.517401,31.114974],[117.527315,31.118055],[117.530842,31.137018],[117.552387,31.145197],[117.558774,31.159111],[117.555008,31.177216],[117.532463,31.19224],[117.525266,31.200573],[117.540328,31.205987],[117.555723,31.215062],[117.561395,31.233263],[117.573121,31.248066],[117.575409,31.255758],[117.57212,31.271034],[117.602673,31.275754],[117.6164,31.294156],[117.633845,31.297125],[117.647763,31.32077],[117.656104,31.34955],[117.677124,31.391459],[117.692901,31.407349],[117.697,31.431549],[117.705628,31.458707],[117.720642,31.467916],[117.740613,31.46437],[117.757105,31.471727],[117.768497,31.466011],[117.778459,31.4812],[117.795904,31.483423],[117.81559,31.479665],[117.830985,31.486016],[117.850146,31.483634],[117.890137,31.501254],[117.900146,31.504059],[117.917782,31.502366],[117.934226,31.488556],[117.945523,31.487815],[117.965399,31.498239],[117.952386,31.519823],[117.939565,31.525113],[117.952148,31.536961],[117.941662,31.540663],[117.92803,31.538441],[117.919784,31.54923],[117.908297,31.54685],[117.907248,31.556686],[117.913921,31.564987],[117.928268,31.568212],[117.935323,31.58053],[117.929603,31.587138],[117.936037,31.588935],[117.932129,31.604474],[117.937181,31.610446],[117.934608,31.618108],[117.941138,31.626932],[117.96273,31.627143],[117.960775,31.616681],[117.971929,31.620486],[117.973311,31.63845],[117.969021,31.642148],[117.963873,31.659368],[117.967639,31.662168],[117.949288,31.671357],[117.939183,31.671357],[117.941424,31.679067],[117.932272,31.681813],[117.913206,31.704042],[117.913063,31.715339],[117.92007,31.734129],[117.915256,31.75033],[117.924741,31.76141],[117.909441,31.767424],[117.905961,31.777553],[117.913445,31.787522],[117.901385,31.811782],[117.908011,31.832556],[117.913874,31.840885],[117.935751,31.855433],[117.94171,31.868873],[117.951862,31.906229],[117.929698,31.920819],[117.91516,31.922189],[117.900051,31.92914],[117.886562,31.926771],[117.868116,31.928982],[117.868592,31.945307],[117.865637,31.954311],[117.846428,31.962576],[117.844665,31.974526],[117.836085,31.979053],[117.82946,31.994789],[117.810918,32.002262],[117.832987,32.015259],[117.833416,32.03383],[117.842377,32.041773],[117.864207,32.047086],[117.885084,32.064125],[117.868259,32.075957],[117.866495,32.085841],[117.858059,32.093832],[117.868163,32.097354],[117.867019,32.106553],[117.851624,32.105975],[117.855342,32.123319],[117.872739,32.141028],[117.863921,32.195498],[117.847191,32.217445],[117.833225,32.221697],[117.819879,32.230516],[117.807391,32.221225],[117.791471,32.219755],[117.781605,32.231986],[117.770928,32.239177],[117.757439,32.240646],[117.741281,32.247154],[117.729126,32.245632],[117.712015,32.236553],[117.707487,32.243901],[117.697239,32.248781],[117.673216,32.250985],[117.672215,32.261061],[117.652434,32.260799],[117.631748,32.248886],[117.631986,32.256915],[117.622549,32.249988],[117.613921,32.250198],[117.605437,32.238914],[117.59395,32.239124],[117.576076,32.230726],[117.553864,32.215975],[117.498145,32.203532],[117.48232,32.212405],[117.46864,32.223482],[117.449098,32.233928],[117.435371,32.236762],[117.427268,32.242536],[117.425218,32.259539],[117.40825,32.26762],[117.395761,32.283727],[117.412587,32.319602],[117.423359,32.334546],[117.444903,32.343512],[117.44171,32.366524],[117.405342,32.375119],[117.392568,32.388115],[117.369546,32.382508],[117.359251,32.384971],[117.377315,32.398385],[117.382415,32.409177],[117.38232,32.43102],[117.39376,32.452805],[117.408297,32.468565],[117.394046,32.478302],[117.380938,32.464377],[117.365113,32.455895],[117.32722,32.441704],[117.30844,32.451234],[117.293045,32.443799],[117.28294,32.442751],[117.266877,32.451444],[117.244951,32.460136],[117.219546,32.463015],[117.209012,32.472544],[117.211586,32.476261],[117.209632,32.493953],[117.211205,32.516194],[117.2011,32.534035],[117.167115,32.534296],[117.157773,32.535866],[117.150766,32.526606],[117.139613,32.520432],[117.127649,32.524618],[117.115828,32.521949],[117.110681,32.527862],[117.09457,32.531995],[117.084847,32.530477],[117.07355,32.51656],[117.079603,32.511589],[117.074694,32.491754],[117.068116,32.482804],[117.070786,32.469141],[117.06702,32.461445],[117.047668,32.438824],[117.048336,32.430601],[117.039661,32.415987],[117.026601,32.413787],[117.009203,32.404567],[117.00458,32.386228],[117.017687,32.383084],[117.042282,32.38539],[117.045619,32.381145],[117.043712,32.347863],[117.037897,32.342148],[117.043331,32.332973],[117.052053,32.33549],[117.057297,32.32815],[117.047621,32.320179],[117.035705,32.29469],[117.038374,32.281156],[117.046238,32.276329],[117.05763,32.284146],[117.067354,32.280054],[117.072215,32.266256],[117.059727,32.23461],[117.047239,32.225162],[117.013636,32.2228],[117.003102,32.212458],[117.004389,32.202902],[117.025314,32.190877],[117.024456,32.177642],[117.019022,32.168923],[117.007392,32.16199],[116.983274,32.161937],[116.978412,32.152271],[116.985943,32.128206],[116.997573,32.117696],[117.010299,32.115015],[117.020309,32.095514],[117.02355,32.074432],[117.030557,32.064599],[117.047001,32.051767],[117.046715,32.041247],[117.040757,32.024256],[117.029937,32.006998],[117.020738,32.001052],[116.996572,31.993421],[116.996667,32.006419],[116.985562,32.013944],[116.971358,32.016311],[116.96254,32.013154],[116.957106,32.022362],[116.940423,32.027728],[116.923789,32.013523],[116.929175,31.998736],[116.937421,31.989474],[116.921024,31.980579],[116.879175,31.974315],[116.865352,31.96942],[116.859346,31.960523],[116.841424,31.94815],[116.831606,31.935881],[116.810157,31.921188],[116.790042,31.922557],[116.771072,31.911286],[116.764256,31.904227],[116.716067,31.884207],[116.714113,31.878938],[116.721596,31.87135],[116.724647,31.85828],[116.740567,31.857911],[116.732607,31.848371],[116.702006,31.832082],[116.692521,31.820272],[116.694809,31.809356],[116.714113,31.791847],[116.719785,31.779083],[116.728746,31.782406],[116.734752,31.77481],[116.731129,31.76542],[116.752101,31.765525],[116.758012,31.762465],[116.759442,31.7469],[116.752149,31.728746],[116.762254,31.711327],[116.763255,31.685879],[116.767926,31.672097],[116.757583,31.659157],[116.75315,31.647061],[116.754628,31.636918],[116.765638,31.618584],[116.766782,31.589358],[116.763255,31.58238],[116.767497,31.571331],[116.789756,31.550605],[116.792854,31.543941],[116.804485,31.539235],[116.806725,31.532624],[116.815733,31.531936],[116.829747,31.519083],[116.845476,31.526488],[116.879318,31.531672],[116.902054,31.528234],[116.934561,31.537754],[116.95253,31.532042],[116.966925,31.539816],[116.975457,31.540239],[116.987135,31.533787],[116.990662,31.537542],[116.990852,31.558536],[117.002101,31.56081],[117.006868,31.548013],[117.039613,31.538864],[117.055009,31.544735],[117.065971,31.553513],[117.112301,31.540081],[117.124265,31.54447],[117.132082,31.542884],[117.13375,31.551028],[117.144999,31.554835],[117.153817,31.545158],[117.187039,31.552085],[117.198288,31.551979],[117.220023,31.540239],[117.228316,31.544788],[117.242282,31.508185],[117.251386,31.502947],[117.250719,31.49681],[117.237277,31.490461],[117.184513,31.492842],[117.166448,31.490619],[117.149194,31.483317],[117.142473,31.472045],[117.113064,31.438485],[117.094379,31.408831],[117.074837,31.374401],[117.074074,31.360678],[117.081367,31.345947],[117.073693,31.335453],[117.070023,31.321724],[117.070786,31.301102],[117.063874,31.289436],[117.045809,31.282967],[117.045285,31.269018],[117.032273,31.256607]]]]},"properties":{"adcode":340100,"name":"合肥市","center":[117.283042,31.86119],"centroid":[117.360447,31.762594],"childrenNum":9,"level":"city","parent":{"adcode":340000},"subFeatureIndex":0,"acroutes":[100000,340000],"footprintId":"hefei","footprintName":"合肥","footprintNameEn":"Hefei","firstVisit":2000}},{"type":"Feature","properties":{"adcode":310000,"name":"上海市","center":[121.472644,31.231706],"centroid":[121.438737,31.072559],"childrenNum":16,"level":"province","parent":{"adcode":100000},"subFeatureIndex":8,"acroutes":[100000],"footprintId":"shanghai","footprintName":"上海","footprintNameEn":"Shanghai","firstVisit":2002},"geometry":{"type":"MultiPolygon","coordinates":[[[[120.901349,31.017327],[120.940153,31.010146],[120.949392,31.030148],[120.989428,31.01425],[121.000515,30.938309],[120.993124,30.889532],[121.020225,30.872069],[120.991892,30.837133],[121.038087,30.814007],[121.060261,30.845354],[121.097833,30.857171],[121.13787,30.826342],[121.123087,30.77905],[121.174826,30.771851],[121.21671,30.785734],[121.232108,30.755909],[121.272144,30.723504],[121.274608,30.677191],[121.362071,30.679764],[121.426129,30.730192],[121.517288,30.775451],[121.601056,30.805269],[121.681128,30.818633],[121.904714,30.814007],[121.943518,30.776993],[121.970004,30.789333],[121.954605,30.825828],[121.994025,30.862823],[121.990945,30.96859],[121.977395,31.016301],[121.946598,31.066039],[121.809859,31.196669],[121.722396,31.3036],[121.599208,31.37465],[121.520984,31.394575],[121.404571,31.479337],[121.343593,31.511996],[121.301093,31.49873],[121.301093,31.49873],[121.247507,31.476785],[121.241963,31.493117],[121.174826,31.44922],[121.143413,31.392021],[121.113848,31.37465],[121.130478,31.343987],[121.142797,31.275472],[121.090442,31.291838],[121.060261,31.245289],[121.076892,31.158267],[121.018377,31.134194],[120.930298,31.141365],[120.881023,31.134706],[120.859465,31.100379],[120.890878,31.094229],[120.901349,31.017327]]],[[[121.974931,31.61704],[121.715005,31.673592],[121.64294,31.697527],[121.599824,31.703128],[121.49881,31.753012],[121.431673,31.769295],[121.384861,31.833382],[121.323267,31.868458],[121.265369,31.863883],[121.200079,31.834907],[121.118775,31.759119],[121.145261,31.75403],[121.289391,31.61653],[121.371926,31.553314],[121.395332,31.585437],[121.434136,31.590535],[121.547469,31.531382],[121.625693,31.501792],[121.682976,31.491075],[121.819098,31.437987],[121.890547,31.428795],[121.981706,31.464024],[121.995873,31.493117],[121.974931,31.61704]]],[[[121.795693,31.330186],[121.792613,31.363408],[121.742106,31.407345],[121.585657,31.454836],[121.567179,31.48342],[121.520984,31.494137],[121.509897,31.4824],[121.572107,31.435944],[121.727939,31.35472],[121.76428,31.31536],[121.785222,31.31127],[121.795693,31.330186]]],[[[121.801852,31.356765],[121.8037,31.328652],[121.840656,31.295418],[121.932431,31.283144],[122.016199,31.282121],[122.097503,31.255522],[122.122756,31.307179],[122.116597,31.320984],[122.040837,31.324051],[121.951525,31.337343],[121.845584,31.37465],[121.792613,31.377715],[121.801852,31.356765]]],[[[121.626925,31.445135],[121.631853,31.456878],[121.579498,31.479848],[121.626925,31.445135]]],[[[121.943518,31.215608],[121.959533,31.159291],[121.995873,31.160828],[122.008808,31.221238],[121.950909,31.228915],[121.943518,31.215608]]],[[[121.88254,31.240684],[121.909026,31.195133],[121.923808,31.234032],[121.88254,31.240684]]]]}},{"type":"Feature","properties":{"adcode":320100,"name":"南京市","center":[118.767413,32.041544],"centroid":[118.847868,31.927726],"childrenNum":11,"level":"city","parent":{"adcode":320000},"subFeatureIndex":0,"acroutes":[100000,320000],"footprintId":"nanjing","footprintName":"南京","footprintNameEn":"Nanjing","firstVisit":2002},"geometry":{"type":"MultiPolygon","coordinates":[[[[119.067452,32.462398],[119.062793,32.484576],[119.050502,32.492919],[119.043318,32.502841],[119.041409,32.514782],[119.01924,32.517986],[119.00751,32.514079],[118.997463,32.503895],[118.97984,32.503851],[118.967942,32.514562],[118.964799,32.526721],[118.940609,32.547785],[118.936568,32.557526],[118.919786,32.557263],[118.914005,32.548839],[118.887907,32.55485],[118.898627,32.560466],[118.896382,32.577268],[118.909347,32.586874],[118.901995,32.589023],[118.885101,32.586348],[118.884203,32.580426],[118.874998,32.58297],[118.872641,32.576084],[118.855972,32.574373],[118.848507,32.568187],[118.842502,32.572969],[118.827011,32.572662],[118.827573,32.581172],[118.820501,32.582532],[118.824654,32.589637],[118.824542,32.602531],[118.820501,32.604241],[118.805291,32.593453],[118.801811,32.58433],[118.784749,32.582444],[118.774815,32.587663],[118.775769,32.597751],[118.757528,32.603978],[118.743273,32.597751],[118.740691,32.589374],[118.725986,32.596523],[118.725312,32.608232],[118.69798,32.60639],[118.700842,32.588541],[118.689561,32.588541],[118.668794,32.5949],[118.658411,32.594812],[118.641237,32.587093],[118.633043,32.578979],[118.623838,32.592444],[118.601781,32.597356],[118.598077,32.601347],[118.569509,32.586435],[118.563728,32.564371],[118.56805,32.558755],[118.584663,32.549014],[118.598975,32.54467],[118.608853,32.537034],[118.604812,32.52299],[118.614465,32.5204],[118.617496,32.512411],[118.608011,32.501744],[118.592464,32.500207],[118.592127,32.482029],[118.59673,32.476628],[118.608067,32.475837],[118.608572,32.470567],[118.628104,32.467669],[118.643426,32.47048],[118.647691,32.47654],[118.672892,32.469865],[118.68928,32.47351],[118.692648,32.465122],[118.687091,32.431297],[118.688887,32.418202],[118.685744,32.404975],[118.678672,32.393943],[118.690178,32.378293],[118.698878,32.383085],[118.696071,32.367961],[118.702021,32.357936],[118.692928,32.351692],[118.699832,32.349757],[118.697531,32.342632],[118.707914,32.33841],[118.703199,32.328954],[118.687652,32.330009],[118.683948,32.324071],[118.696352,32.317736],[118.678448,32.316549],[118.660263,32.305418],[118.659983,32.296354],[118.667335,32.296354],[118.670759,32.285617],[118.659253,32.266119],[118.667447,32.257535],[118.675137,32.255862],[118.667504,32.235918],[118.644099,32.20998],[118.626588,32.202536],[118.619629,32.205443],[118.598357,32.199497],[118.580902,32.19866],[118.575627,32.202536],[118.561708,32.196898],[118.551717,32.199629],[118.539594,32.192449],[118.532354,32.195797],[118.521859,32.188219],[118.509848,32.194299],[118.50648,32.182096],[118.495592,32.177073],[118.495648,32.165176],[118.507435,32.137895],[118.500587,32.14173],[118.494694,32.130974],[118.500812,32.121584],[118.489474,32.120746],[118.472974,32.114839],[118.473647,32.11065],[118.462871,32.10064],[118.441095,32.092041],[118.433518,32.086661],[118.405455,32.080794],[118.393276,32.062665],[118.385025,32.060768],[118.394342,32.048414],[118.38598,32.033147],[118.401526,32.018671],[118.389628,32.01205],[118.390975,31.989536],[118.387158,31.983267],[118.376719,31.981721],[118.379974,31.968341],[118.368974,31.956196],[118.369198,31.94299],[118.364371,31.930178],[118.375316,31.925319],[118.386036,31.914803],[118.402986,31.914007],[118.41595,31.901457],[118.44014,31.892707],[118.452263,31.884663],[118.4723,31.879623],[118.467081,31.868881],[118.466744,31.858005],[118.475443,31.850312],[118.490597,31.843148],[118.504741,31.841733],[118.486107,31.795421],[118.482178,31.778342],[118.502608,31.778342],[118.510746,31.765641],[118.523599,31.762011],[118.533869,31.767234],[118.53965,31.761569],[118.538696,31.749352],[118.529379,31.748555],[118.529772,31.742358],[118.55312,31.729032],[118.571698,31.746253],[118.57529,31.740941],[118.593082,31.744438],[118.600995,31.754133],[118.609358,31.757187],[118.619068,31.75006],[118.627037,31.759444],[118.641686,31.758249],[118.648365,31.748821],[118.641686,31.743996],[118.652125,31.73979],[118.653977,31.730139],[118.677269,31.728589],[118.684902,31.724914],[118.687372,31.716147],[118.697699,31.709416],[118.680749,31.696616],[118.674407,31.696483],[118.671432,31.688201],[118.654931,31.67562],[118.646962,31.679873],[118.643257,31.671367],[118.647972,31.65936],[118.643594,31.649656],[118.65785,31.641103],[118.673846,31.640527],[118.685127,31.636139],[118.694949,31.639729],[118.71695,31.639463],[118.719419,31.627452],[118.72868,31.634233],[118.735976,31.633436],[118.7394,31.651074],[118.745125,31.656524],[118.748099,31.675753],[118.760503,31.680271],[118.768304,31.677481],[118.774141,31.682619],[118.799005,31.666361],[118.782953,31.656258],[118.789576,31.646554],[118.79603,31.628294],[118.802765,31.619473],[118.814495,31.619252],[118.819547,31.628516],[118.832848,31.630377],[118.858554,31.62395],[118.868768,31.611139],[118.870789,31.599346],[118.862258,31.595001],[118.877299,31.589902],[118.873315,31.578417],[118.881958,31.565156],[118.875111,31.551982],[118.873539,31.532062],[118.886279,31.527669],[118.883193,31.496471],[118.870508,31.463042],[118.866074,31.44488],[118.86961,31.421561],[118.851145,31.392549],[118.847385,31.393927],[118.829481,31.377529],[118.80024,31.368995],[118.784525,31.368595],[118.767575,31.363973],[118.770886,31.376951],[118.765386,31.387928],[118.75461,31.385084],[118.745742,31.372684],[118.735078,31.344769],[118.721103,31.32267],[118.719588,31.294784],[118.704434,31.302791],[118.707914,31.296786],[118.726603,31.28224],[118.761401,31.277702],[118.778575,31.261684],[118.781382,31.239833],[118.79575,31.229373],[118.806357,31.229507],[118.819491,31.236005],[118.831277,31.229462],[118.840481,31.236361],[118.869666,31.242237],[118.891219,31.237964],[118.915184,31.244195],[118.92495,31.2397],[118.984218,31.237474],[118.986463,31.231154],[119.0033,31.233735],[119.014526,31.241524],[119.048818,31.233557],[119.062344,31.238498],[119.073794,31.23289],[119.083728,31.239744],[119.10528,31.235293],[119.10702,31.250603],[119.120041,31.261684],[119.13222,31.262752],[119.140695,31.276011],[119.149787,31.276945],[119.15815,31.294784],[119.176222,31.293939],[119.181105,31.300478],[119.195361,31.309373],[119.193172,31.318935],[119.198336,31.330674],[119.218035,31.348859],[119.214107,31.355883],[119.204509,31.357838],[119.2003,31.368817],[119.190085,31.379084],[119.174089,31.380906],[119.169207,31.394015],[119.169207,31.421739],[119.164155,31.441105],[119.155568,31.438618],[119.140919,31.444969],[119.141481,31.451674],[119.152481,31.464374],[119.156017,31.480135],[119.149114,31.483998],[119.152986,31.493186],[119.1664,31.493453],[119.183518,31.500199],[119.199458,31.524519],[119.198616,31.530021],[119.180656,31.526959],[119.181105,31.538096],[119.189075,31.55176],[119.197662,31.551849],[119.21579,31.570389],[119.216239,31.585423],[119.221852,31.59478],[119.234087,31.627053],[119.232516,31.632283],[119.212423,31.627718],[119.204734,31.646642],[119.187335,31.649168],[119.192274,31.659847],[119.186605,31.677658],[119.190422,31.687049],[119.186437,31.694136],[119.157701,31.699362],[119.138674,31.722125],[119.129245,31.723586],[119.12498,31.735806],[119.114428,31.740233],[119.105392,31.751344],[119.093999,31.756036],[119.089902,31.769624],[119.077835,31.773916],[119.077105,31.783962],[119.065768,31.78197],[119.055665,31.788962],[119.029679,31.784714],[119.021541,31.778607],[119.00504,31.777766],[118.998867,31.76719],[118.980458,31.764667],[118.982534,31.782988],[119.002908,31.783431],[119.006387,31.798607],[118.998137,31.80166],[118.986407,31.81785],[118.970411,31.826077],[118.969457,31.834613],[118.979672,31.842352],[119.003357,31.845757],[119.025919,31.846376],[119.032822,31.853761],[119.043374,31.854424],[119.069753,31.868793],[119.075421,31.864195],[119.092427,31.860437],[119.100341,31.865787],[119.107806,31.885149],[119.116449,31.890497],[119.111173,31.901634],[119.108423,31.922977],[119.104157,31.933624],[119.06762,31.940207],[119.051512,31.935922],[119.037537,31.93897],[119.029455,31.950013],[119.02923,31.95708],[119.046854,31.968562],[119.06487,31.97342],[119.073738,31.969622],[119.090126,31.974126],[119.102979,31.965603],[119.111061,31.96949],[119.113923,31.979823],[119.121107,31.977571],[119.121612,31.984812],[119.114204,31.988212],[119.112464,32.000441],[119.10281,32.004899],[119.092371,32.004105],[119.097928,32.011256],[119.092652,32.037604],[119.08659,32.053224],[119.098489,32.07162],[119.098882,32.091027],[119.089733,32.089704],[119.079799,32.107343],[119.069248,32.107916],[119.057686,32.102228],[119.049772,32.109768],[119.026649,32.115941],[119.008913,32.115941],[119.00925,32.12467],[119.022383,32.130886],[119.031756,32.14865],[119.039333,32.157023],[119.058472,32.15645],[119.047976,32.161254],[119.076039,32.161695],[119.078677,32.178747],[119.086871,32.178527],[119.121332,32.187603],[119.13671,32.193374],[119.154446,32.186193],[119.184529,32.189629],[119.191095,32.1854],[119.216239,32.190686],[119.221403,32.201127],[119.241664,32.216278],[119.229036,32.222179],[119.177232,32.238912],[119.153772,32.243668],[119.132332,32.245164],[119.086029,32.241158],[119.074748,32.248951],[119.056563,32.25168],[119.037088,32.259868],[119.041073,32.271709],[119.039838,32.303746],[119.035572,32.308718],[119.035853,32.325435],[119.041971,32.333264],[119.028445,32.345095],[119.027322,32.35134],[119.043823,32.365191],[119.02171,32.375436],[119.022551,32.380447],[119.038435,32.38159],[119.037425,32.388844],[119.02749,32.388316],[119.017556,32.399261],[119.016434,32.413193],[119.029455,32.428836],[119.022495,32.440303],[119.02373,32.456073],[119.035909,32.452428],[119.047022,32.462882],[119.067452,32.462398]]],[[[118.86585,31.518972],[118.856421,31.522256],[118.846262,31.50912],[118.846711,31.50304],[118.855691,31.504726],[118.86585,31.518972]]]]}},{"type":"Feature","properties":{"adcode":330100,"name":"杭州市","center":[120.153576,30.287459],"centroid":[119.476498,29.898918],"childrenNum":13,"level":"city","parent":{"adcode":330000},"subFeatureIndex":0,"acroutes":[100000,330000],"footprintId":"hangzhou","footprintName":"杭州","footprintNameEn":"Hangzhou","firstVisit":2002},"geometry":{"type":"MultiPolygon","coordinates":[[[[120.721941,30.286334],[120.710868,30.297542],[120.706045,30.309444],[120.704126,30.330791],[120.70388,30.365867],[120.692955,30.377965],[120.658998,30.385607],[120.633899,30.389449],[120.567856,30.387855],[120.498761,30.38904],[120.460227,30.382665],[120.43882,30.373388],[120.413771,30.318319],[120.378091,30.344937],[120.388524,30.370118],[120.400926,30.377025],[120.398318,30.38479],[120.362835,30.374695],[120.342953,30.37163],[120.318642,30.380621],[120.315689,30.394311],[120.306388,30.396232],[120.322038,30.404731],[120.332963,30.417314],[120.330749,30.427282],[120.340345,30.433899],[120.337245,30.464324],[120.341379,30.472286],[120.329174,30.468407],[120.326123,30.500414],[120.317707,30.521596],[120.299892,30.5198],[120.285817,30.507802],[120.277451,30.504822],[120.25191,30.506536],[120.239262,30.50523],[120.224597,30.509761],[120.205404,30.505843],[120.201762,30.514413],[120.195659,30.503598],[120.185079,30.502618],[120.185915,30.494618],[120.173809,30.492046],[120.180551,30.482534],[120.175039,30.476818],[120.149793,30.467509],[120.146004,30.482697],[120.11121,30.476206],[120.096742,30.48678],[120.099252,30.495801],[120.068297,30.496618],[120.065836,30.483595],[120.059488,30.47343],[120.059242,30.459016],[120.0681,30.445948],[120.062145,30.434634],[120.064754,30.4301],[120.046102,30.427445],[120.041525,30.433368],[120.013818,30.435614],[120.00368,30.444273],[119.982962,30.445294],[119.965048,30.431571],[119.955895,30.433654],[119.950728,30.444232],[119.934979,30.446764],[119.931436,30.456443],[119.921544,30.462528],[119.90934,30.456321],[119.90304,30.459424],[119.890048,30.457056],[119.872578,30.462487],[119.880796,30.476206],[119.867115,30.477757],[119.854123,30.493964],[119.851121,30.502006],[119.836013,30.496577],[119.815884,30.510659],[119.794182,30.505638],[119.784044,30.511026],[119.766376,30.514087],[119.768936,30.551341],[119.743246,30.550158],[119.729073,30.551749],[119.71175,30.566516],[119.69241,30.556155],[119.695018,30.542325],[119.70486,30.525963],[119.709191,30.508822],[119.704713,30.494577],[119.708896,30.487964],[119.701711,30.467999],[119.695362,30.464488],[119.694919,30.452727],[119.709191,30.434062],[119.686012,30.417559],[119.681091,30.408735],[119.668099,30.399501],[119.6555,30.40518],[119.646691,30.39378],[119.633256,30.395292],[119.63739,30.410369],[119.631829,30.424667],[119.642951,30.428507],[119.650579,30.440352],[119.635569,30.441782],[119.627941,30.431775],[119.594968,30.421644],[119.581779,30.423646],[119.572823,30.431326],[119.565933,30.443375],[119.55176,30.43978],[119.535273,30.424055],[119.533452,30.409429],[119.513127,30.401666],[119.490391,30.408203],[119.467015,30.408122],[119.450234,30.410818],[119.441031,30.392472],[119.435716,30.391492],[119.418147,30.376085],[119.403038,30.373347],[119.399987,30.367788],[119.386159,30.363905],[119.375627,30.354789],[119.349446,30.349148],[119.342654,30.363169],[119.326562,30.371753],[119.300676,30.363701],[119.289455,30.349639],[119.278136,30.341585],[119.265046,30.338069],[119.247132,30.340808],[119.239997,30.327029],[119.245902,30.321631],[119.233747,30.293411],[119.225479,30.288789],[119.222624,30.299628],[119.205695,30.301551],[119.201069,30.291039],[119.188225,30.291652],[119.156729,30.299547],[119.151266,30.304577],[119.12853,30.3047],[119.11101,30.311285],[119.090242,30.324003],[119.073411,30.315865],[119.062978,30.304945],[119.050823,30.306745],[119.048313,30.312675],[119.028775,30.312593],[119.004464,30.328951],[118.988027,30.333489],[118.988126,30.348698],[118.975724,30.347145],[118.969031,30.351356],[118.959385,30.347267],[118.955399,30.359204],[118.936452,30.350824],[118.936354,30.34506],[118.917899,30.332467],[118.908401,30.330872],[118.899789,30.322572],[118.879857,30.314884],[118.881826,30.298524],[118.878086,30.282734],[118.8897,30.254258],[118.882417,30.247465],[118.892554,30.243249],[118.903184,30.217913],[118.924986,30.213861],[118.929858,30.20338],[118.920655,30.198999],[118.910812,30.187493],[118.864405,30.168983],[118.85284,30.166566],[118.845704,30.156122],[118.856383,30.148216],[118.865733,30.151493],[118.877348,30.147396],[118.896787,30.148093],[118.89595,30.138793],[118.888125,30.127239],[118.887239,30.117446],[118.871639,30.113021],[118.868883,30.101464],[118.872918,30.094619],[118.875478,30.072033],[118.878824,30.064653],[118.888125,30.062357],[118.897328,30.049646],[118.890586,30.04128],[118.902594,30.029059],[118.898017,30.017246],[118.89034,30.012037],[118.895015,30.000386],[118.892062,29.994806],[118.899493,29.98143],[118.891521,29.959885],[118.894867,29.939197],[118.88468,29.93891],[118.871983,29.946873],[118.863913,29.93698],[118.848263,29.941249],[118.838716,29.934476],[118.844916,29.915261],[118.845507,29.899082],[118.841324,29.891319],[118.807712,29.86766],[118.802593,29.860676],[118.778725,29.841899],[118.766963,29.848925],[118.755595,29.845432],[118.750969,29.831625],[118.76593,29.823077],[118.75781,29.816747],[118.745999,29.818186],[118.739946,29.813295],[118.736501,29.788465],[118.744325,29.779626],[118.74905,29.761121],[118.744719,29.738788],[118.72464,29.722621],[118.718686,29.709167],[118.700821,29.706452],[118.691668,29.693942],[118.682908,29.688345],[118.682367,29.681061],[118.673902,29.669083],[118.647327,29.643394],[118.640929,29.641912],[118.633498,29.648788],[118.620014,29.654099],[118.602051,29.643683],[118.573902,29.638371],[118.555053,29.613416],[118.549886,29.613416],[118.53522,29.590638],[118.515486,29.583305],[118.499689,29.573623],[118.494915,29.553721],[118.497868,29.543995],[118.495899,29.519553],[118.470407,29.507473],[118.459826,29.505577],[118.44895,29.51341],[118.430594,29.503721],[118.414994,29.509741],[118.393045,29.507308],[118.383005,29.510153],[118.379806,29.502567],[118.358694,29.477083],[118.344964,29.475681],[118.345751,29.465123],[118.352543,29.45279],[118.366371,29.45015],[118.372917,29.437815],[118.384137,29.433276],[118.390289,29.423951],[118.402051,29.425189],[118.413173,29.420568],[118.405397,29.408147],[118.425771,29.397623],[118.423655,29.387345],[118.441224,29.375911],[118.448754,29.37525],[118.456234,29.365879],[118.470112,29.360098],[118.479167,29.366539],[118.488813,29.367241],[118.505742,29.359273],[118.517504,29.363484],[118.524344,29.36142],[118.519079,29.344366],[118.528577,29.345275],[118.55151,29.335694],[118.571687,29.338337],[118.589059,29.327888],[118.596047,29.330821],[118.603823,29.323552],[118.603478,29.316447],[118.617209,29.303146],[118.614404,29.296577],[118.634138,29.272984],[118.63276,29.263149],[118.619177,29.276786],[118.610614,29.279472],[118.606677,29.267116],[118.615437,29.25075],[118.607612,29.239713],[118.620112,29.219291],[118.631825,29.219622],[118.633646,29.205605],[118.626855,29.19568],[118.638321,29.192165],[118.670162,29.200518],[118.68463,29.202545],[118.708843,29.188774],[118.743735,29.213668],[118.753036,29.213875],[118.765438,29.220614],[118.767259,29.234133],[118.763912,29.248311],[118.774985,29.250998],[118.784778,29.259099],[118.786402,29.266744],[118.793637,29.267943],[118.816865,29.281703],[118.82656,29.280298],[118.828775,29.287446],[118.855743,29.303311],[118.860664,29.31496],[118.878332,29.326567],[118.886354,29.322354],[118.900428,29.332638],[118.927053,29.310375],[118.94408,29.306286],[118.948017,29.301122],[118.962092,29.296164],[118.961895,29.290215],[118.949641,29.281744],[118.963322,29.267653],[118.966816,29.269348],[118.988224,29.243558],[118.984828,29.239465],[118.987141,29.226071],[118.998903,29.216355],[119.003234,29.207714],[119.013076,29.212386],[119.030596,29.215074],[119.062929,29.226278],[119.075675,29.224004],[119.085222,29.230578],[119.106384,29.227518],[119.12351,29.236737],[119.132565,29.235456],[119.12912,29.227063],[119.138126,29.220242],[119.151758,29.22789],[119.170459,29.217596],[119.177693,29.207259],[119.189504,29.205191],[119.194918,29.216314],[119.189504,29.227105],[119.201709,29.229379],[119.204465,29.223549],[119.213668,29.225203],[119.210272,29.23066],[119.2148,29.246947],[119.200922,29.257487],[119.192211,29.258479],[119.20038,29.272158],[119.200282,29.29038],[119.208156,29.284389],[119.228727,29.284182],[119.227103,29.276827],[119.239308,29.258933],[119.237782,29.250708],[119.260912,29.247815],[119.270656,29.251659],[119.288077,29.268852],[119.286011,29.279348],[119.318294,29.279885],[119.322625,29.296164],[119.328629,29.299263],[119.3242,29.307979],[119.348806,29.319504],[119.344278,29.324378],[119.348462,29.336231],[119.333058,29.355061],[119.340145,29.38235],[119.328629,29.393413],[119.337093,29.411159],[119.346395,29.408724],[119.360223,29.416276],[119.368294,29.415699],[119.378137,29.42981],[119.388521,29.429728],[119.39354,29.411242],[119.399938,29.411242],[119.404761,29.400677],[119.426759,29.405547],[119.43232,29.415162],[119.427793,29.422177],[119.437143,29.424116],[119.443147,29.404556],[119.451365,29.397292],[119.451858,29.385611],[119.457566,29.370379],[119.45481,29.365259],[119.461454,29.350932],[119.471493,29.349033],[119.480204,29.332968],[119.49231,29.331069],[119.500037,29.335735],[119.510421,29.333464],[119.522724,29.350024],[119.523905,29.366003],[119.536061,29.373145],[119.545411,29.367365],[119.558551,29.372154],[119.574594,29.372773],[119.582075,29.379131],[119.592901,29.377686],[119.604565,29.369636],[119.616277,29.368273],[119.617606,29.380369],[119.606238,29.388088],[119.625529,29.410499],[119.624939,29.417762],[119.642508,29.432946],[119.664408,29.424075],[119.673413,29.425024],[119.676317,29.419206],[119.688916,29.421764],[119.691179,29.438763],[119.707272,29.433235],[119.715835,29.448995],[119.707124,29.464215],[119.70678,29.472382],[119.719575,29.491146],[119.718837,29.505288],[119.726908,29.511555],[119.735422,29.510936],[119.74492,29.516419],[119.722626,29.542759],[119.741081,29.551908],[119.750678,29.550713],[119.764211,29.557347],[119.761652,29.566536],[119.769182,29.579556],[119.764949,29.594675],[119.779319,29.603984],[119.776514,29.626841],[119.79118,29.654963],[119.817607,29.673076],[119.824448,29.671841],[119.835422,29.678138],[119.852499,29.668877],[119.859536,29.671347],[119.879271,29.66793],[119.895708,29.660644],[119.911702,29.66649],[119.921249,29.66402],[119.924792,29.669906],[119.936161,29.666531],[119.973119,29.674804],[119.973464,29.68995],[119.967411,29.694889],[119.951269,29.699292],[119.937735,29.70748],[119.933454,29.699415],[119.922529,29.697769],[119.914655,29.704682],[119.912489,29.720399],[119.901367,29.728627],[119.900481,29.74467],[119.889064,29.753102],[119.890343,29.762931],[119.904369,29.754582],[119.913572,29.755857],[119.927204,29.744423],[119.944576,29.755528],[119.960275,29.755158],[119.973119,29.765809],[119.991968,29.753143],[120.010915,29.757214],[120.011505,29.761491],[120.030059,29.770538],[120.030059,29.78275],[120.036604,29.788548],[120.030059,29.806307],[120.038425,29.82283],[120.065639,29.822049],[120.074252,29.82731],[120.095807,29.816583],[120.102746,29.823981],[120.101122,29.830269],[120.109931,29.845967],[120.131289,29.858827],[120.144773,29.874109],[120.150285,29.887582],[120.150039,29.905036],[120.159587,29.906227],[120.166329,29.917273],[120.17627,29.913578],[120.185079,29.904502],[120.204813,29.924048],[120.200433,29.929467],[120.221004,29.942235],[120.250729,29.936693],[120.255207,29.94363],[120.264754,29.930986],[120.265296,29.924499],[120.2744,29.919531],[120.284144,29.922159],[120.291034,29.935666],[120.312048,29.927702],[120.325188,29.93854],[120.326073,29.946216],[120.340493,29.956068],[120.346447,29.973797],[120.360473,29.973674],[120.364312,29.978516],[120.360473,29.98857],[120.362835,29.99776],[120.35693,30.011708],[120.345808,30.019707],[120.343593,30.034924],[120.331831,30.037918],[120.324941,30.048621],[120.33818,30.060881],[120.338623,30.070229],[120.333701,30.09548],[120.313327,30.107078],[120.299302,30.097365],[120.286851,30.106791],[120.300286,30.118348],[120.303731,30.126666],[120.297825,30.128182],[120.312245,30.1374],[120.318002,30.12601],[120.327993,30.125191],[120.339607,30.142112],[120.353386,30.142194],[120.352008,30.150674],[120.358751,30.147847],[120.37317,30.155507],[120.387835,30.156163],[120.399007,30.136335],[120.411359,30.132607],[120.410867,30.149527],[120.420956,30.152763],[120.426074,30.144283],[120.422875,30.135884],[120.429617,30.132443],[120.44694,30.135434],[120.452304,30.15137],[120.459243,30.151165],[120.46131,30.168041],[120.484096,30.172218],[120.498072,30.169187],[120.506143,30.159767],[120.518495,30.155384],[120.529371,30.157514],[120.550927,30.15563],[120.563427,30.147929],[120.568348,30.151329],[120.593496,30.146782],[120.609145,30.152845],[120.612787,30.16628],[120.642708,30.217258],[120.669037,30.23314],[120.693939,30.262032],[120.721941,30.286334]]]]}},{"type":"Feature","properties":{"adcode":440100,"name":"广州市","center":[113.280637,23.125178],"centroid":[113.544372,23.329249],"childrenNum":11,"level":"city","parent":{"adcode":440000},"subFeatureIndex":0,"acroutes":[100000,440000],"footprintId":"guangzhou","footprintName":"广州","footprintNameEn":"Guangzhou","firstVisit":2002},"geometry":{"type":"MultiPolygon","coordinates":[[[[113.365116,22.772595],[113.412172,22.742849],[113.42612,22.738014],[113.447808,22.735836],[113.467964,22.728504],[113.464822,22.72096],[113.491875,22.699811],[113.523373,22.679297],[113.540693,22.666222],[113.533106,22.656388],[113.536861,22.647511],[113.561615,22.607528],[113.578552,22.604603],[113.589971,22.59519],[113.599628,22.594393],[113.62078,22.579554],[113.639326,22.548276],[113.651588,22.515715],[113.692052,22.515129],[113.728149,22.521993],[113.740487,22.534284],[113.716883,22.645172],[113.685308,22.717719],[113.678181,22.726113],[113.648139,22.761759],[113.612119,22.802281],[113.58407,22.831325],[113.571195,22.853143],[113.575104,22.888331],[113.564298,22.906903],[113.550503,22.936189],[113.541766,22.959369],[113.529198,22.982599],[113.52299,23.011338],[113.522913,23.037262],[113.531957,23.050938],[113.543759,23.06228],[113.54897,23.076006],[113.556327,23.081252],[113.586446,23.08777],[113.60139,23.0954],[113.610433,23.103772],[113.640245,23.103878],[113.642698,23.113467],[113.651281,23.119295],[113.661244,23.117971],[113.662011,23.111454],[113.670671,23.116434],[113.687837,23.119772],[113.71696,23.138895],[113.738572,23.141331],[113.754052,23.129572],[113.777427,23.131108],[113.791298,23.127665],[113.814673,23.127771],[113.841113,23.116169],[113.844715,23.125599],[113.849849,23.148853],[113.858739,23.157221],[113.874757,23.165377],[113.895679,23.164529],[113.902116,23.177186],[113.889011,23.178616],[113.8838,23.191694],[113.893993,23.21266],[113.903802,23.212554],[113.890084,23.242144],[113.895142,23.253523],[113.877209,23.264213],[113.890314,23.282681],[113.888475,23.290512],[113.894989,23.314689],[113.889394,23.334154],[113.895985,23.34505],[113.927483,23.339972],[113.939285,23.342934],[113.958905,23.33262],[113.958445,23.314953],[113.977451,23.304849],[113.978217,23.30104],[113.996687,23.297443],[113.996151,23.309346],[113.984195,23.330505],[113.993928,23.333149],[114.000902,23.346636],[113.990556,23.354833],[113.982049,23.379369],[113.995997,23.386771],[114.000442,23.39338],[113.986801,23.405591],[113.984195,23.421238],[113.98795,23.431439],[113.975382,23.429378],[113.960054,23.43276],[113.952774,23.442907],[113.955456,23.466053],[113.974462,23.46489],[113.981743,23.472129],[113.974156,23.478839],[113.96105,23.480371],[113.938749,23.476726],[113.931162,23.483066],[113.940895,23.483594],[113.946643,23.492522],[113.929936,23.494213],[113.923115,23.503088],[113.911543,23.504144],[113.906408,23.511856],[113.89315,23.520254],[113.888168,23.535095],[113.871384,23.541327],[113.862495,23.566303],[113.852838,23.570579],[113.864027,23.587368],[113.858356,23.593491],[113.859582,23.60996],[113.843565,23.617877],[113.834215,23.61756],[113.832223,23.624263],[113.817432,23.623471],[113.816742,23.63582],[113.825555,23.639883],[113.827778,23.648009],[113.818811,23.656188],[113.839963,23.655449],[113.847857,23.679348],[113.881884,23.685151],[113.897595,23.700184],[113.900967,23.715426],[113.912386,23.716534],[113.920049,23.729454],[113.93645,23.732143],[113.940282,23.738155],[113.955916,23.732671],[113.96105,23.738207],[113.972853,23.739262],[113.976071,23.757716],[113.998756,23.762988],[114.013087,23.777959],[114.017686,23.778276],[114.009945,23.762988],[114.018222,23.76283],[114.02489,23.752549],[114.027419,23.760141],[114.038454,23.771212],[114.05999,23.775851],[114.056311,23.784021],[114.037228,23.793509],[114.047728,23.803312],[114.035312,23.813378],[114.040294,23.824444],[114.052249,23.830029],[114.057767,23.846784],[114.050487,23.85474],[114.047728,23.867488],[114.041827,23.871491],[114.04267,23.889874],[114.036232,23.901776],[114.031327,23.906305],[114.033856,23.91889],[114.017992,23.925261],[114.008413,23.933001],[113.984502,23.926157],[113.982126,23.929684],[113.952697,23.929632],[113.941201,23.923577],[113.93645,23.928737],[113.907787,23.924577],[113.892536,23.931685],[113.887478,23.923998],[113.879815,23.930369],[113.865177,23.928947],[113.851152,23.920312],[113.841496,23.918732],[113.807315,23.900407],[113.800265,23.902566],[113.791605,23.903882],[113.781105,23.896299],[113.775358,23.877918],[113.767081,23.871439],[113.758191,23.857479],[113.749071,23.854371],[113.742327,23.859165],[113.733667,23.855003],[113.713511,23.862484],[113.709756,23.856267],[113.718033,23.843887],[113.714814,23.834982],[113.720178,23.825129],[113.706384,23.815275],[113.687378,23.825709],[113.684312,23.812956],[113.666379,23.813694],[113.651664,23.820123],[113.640245,23.814274],[113.633731,23.797198],[113.615185,23.779804],[113.626144,23.767416],[113.636414,23.750229],[113.630742,23.738946],[113.63649,23.731985],[113.631662,23.727872],[113.628137,23.711682],[113.638176,23.704562],[113.622619,23.699446],[113.623845,23.694699],[113.61166,23.686206],[113.615721,23.680192],[113.597252,23.664946],[113.587212,23.669008],[113.587289,23.675234],[113.568053,23.679454],[113.568053,23.690215],[113.55878,23.700712],[113.546901,23.702558],[113.545445,23.696387],[113.527052,23.686153],[113.510268,23.682461],[113.481069,23.684043],[113.468731,23.691006],[113.464286,23.70799],[113.443823,23.715901],[113.438459,23.727134],[113.404278,23.723495],[113.397841,23.730562],[113.378375,23.731511],[113.372397,23.709731],[113.366343,23.710311],[113.347413,23.667215],[113.338447,23.665737],[113.334845,23.656399],[113.327947,23.655502],[113.32833,23.645371],[113.31101,23.643313],[113.289245,23.644368],[113.299438,23.637456],[113.290548,23.617085],[113.280049,23.608957],[113.2766,23.615977],[113.248474,23.601567],[113.24035,23.606212],[113.245868,23.588265],[113.227859,23.594441],[113.227015,23.585731],[113.214524,23.584253],[113.202262,23.576492],[113.200805,23.561815],[113.210155,23.552997],[113.211918,23.543914],[113.191149,23.523212],[113.192069,23.514761],[113.172066,23.512384],[113.15352,23.502823],[113.128689,23.512596],[113.108994,23.497964],[113.083933,23.494266],[113.075503,23.484228],[113.063854,23.482537],[113.055884,23.471971],[113.042932,23.474137],[113.018025,23.469065],[113.00469,23.462037],[112.993347,23.466845],[112.975184,23.463622],[112.972962,23.450042],[112.961926,23.44444],[112.96024,23.425995],[112.974188,23.434081],[112.978633,23.441586],[112.989132,23.443277],[112.982771,23.434451],[112.988673,23.419811],[113.001088,23.406332],[112.990588,23.402631],[112.988366,23.390102],[112.980626,23.380268],[112.989822,23.354728],[113.012583,23.352612],[113.018331,23.341347],[113.034808,23.357372],[113.043392,23.351131],[113.027604,23.33352],[113.023466,23.324898],[113.037567,23.320084],[113.032509,23.300881],[113.042549,23.283422],[113.051439,23.278395],[113.052742,23.26342],[113.044925,23.2522],[113.053508,23.253418],[113.070215,23.248813],[113.079795,23.250083],[113.081941,23.261726],[113.072284,23.284268],[113.086156,23.285274],[113.090524,23.28993],[113.105545,23.289718],[113.11022,23.295961],[113.105775,23.302733],[113.124704,23.307653],[113.128,23.31453],[113.150838,23.297972],[113.150608,23.289983],[113.160877,23.286649],[113.177738,23.271304],[113.182029,23.251459],[113.176511,23.236587],[113.177508,23.220866],[113.191072,23.214937],[113.204867,23.201172],[113.209006,23.192171],[113.209465,23.17708],[113.1877,23.159127],[113.186857,23.14827],[113.191992,23.14345],[113.211535,23.142603],[113.209695,23.121838],[113.203718,23.121891],[113.208163,23.099692],[113.215826,23.100646],[113.208776,23.083531],[113.193678,23.083902],[113.177201,23.076695],[113.184865,23.05963],[113.195747,23.056185],[113.211688,23.043305],[113.225713,23.041874],[113.254912,23.044842],[113.25836,23.013989],[113.250007,23.009058],[113.251923,22.970348],[113.267557,22.958786],[113.285183,22.951095],[113.298212,22.934014],[113.282424,22.927383],[113.28595,22.901438],[113.27706,22.894699],[113.300434,22.87708],[113.301354,22.866094],[113.296296,22.862485],[113.309631,22.851179],[113.312083,22.830369],[113.335994,22.817945],[113.364273,22.823467],[113.37439,22.822618],[113.393396,22.809822],[113.38305,22.799308],[113.356533,22.792989],[113.365116,22.772595]]]]}},{"type":"Feature","properties":{"adcode":350100,"name":"福州市","center":[119.306239,26.075302],"centroid":[119.200519,26.047886],"childrenNum":13,"level":"city","parent":{"adcode":350000},"subFeatureIndex":0,"acroutes":[100000,350000],"footprintId":"fuzhou","footprintName":"福州","footprintNameEn":"Fuzhou","firstVisit":2004},"geometry":{"type":"MultiPolygon","coordinates":[[[[119.799983,26.546836],[119.794279,26.556833],[119.782628,26.566734],[119.763664,26.577063],[119.743676,26.575825],[119.744066,26.5684],[119.72871,26.559547],[119.699362,26.569257],[119.681909,26.559118],[119.675084,26.537647],[119.665529,26.535743],[119.659337,26.526077],[119.637936,26.52822],[119.622579,26.521125],[119.610391,26.527363],[119.605029,26.536124],[119.59562,26.540742],[119.585382,26.537219],[119.565492,26.546455],[119.557643,26.544932],[119.556229,26.554786],[119.534779,26.56107],[119.524444,26.573588],[119.530781,26.578348],[119.50665,26.607234],[119.500556,26.621222],[119.473889,26.631356],[119.466625,26.627264],[119.449075,26.630642],[119.424505,26.624695],[119.408466,26.6344],[119.401592,26.628121],[119.414559,26.623506],[119.406418,26.617464],[119.388039,26.622935],[119.380434,26.621508],[119.379556,26.611516],[119.371513,26.601524],[119.360641,26.598954],[119.351476,26.602999],[119.344212,26.597955],[119.348307,26.590198],[119.335486,26.585249],[119.332268,26.578919],[119.31501,26.575492],[119.320275,26.585249],[119.316083,26.591293],[119.29902,26.591436],[119.285126,26.570352],[119.279179,26.535076],[119.253682,26.54855],[119.246662,26.532886],[119.229111,26.52403],[119.215461,26.536743],[119.21512,26.545884],[119.204492,26.563402],[119.196107,26.568876],[119.182311,26.55431],[119.167247,26.549407],[119.159398,26.541266],[119.14838,26.543694],[119.141311,26.537933],[119.135022,26.542409],[119.115912,26.538885],[119.1125,26.55074],[119.101628,26.559213],[119.100312,26.575016],[119.090415,26.565973],[119.072134,26.56721],[119.063213,26.570875],[119.065406,26.579395],[119.07696,26.586296],[119.074084,26.59272],[119.057801,26.603665],[119.051317,26.597194],[119.028453,26.598431],[119.026259,26.587724],[119.015729,26.58977],[119.013974,26.573493],[119.006125,26.555738],[118.99384,26.553644],[119.00164,26.54536],[118.995108,26.528791],[118.983944,26.5336],[118.968197,26.532458],[118.953816,26.525554],[118.948307,26.510506],[118.940702,26.503219],[118.939824,26.493456],[118.950988,26.491646],[118.954206,26.482881],[118.950257,26.469496],[118.938313,26.465637],[118.926272,26.477594],[118.906528,26.477975],[118.872109,26.466494],[118.868599,26.456299],[118.860214,26.453392],[118.854803,26.439526],[118.827551,26.426374],[118.810342,26.432378],[118.811122,26.448056],[118.797521,26.460348],[118.804736,26.468305],[118.805321,26.4825],[118.796838,26.490026],[118.783822,26.493218],[118.782847,26.505648],[118.762274,26.511554],[118.748185,26.510792],[118.746917,26.50241],[118.754913,26.48512],[118.735656,26.470544],[118.73551,26.448151],[118.731171,26.43843],[118.762274,26.420941],[118.753304,26.398539],[118.766271,26.392675],[118.779922,26.373271],[118.798935,26.36054],[118.794157,26.340463],[118.773487,26.328635],[118.75345,26.334263],[118.751988,26.338651],[118.720543,26.340368],[118.711476,26.326679],[118.691829,26.311033],[118.690708,26.297913],[118.696607,26.291472],[118.681494,26.291806],[118.683395,26.286987],[118.666479,26.275344],[118.67306,26.251768],[118.668672,26.243416],[118.663261,26.227901],[118.651025,26.224751],[118.631378,26.23468],[118.611634,26.235587],[118.598764,26.22709],[118.612414,26.210284],[118.609733,26.204937],[118.60008,26.210093],[118.587356,26.209377],[118.578483,26.204029],[118.57434,26.185501],[118.579702,26.175902],[118.568002,26.176379],[118.564541,26.168499],[118.564882,26.138117],[118.572975,26.128848],[118.586771,26.132384],[118.581799,26.114227],[118.5837,26.098504],[118.588867,26.094107],[118.592329,26.076518],[118.601738,26.076518],[118.593596,26.061699],[118.600958,26.055245],[118.591939,26.052232],[118.577557,26.062177],[118.552792,26.057922],[118.516375,26.059308],[118.52242,26.042096],[118.515936,26.025168],[118.519056,25.986474],[118.513889,25.976667],[118.519983,25.969347],[118.515546,25.961691],[118.520568,25.957002],[118.514425,25.933553],[118.519592,25.924603],[118.507746,25.901531],[118.518325,25.887647],[118.512572,25.885493],[118.507259,25.896122],[118.485223,25.900095],[118.480251,25.90359],[118.471085,25.898563],[118.476887,25.882046],[118.476448,25.87132],[118.459824,25.865813],[118.463432,25.895786],[118.43618,25.918477],[118.432524,25.917615],[118.417411,25.899185],[118.418483,25.892387],[118.409806,25.889419],[118.406247,25.878455],[118.41239,25.875582],[118.421213,25.854607],[118.405028,25.843161],[118.397131,25.845843],[118.392743,25.82539],[118.382115,25.814132],[118.391914,25.809964],[118.397959,25.801005],[118.414632,25.789744],[118.417996,25.769186],[118.425016,25.761374],[118.430915,25.730552],[118.448514,25.718134],[118.454364,25.720723],[118.46855,25.71075],[118.479958,25.707106],[118.492438,25.688739],[118.510232,25.674974],[118.523736,25.659097],[118.540068,25.661592],[118.54348,25.671521],[118.566491,25.681114],[118.571853,25.674015],[118.577801,25.677325],[118.576241,25.687013],[118.583846,25.677804],[118.587746,25.689986],[118.598569,25.683368],[118.604906,25.685142],[118.605053,25.697084],[118.611975,25.699098],[118.610123,25.708496],[118.625479,25.697419],[118.631866,25.697995],[118.634937,25.708496],[118.653657,25.711757],[118.668234,25.708544],[118.676521,25.7014],[118.674425,25.694926],[118.691098,25.695022],[118.691634,25.689794],[118.707186,25.682888],[118.726296,25.694734],[118.727612,25.687157],[118.723322,25.669794],[118.729952,25.668163],[118.73785,25.678188],[118.744724,25.679147],[118.753596,25.696221],[118.760421,25.689123],[118.772414,25.686389],[118.798983,25.699961],[118.806491,25.709551],[118.801226,25.711709],[118.811902,25.720819],[118.82643,25.719812],[118.83891,25.70888],[118.853682,25.703845],[118.877862,25.708832],[118.874449,25.698331],[118.882786,25.702407],[118.905162,25.722257],[118.920324,25.726333],[118.921055,25.732086],[118.93451,25.747282],[118.942359,25.748528],[118.952597,25.760032],[118.951037,25.751979],[118.955035,25.732709],[118.951524,25.712716],[118.975461,25.732086],[119.014803,25.735489],[119.025869,25.74268],[119.041226,25.741769],[119.048782,25.747138],[119.071061,25.752698],[119.076717,25.748576],[119.088368,25.754999],[119.090562,25.749631],[119.105772,25.754472],[119.132877,25.752794],[119.152231,25.744741],[119.146771,25.731558],[119.124346,25.713723],[119.144139,25.709887],[119.151646,25.700297],[119.141604,25.697132],[119.144285,25.684855],[119.154718,25.675598],[119.145553,25.676269],[119.144236,25.668451],[119.133316,25.646337],[119.133999,25.633383],[119.151451,25.6187],[119.155205,25.603055],[119.162372,25.600703],[119.161689,25.591392],[119.169099,25.593216],[119.170708,25.581888],[119.163639,25.587216],[119.157009,25.584192],[119.166662,25.574304],[119.168807,25.566335],[119.180702,25.555101],[119.20186,25.5515],[119.203907,25.54497],[119.227746,25.564607],[119.23501,25.542713],[119.24437,25.527923],[119.243005,25.513659],[119.230818,25.503861],[119.223798,25.48969],[119.209416,25.492621],[119.212682,25.472011],[119.219751,25.468648],[119.256119,25.488922],[119.256119,25.479218],[119.272646,25.477824],[119.261482,25.451302],[119.263188,25.427898],[119.288002,25.410978],[119.35367,25.411844],[119.354547,25.443709],[119.343627,25.47254],[119.350208,25.50535],[119.357034,25.520719],[119.397399,25.506311],[119.401202,25.49363],[119.424651,25.488009],[119.435571,25.499538],[119.452926,25.493726],[119.442786,25.47254],[119.441275,25.459423],[119.44732,25.450773],[119.430257,25.435732],[119.438399,25.427369],[119.438642,25.412661],[119.4442,25.411747],[119.447856,25.425542],[119.456631,25.435059],[119.462482,25.447938],[119.490074,25.446833],[119.485931,25.422418],[119.507235,25.396316],[119.505382,25.389153],[119.491196,25.377084],[119.485736,25.367275],[119.496656,25.358812],[119.5008,25.36641],[119.519959,25.376892],[119.53395,25.372516],[119.531708,25.360639],[119.548527,25.366073],[119.552134,25.38045],[119.564858,25.385258],[119.568222,25.393864],[119.578898,25.400787],[119.572512,25.414343],[119.555352,25.429147],[119.559886,25.445728],[119.573,25.450293],[119.584115,25.425975],[119.581043,25.413526],[119.590404,25.398191],[119.58275,25.379921],[119.584261,25.370112],[119.596449,25.352944],[119.588795,25.345778],[119.597375,25.334668],[119.612,25.340969],[119.636034,25.33866],[119.6491,25.342941],[119.658508,25.354002],[119.657046,25.363284],[119.643152,25.355926],[119.630672,25.358667],[119.644956,25.362899],[119.654316,25.36992],[119.660215,25.366025],[119.665236,25.372084],[119.656461,25.396989],[119.65807,25.407806],[119.668356,25.40795],[119.672402,25.418958],[119.670111,25.435491],[119.656802,25.438519],[119.657143,25.428378],[119.646272,25.434194],[119.640081,25.429291],[119.62292,25.434049],[119.641104,25.44443],[119.648905,25.461681],[119.674986,25.468119],[119.680398,25.46072],[119.687564,25.4612],[119.68108,25.450341],[119.685516,25.440105],[119.703115,25.440489],[119.703018,25.433521],[119.718569,25.419727],[119.738606,25.416362],[119.756693,25.396268],[119.772537,25.395066],[119.783554,25.411507],[119.762348,25.417516],[119.764249,25.433377],[119.77512,25.437414],[119.803737,25.457597],[119.813828,25.458125],[119.826504,25.465285],[119.83991,25.46269],[119.845224,25.452792],[119.855072,25.450773],[119.866577,25.454954],[119.859459,25.461921],[119.863896,25.479746],[119.851464,25.47744],[119.843079,25.483686],[119.833085,25.481716],[119.829965,25.490171],[119.81612,25.493774],[119.811001,25.507127],[119.81456,25.529411],[119.821239,25.534886],[119.844054,25.544009],[119.854145,25.533493],[119.870867,25.53575],[119.887296,25.552412],[119.890367,25.565663],[119.884663,25.569695],[119.871891,25.56379],[119.845614,25.569743],[119.831427,25.580016],[119.841665,25.592064],[119.84069,25.601279],[119.808905,25.61846],[119.787991,25.615293],[119.780385,25.62369],[119.779264,25.637221],[119.791891,25.653868],[119.791403,25.665381],[119.784529,25.667492],[119.749575,25.646193],[119.727881,25.63842],[119.719447,25.622442],[119.712476,25.623738],[119.700288,25.616396],[119.692732,25.601999],[119.683761,25.595904],[119.692293,25.577424],[119.708283,25.571136],[119.717789,25.547466],[119.713353,25.536182],[119.714328,25.521055],[119.723932,25.517549],[119.718716,25.511594],[119.706723,25.513755],[119.696534,25.510777],[119.691756,25.501603],[119.676059,25.49142],[119.678935,25.483734],[119.674986,25.47499],[119.654121,25.470282],[119.652658,25.485655],[119.644029,25.485607],[119.634426,25.475182],[119.62448,25.473837],[119.627259,25.488874],[119.613901,25.504822],[119.612585,25.522304],[119.6198,25.537239],[119.616437,25.556781],[119.600349,25.576944],[119.602933,25.58592],[119.59679,25.593312],[119.586699,25.592112],[119.570757,25.582224],[119.534779,25.585344],[119.533706,25.594032],[119.542433,25.602527],[119.540239,25.628728],[119.532488,25.630648],[119.525711,25.624266],[119.510891,25.627721],[119.503822,25.624458],[119.49339,25.632375],[119.478326,25.631463],[119.473012,25.662311],[119.489294,25.667972],[119.490269,25.673536],[119.526638,25.683032],[119.5437,25.684423],[119.583335,25.679147],[119.602981,25.685286],[119.612049,25.703557],[119.602981,25.71473],[119.612195,25.727052],[119.626479,25.723312],[119.637594,25.749583],[119.636619,25.760847],[119.6276,25.768275],[119.625699,25.804742],[119.628478,25.872038],[119.634816,25.887121],[119.643054,25.892244],[119.68888,25.898084],[119.695169,25.904404],[119.702482,25.931591],[119.715206,25.96327],[119.722031,25.990349],[119.72364,26.011538],[119.715352,26.025455],[119.70019,26.032485],[119.675766,26.02579],[119.667137,26.028946],[119.659045,26.072264],[119.654413,26.090093],[119.644614,26.090475],[119.641933,26.108923],[119.632914,26.115565],[119.618728,26.11977],[119.611074,26.145713],[119.603664,26.153118],[119.605321,26.169741],[119.626479,26.179532],[119.643542,26.195769],[119.664456,26.202024],[119.668112,26.220311],[119.679764,26.22919],[119.67991,26.238499],[119.671525,26.247282],[119.669087,26.256971],[119.676254,26.26308],[119.72403,26.26957],[119.771318,26.285222],[119.781117,26.282788],[119.797692,26.268234],[119.814657,26.280307],[119.818411,26.293763],[119.803737,26.298963],[119.80676,26.307694],[119.845126,26.322768],[119.86097,26.315851],[119.862579,26.307598],[119.876863,26.310031],[119.898557,26.3086],[119.909916,26.310413],[119.913573,26.320574],[119.93434,26.334788],[119.954474,26.35272],[119.962372,26.373462],[119.940776,26.37289],[119.913231,26.360874],[119.893731,26.355867],[119.876571,26.359634],[119.880861,26.372842],[119.861458,26.391054],[119.861117,26.398634],[119.835669,26.437716],[119.837668,26.450057],[119.818557,26.504505],[119.799983,26.546836]]],[[[120.495608,26.371936],[120.486736,26.36898],[120.484834,26.380804],[120.478155,26.381138],[120.47289,26.36755],[120.480544,26.37289],[120.486931,26.365452],[120.484981,26.355438],[120.4979,26.352338],[120.506772,26.364546],[120.513939,26.360349],[120.511257,26.370601],[120.501068,26.376799],[120.495608,26.371936]]],[[[119.899825,25.582128],[119.907479,25.58952],[119.906504,25.600991],[119.897485,25.606942],[119.896217,25.601087],[119.882518,25.59864],[119.875937,25.606174],[119.876619,25.587168],[119.88403,25.588032],[119.899825,25.582128]]],[[[119.579873,25.627145],[119.587722,25.636597],[119.60108,25.641011],[119.61005,25.653868],[119.613219,25.668499],[119.598399,25.662024],[119.580848,25.649935],[119.572463,25.63391],[119.567881,25.646145],[119.560714,25.635014],[119.579873,25.627145]]],[[[120.006297,26.215202],[120.01629,26.208518],[120.020142,26.225658],[120.000885,26.23616],[119.988064,26.224369],[119.97066,26.217207],[119.969587,26.191136],[119.978362,26.193476],[119.980654,26.208374],[120.006297,26.215202]]],[[[119.967491,25.945374],[119.979337,25.951786],[119.992988,25.964658],[119.976461,25.964754],[119.968368,25.955662],[119.967491,25.945374]]],[[[119.705065,25.352848],[119.726711,25.356551],[119.735925,25.362514],[119.727296,25.368525],[119.724468,25.378671],[119.716571,25.371651],[119.697802,25.367035],[119.705065,25.352848]]],[[[119.69434,25.30388],[119.696339,25.310904],[119.712183,25.314464],[119.699215,25.327789],[119.705358,25.333658],[119.70292,25.342075],[119.693804,25.337121],[119.687174,25.325336],[119.690976,25.315426],[119.688051,25.30667],[119.69434,25.30388]]],[[[119.929465,26.134295],[119.936632,26.140124],[119.944968,26.139168],[119.955937,26.148866],[119.960032,26.147194],[119.970075,26.162767],[119.950769,26.163722],[119.945699,26.156127],[119.928832,26.160331],[119.933024,26.168833],[119.918253,26.169597],[119.918886,26.15436],[119.913036,26.140219],[119.929465,26.134295]]],[[[119.642908,26.129326],[119.65495,26.132623],[119.65339,26.144232],[119.657192,26.152115],[119.642908,26.157178],[119.627259,26.173132],[119.607125,26.169693],[119.605419,26.154838],[119.61863,26.139025],[119.642421,26.133817],[119.642908,26.129326]]],[[[119.88403,26.410979],[119.892853,26.41484],[119.885882,26.419892],[119.88403,26.410979]]],[[[119.474035,25.331349],[119.488124,25.329665],[119.485931,25.337217],[119.489197,25.351357],[119.471598,25.345201],[119.465797,25.333802],[119.474035,25.331349]]],[[[119.66236,25.646576],[119.662116,25.641155],[119.673572,25.632567],[119.697997,25.636357],[119.702725,25.640148],[119.712963,25.634198],[119.721933,25.639812],[119.716863,25.664758],[119.705943,25.656411],[119.682591,25.650031],[119.675571,25.658714],[119.66236,25.646576]]],[[[119.67328,25.756725],[119.683128,25.762668],[119.672402,25.765927],[119.67328,25.756725]]],[[[119.676156,26.124405],[119.684151,26.140936],[119.675571,26.142513],[119.662214,26.133865],[119.677278,26.113319],[119.676156,26.124405]]],[[[119.757326,25.298491],[119.764444,25.28959],[119.767564,25.298828],[119.757326,25.298491]]],[[[119.915815,26.418176],[119.90704,26.406976],[119.918886,26.409359],[119.915815,26.418176]]],[[[119.999228,26.239692],[120.011269,26.24752],[120.002592,26.246661],[119.999228,26.239692]]],[[[119.937119,25.963797],[119.953256,25.976236],[119.949063,25.979681],[119.930197,25.978628],[119.928783,25.97217],[119.937119,25.963797]]],[[[119.639593,25.672001],[119.641348,25.66754],[119.65963,25.680106],[119.643542,25.677181],[119.639593,25.672001]]],[[[119.390379,25.435107],[119.399008,25.436597],[119.396473,25.443517],[119.390379,25.435107]]],[[[119.636522,26.114705],[119.644371,26.109114],[119.647978,26.118145],[119.636571,26.119913],[119.636522,26.114705]]],[[[119.987138,26.262555],[119.994986,26.265943],[119.993865,26.28045],[119.98197,26.267804],[119.987138,26.262555]]],[[[120.221483,26.331974],[120.234353,26.34156],[120.223774,26.338651],[120.221483,26.331974]]],[[[119.649295,25.66495],[119.647686,25.654828],[119.66392,25.654636],[119.672256,25.661448],[119.661238,25.67296],[119.649295,25.66495]]],[[[119.579776,25.668403],[119.582311,25.66164],[119.59094,25.674111],[119.579776,25.668403]]]]}},{"type":"Feature","properties":{"adcode":440300,"name":"深圳市","center":[114.085947,22.547],"centroid":[114.143142,22.643377],"childrenNum":9,"level":"city","parent":{"adcode":440000},"subFeatureIndex":2,"acroutes":[100000,440000],"footprintId":"shenzhen","footprintName":"深圳","footprintNameEn":"Shenzhen","firstVisit":2005},"geometry":{"type":"MultiPolygon","coordinates":[[[[114.229205,22.81253],[114.215641,22.807751],[114.20721,22.789802],[114.189967,22.785713],[114.180847,22.775728],[114.187974,22.770364],[114.182073,22.765265],[114.201079,22.764787],[114.203149,22.75512],[114.215641,22.73557],[114.208513,22.729248],[114.208053,22.71469],[114.196711,22.710227],[114.19947,22.702043],[114.195332,22.680095],[114.187515,22.673557],[114.187515,22.666382],[114.172494,22.654368],[114.15548,22.668933],[114.16391,22.665372],[114.167436,22.680679],[114.151801,22.690139],[114.145057,22.701193],[114.144674,22.714159],[114.121989,22.716231],[114.117621,22.723244],[114.107198,22.722979],[114.098462,22.747205],[114.08436,22.750551],[114.074781,22.740883],[114.064588,22.755916],[114.049414,22.756448],[114.049797,22.771161],[114.039911,22.764309],[114.035236,22.766752],[114.017916,22.760219],[114.002971,22.763459],[113.995308,22.771267],[113.990863,22.800211],[113.984578,22.803662],[113.974999,22.798458],[113.978371,22.806529],[113.972393,22.812476],[113.954996,22.815078],[113.954613,22.821025],[113.937829,22.832705],[113.910929,22.829997],[113.904875,22.840137],[113.893916,22.846189],[113.89951,22.855478],[113.887325,22.858504],[113.883263,22.850542],[113.877669,22.85447],[113.872611,22.837271],[113.857053,22.832599],[113.851305,22.837483],[113.841496,22.833979],[113.834675,22.822193],[113.838737,22.819591],[113.837204,22.800901],[113.824942,22.792935],[113.813446,22.790439],[113.811071,22.782473],[113.802257,22.784863],[113.801874,22.777109],[113.791835,22.767655],[113.790838,22.75342],[113.762406,22.736899],[113.751447,22.715381],[113.757808,22.678766],[113.765471,22.665744],[113.773288,22.643205],[113.782255,22.625713],[113.803407,22.593169],[113.832223,22.570246],[113.838354,22.559342],[113.834675,22.539552],[113.851152,22.542584],[113.856593,22.539605],[113.864027,22.515981],[113.859352,22.495652],[113.862801,22.475853],[113.870005,22.459565],[113.881731,22.446788],[113.89177,22.442635],[113.915758,22.455945],[113.946873,22.477343],[113.959135,22.504912],[113.976531,22.510606],[114.024047,22.509808],[114.030867,22.504274],[114.054702,22.49959],[114.064588,22.510553],[114.077003,22.515502],[114.081601,22.512415],[114.090338,22.520982],[114.084284,22.52508],[114.094093,22.533593],[114.114862,22.532795],[114.117238,22.526942],[114.135094,22.53886],[114.153488,22.539285],[114.157166,22.551947],[114.165596,22.558916],[114.182303,22.556788],[114.182686,22.552798],[114.201463,22.554341],[114.223304,22.552745],[114.232578,22.54003],[114.258864,22.55881],[114.292432,22.562959],[114.304847,22.568704],[114.311821,22.578597],[114.325309,22.588649],[114.346997,22.588702],[114.359489,22.591574],[114.381868,22.601519],[114.398345,22.602848],[114.422562,22.592744],[114.430686,22.583384],[114.434748,22.566576],[114.467625,22.53338],[114.471917,22.522206],[114.468162,22.491395],[114.474446,22.464515],[114.48027,22.45291],[114.48985,22.443647],[114.50694,22.438589],[114.52541,22.440559],[114.539281,22.449237],[114.549244,22.46574],[114.585417,22.473405],[114.611397,22.482027],[114.627798,22.502996],[114.627031,22.519918],[114.614539,22.545191],[114.589632,22.549766],[114.568097,22.560778],[114.559743,22.573172],[114.559054,22.583277],[114.572312,22.602689],[114.58672,22.612845],[114.60312,22.638739],[114.60289,22.655272],[114.580282,22.661491],[114.553229,22.656229],[114.515217,22.655485],[114.514451,22.660747],[114.505867,22.668455],[114.481956,22.668136],[114.478278,22.661864],[114.453447,22.669943],[114.449692,22.665319],[114.431912,22.660907],[114.428157,22.676746],[114.441338,22.682167],[114.445324,22.68897],[114.442028,22.697579],[114.426394,22.699918],[114.42057,22.713999],[114.409227,22.713574],[114.403403,22.723935],[114.413902,22.736261],[114.414055,22.752251],[114.41827,22.766327],[114.404706,22.781305],[114.396352,22.777322],[114.394819,22.759794],[114.388075,22.757191],[114.36562,22.766062],[114.355964,22.764893],[114.354125,22.778172],[114.342706,22.783642],[114.351136,22.789696],[114.353128,22.806636],[114.33052,22.809291],[114.318565,22.806583],[114.314503,22.800157],[114.294347,22.803397],[114.284844,22.808282],[114.282852,22.802388],[114.26147,22.781783],[114.250817,22.781677],[114.245529,22.790652],[114.234953,22.792989],[114.229205,22.81253]]],[[[113.819961,22.396362],[113.824176,22.40435],[113.811224,22.420432],[113.798885,22.422509],[113.7867,22.413563],[113.801338,22.407386],[113.807315,22.40025],[113.819961,22.396362]]],[[[113.844485,22.510234],[113.856823,22.503582],[113.8569,22.509595],[113.842569,22.515821],[113.844485,22.510234]]],[[[113.839657,22.498526],[113.847244,22.491927],[113.851995,22.49661],[113.844485,22.503369],[113.839657,22.498526]]]]}},{"type":"Feature","properties":{"adcode":440400,"name":"珠海市","center":[113.553986,22.224979],"centroid":[113.337286,22.160135],"childrenNum":3,"level":"city","parent":{"adcode":440000},"subFeatureIndex":3,"acroutes":[100000,440000],"footprintId":"zhuhai","footprintName":"珠海","footprintNameEn":"Zhuhai","firstVisit":2005},"geometry":{"type":"MultiPolygon","coordinates":[[[[113.262652,22.392048],[113.24947,22.399344],[113.237285,22.391782],[113.212224,22.398599],[113.209389,22.388054],[113.192145,22.381662],[113.18839,22.394924],[113.181646,22.40238],[113.165399,22.40025],[113.1631,22.387947],[113.169154,22.377987],[113.183255,22.369837],[113.193065,22.358171],[113.185478,22.294762],[113.176281,22.280158],[113.176128,22.267792],[113.168541,22.238417],[113.158885,22.228712],[113.129686,22.218208],[113.120413,22.209622],[113.115584,22.215115],[113.106388,22.209355],[113.109453,22.204609],[113.097421,22.187702],[113.091903,22.136595],[113.087152,22.126137],[113.092057,22.065346],[113.10156,22.048262],[113.143097,22.011846],[113.147542,22.004689],[113.151451,21.979853],[113.159574,21.969009],[113.182106,21.952982],[113.218126,21.904998],[113.235216,21.887788],[113.26679,21.871645],[113.289399,21.883405],[113.300051,21.898958],[113.3199,21.909701],[113.328024,21.934442],[113.33017,21.961637],[113.33768,21.969009],[113.352165,21.974511],[113.410256,21.99091],[113.442214,22.009496],[113.448805,22.017079],[113.450567,22.032244],[113.459764,22.043724],[113.482679,22.054669],[113.503831,22.054722],[113.520308,22.069136],[113.530654,22.07362],[113.554488,22.069884],[113.565754,22.07266],[113.56583,22.091715],[113.554028,22.103884],[113.554641,22.142411],[113.544602,22.154095],[113.534562,22.1741],[113.534332,22.185622],[113.54077,22.199382],[113.538241,22.209409],[113.54943,22.213995],[113.558856,22.212395],[113.568819,22.22466],[113.589895,22.226793],[113.597175,22.234951],[113.599781,22.261128],[113.592194,22.268058],[113.595412,22.28245],[113.590124,22.29391],[113.595949,22.304249],[113.612809,22.308832],[113.616948,22.31885],[113.605299,22.329135],[113.604762,22.339897],[113.62806,22.349274],[113.649289,22.386243],[113.669368,22.416279],[113.669904,22.435607],[113.659098,22.441358],[113.624841,22.442955],[113.617791,22.436885],[113.608901,22.408824],[113.603766,22.403392],[113.585986,22.40041],[113.568743,22.411912],[113.537168,22.416332],[113.51433,22.408717],[113.508889,22.413403],[113.49586,22.407546],[113.495247,22.395403],[113.48697,22.390184],[113.491339,22.376922],[113.489193,22.365842],[113.493255,22.354069],[113.490342,22.34075],[113.494787,22.339684],[113.504137,22.324286],[113.493331,22.317998],[113.482985,22.318797],[113.470493,22.310377],[113.480456,22.303876],[113.496397,22.282237],[113.50475,22.266992],[113.514407,22.261555],[113.512797,22.249986],[113.478847,22.23831],[113.486357,22.227113],[113.462676,22.218847],[113.458384,22.213781],[113.430565,22.201302],[113.415774,22.202902],[113.390943,22.231858],[113.385272,22.230365],[113.352395,22.249133],[113.345114,22.258569],[113.336607,22.280105],[113.32128,22.312189],[113.32036,22.329561],[113.307178,22.346504],[113.273841,22.384751],[113.262652,22.392048]]],[[[114.051789,22.086324],[114.056081,22.094277],[114.047651,22.108954],[114.026959,22.10319],[114.034546,22.091342],[114.051789,22.086324]]],[[[114.231045,22.016332],[114.241238,22.023701],[114.266451,22.027599],[114.284231,22.036196],[114.299865,22.036142],[114.311361,22.041428],[114.308985,22.048636],[114.323623,22.056377],[114.32301,22.064172],[114.305537,22.060542],[114.302778,22.050505],[114.282852,22.049704],[114.267218,22.041268],[114.239781,22.035502],[114.227826,22.028827],[114.222615,22.018948],[114.231045,22.016332]]],[[[113.714584,22.007413],[113.729988,22.016385],[113.723014,22.02872],[113.702628,22.029308],[113.695731,22.021565],[113.705694,22.016225],[113.705924,22.00784],[113.714584,22.007413]]],[[[113.824406,22.001271],[113.825402,21.990536],[113.831763,21.98888],[113.842339,21.998868],[113.830767,21.996625],[113.824406,22.001271]]],[[[114.009945,21.853148],[114.016536,21.863145],[114.031557,21.873623],[114.010252,21.86368],[114.009945,21.853148]]],[[[113.815056,22.157136],[113.808542,22.174207],[113.799575,22.166472],[113.815056,22.157136]]],[[[113.999293,22.045273],[114.001055,22.035929],[114.005424,22.045112],[113.999293,22.045273]]],[[[113.765165,21.961958],[113.768154,21.972001],[113.778653,21.978357],[113.780109,21.989254],[113.772905,21.998761],[113.765855,21.992672],[113.750067,21.995129],[113.742403,21.987812],[113.755738,21.974672],[113.758191,21.965163],[113.765165,21.961958]]],[[[114.034469,21.886077],[114.04926,21.88271],[114.052862,21.893346],[114.063592,21.892384],[114.058687,21.902326],[114.042976,21.895431],[114.034469,21.886077]]],[[[113.919436,22.036997],[113.924111,22.032778],[113.937753,22.036249],[113.934687,22.043991],[113.922962,22.048583],[113.919436,22.036997]]],[[[113.143251,21.831707],[113.145856,21.838872],[113.159881,21.851864],[113.177431,21.854752],[113.179653,21.847373],[113.187624,21.848389],[113.203871,21.86122],[113.205787,21.871324],[113.191532,21.87234],[113.18088,21.862183],[113.167698,21.876563],[113.151221,21.864963],[113.144707,21.873516],[113.137043,21.868651],[113.138269,21.839193],[113.143251,21.831707]]],[[[113.722937,21.922152],[113.743476,21.928244],[113.751677,21.940747],[113.743093,21.950738],[113.727842,21.955119],[113.717956,21.951273],[113.71719,21.935244],[113.725083,21.932572],[113.722937,21.922152]]],[[[113.876979,22.117653],[113.869622,22.11301],[113.880581,22.10746],[113.88426,22.112583],[113.876979,22.117653]]],[[[113.828238,22.117919],[113.83958,22.130993],[113.828544,22.156283],[113.818045,22.153295],[113.822413,22.136542],[113.816435,22.132327],[113.820727,22.120588],[113.828238,22.117919]]],[[[114.18989,21.986423],[114.202689,21.991497],[114.220239,21.989842],[114.223841,22.007787],[114.217863,22.011098],[114.18192,22.010938],[114.178701,22.003034],[114.180847,21.988506],[114.18989,21.986423]]],[[[113.165399,21.953463],[113.172373,21.941068],[113.172066,21.954745],[113.165399,21.953463]]],[[[114.153947,21.975099],[114.167972,21.983111],[114.17395,21.992939],[114.17234,21.999776],[114.160308,21.995343],[114.152568,22.000524],[114.148276,21.99091],[114.124212,21.985248],[114.123675,21.97996],[114.144598,21.980441],[114.153947,21.975099]]],[[[113.138039,21.919213],[113.127617,21.910395],[113.125164,21.896126],[113.141258,21.912854],[113.156202,21.919587],[113.158731,21.927015],[113.150455,21.937915],[113.144707,21.937007],[113.13597,21.925465],[113.138039,21.919213]]],[[[113.665306,22.039239],[113.670211,22.033419],[113.666532,22.02338],[113.675805,22.029361],[113.67136,22.045433],[113.665306,22.039239]]],[[[113.683163,21.938824],[113.709449,21.944968],[113.70669,21.957203],[113.692819,21.962973],[113.6814,21.949296],[113.683163,21.938824]]],[[[113.901733,22.114184],[113.900047,22.123683],[113.890161,22.122775],[113.886405,22.111249],[113.901733,22.114184]]],[[[113.707687,22.143532],[113.707993,22.134728],[113.722094,22.141878],[113.707687,22.143532]]],[[[114.007493,22.026958],[114.017992,22.028346],[114.013471,22.038225],[114.007493,22.026958]]],[[[113.702705,22.101696],[113.700866,22.094864],[113.711059,22.091769],[113.702705,22.101696]]],[[[114.126664,21.961744],[114.142835,21.965484],[114.139003,21.970345],[114.126664,21.961744]]],[[[113.576866,22.212075],[113.576176,22.201036],[113.586523,22.201036],[113.590738,22.208982],[113.576866,22.212075]]]]}},{"type":"Feature","properties":{"adcode":441600,"name":"河源市","center":[114.697802,23.746266],"centroid":[114.962729,24.043541],"childrenNum":6,"level":"city","parent":{"adcode":440000},"subFeatureIndex":13,"acroutes":[100000,440000],"footprintId":"heyuan","footprintName":"河源","footprintNameEn":"Heyuan","firstVisit":2006},"geometry":{"type":"MultiPolygon","coordinates":[[[[115.419311,23.243785],[115.418161,23.25527],[115.430883,23.270617],[115.423909,23.277178],[115.437934,23.281993],[115.445674,23.279718],[115.459009,23.288554],[115.452342,23.29321],[115.460235,23.30067],[115.458396,23.312414],[115.468359,23.311409],[115.485756,23.315218],[115.497328,23.322465],[115.471348,23.327543],[115.47564,23.333467],[115.470888,23.35642],[115.475486,23.373658],[115.463914,23.375456],[115.457017,23.38381],[115.460082,23.400252],[115.454411,23.404904],[115.454871,23.418119],[115.435558,23.43165],[115.440693,23.447981],[115.432876,23.468906],[115.426208,23.468431],[115.426438,23.483119],[115.416858,23.484122],[115.418468,23.495956],[115.432569,23.495903],[115.440616,23.500975],[115.432569,23.516134],[115.435328,23.534356],[115.450349,23.555954],[115.436708,23.561762],[115.437781,23.571688],[115.428737,23.581138],[115.43142,23.600195],[115.432722,23.63772],[115.441919,23.643102],[115.448893,23.662888],[115.452648,23.663363],[115.451652,23.680509],[115.457093,23.696281],[115.454028,23.706672],[115.445981,23.709572],[115.443528,23.703349],[115.420231,23.696123],[115.407432,23.703349],[115.411724,23.707568],[115.412567,23.723021],[115.403677,23.724392],[115.388503,23.734516],[115.382985,23.748173],[115.399385,23.768734],[115.387276,23.778223],[115.365588,23.760246],[115.347961,23.75392],[115.325966,23.75761],[115.317153,23.761617],[115.349264,23.782545],[115.358461,23.792455],[115.35072,23.800677],[115.363136,23.80426],[115.349801,23.818489],[115.356315,23.829028],[115.354399,23.842411],[115.37647,23.851052],[115.371872,23.865223],[115.378846,23.867646],[115.381835,23.88034],[115.391875,23.881921],[115.391491,23.89672],[115.403524,23.909675],[115.400688,23.927999],[115.411877,23.939898],[115.408505,23.950585],[115.425212,23.953796],[115.453261,23.967009],[115.452495,23.983956],[115.446517,23.99364],[115.449889,24.012531],[115.445214,24.016109],[115.445598,24.038311],[115.426132,24.053934],[115.417778,24.068241],[115.428967,24.076708],[115.437551,24.104],[115.44874,24.112781],[115.442302,24.124452],[115.446824,24.130498],[115.453261,24.125504],[115.463301,24.130077],[115.473494,24.142168],[115.481387,24.143167],[115.480084,24.130761],[115.483763,24.123506],[115.494339,24.122297],[115.500393,24.128395],[115.508364,24.105157],[115.513192,24.099058],[115.529592,24.098479],[115.537409,24.108838],[115.532581,24.12256],[115.522235,24.128868],[115.521929,24.137122],[115.509897,24.140381],[115.520856,24.143324],[115.507061,24.165977],[115.510356,24.175542],[115.503612,24.187575],[115.515185,24.190728],[115.520626,24.182689],[115.545303,24.170234],[115.538789,24.179588],[115.538099,24.192777],[115.551204,24.198504],[115.557718,24.206333],[115.564156,24.200816],[115.571437,24.204231],[115.573276,24.227136],[115.570823,24.235751],[115.577874,24.242264],[115.590826,24.242894],[115.592205,24.255289],[115.576725,24.270098],[115.580863,24.277554],[115.577721,24.290313],[115.567758,24.295249],[115.571743,24.309948],[115.563619,24.312993],[115.560477,24.329002],[115.552737,24.333359],[115.550898,24.359914],[115.557948,24.386201],[115.576035,24.395801],[115.583852,24.411276],[115.582166,24.42271],[115.573812,24.42785],[115.575805,24.441747],[115.58891,24.45061],[115.593048,24.459733],[115.575728,24.461044],[115.576495,24.470953],[115.57067,24.478398],[115.560401,24.477035],[115.551511,24.469433],[115.554116,24.484427],[115.538712,24.48233],[115.530129,24.491661],[115.515951,24.495068],[115.505452,24.493181],[115.493266,24.498004],[115.486982,24.516348],[115.491427,24.522847],[115.485679,24.541502],[115.488055,24.547947],[115.483227,24.562722],[115.50024,24.562093],[115.493649,24.569166],[115.513882,24.576186],[115.506065,24.601485],[115.520702,24.618296],[115.520779,24.628507],[115.529056,24.634476],[115.559481,24.64301],[115.559634,24.660915],[115.555189,24.671803],[115.556186,24.68269],[115.534191,24.691954],[115.523078,24.703049],[115.52783,24.712573],[115.523691,24.717544],[115.507904,24.716497],[115.506601,24.724921],[115.496485,24.734077],[115.500087,24.74114],[115.48292,24.749667],[115.478705,24.761123],[115.465677,24.767243],[115.450962,24.766301],[115.41295,24.792869],[115.401301,24.790359],[115.389499,24.774408],[115.372562,24.774408],[115.362829,24.757461],[115.363749,24.739361],[115.358537,24.735176],[115.338995,24.749092],[115.321981,24.748725],[115.306654,24.758664],[115.278528,24.754113],[115.269944,24.749406],[115.258908,24.728793],[115.247566,24.731671],[115.233771,24.723508],[115.224575,24.726386],[115.200204,24.713671],[115.18434,24.711421],[115.188095,24.697135],[115.195146,24.691902],[115.168859,24.695094],[115.155448,24.688761],[115.14832,24.68986],[115.138511,24.681277],[115.125636,24.681486],[115.120731,24.66437],[115.111611,24.671437],[115.104943,24.667825],[115.08724,24.687087],[115.083255,24.700484],[115.074212,24.697972],[115.073829,24.704252],[115.059421,24.702735],[115.054899,24.709904],[115.045549,24.69792],[115.046699,24.688761],[115.030911,24.678136],[115.024857,24.669133],[115.007844,24.672431],[115.003858,24.679183],[114.991213,24.673321],[114.978875,24.673216],[114.962321,24.665155],[114.955194,24.655418],[114.937414,24.651911],[114.936801,24.665417],[114.919634,24.667092],[114.909594,24.661543],[114.905839,24.632538],[114.898558,24.623008],[114.901854,24.607926],[114.893807,24.590957],[114.89327,24.582367],[114.88668,24.580271],[114.882924,24.569218],[114.869053,24.562355],[114.861619,24.56728],[114.854262,24.582524],[114.859243,24.597295],[114.846675,24.60248],[114.83288,24.596352],[114.826366,24.588286],[114.804217,24.605413],[114.796017,24.602166],[114.781226,24.612954],[114.768964,24.605779],[114.752717,24.616253],[114.729879,24.608922],[114.730415,24.592424],[114.735703,24.582838],[114.732868,24.57519],[114.738079,24.56508],[114.72666,24.549781],[114.71869,24.55413],[114.705202,24.526096],[114.699914,24.537101],[114.686502,24.538568],[114.677842,24.553815],[114.665197,24.583676],[114.638604,24.570371],[114.624349,24.575662],[114.608255,24.563613],[114.592468,24.537991],[114.572159,24.542288],[114.562579,24.53752],[114.546715,24.542812],[114.534147,24.559002],[114.500656,24.534166],[114.481113,24.529974],[114.469924,24.510688],[114.451455,24.500362],[114.442718,24.498633],[114.42877,24.486262],[114.422256,24.496903],[114.41099,24.502564],[114.402023,24.498528],[114.406315,24.517973],[114.403403,24.528716],[114.390758,24.533537],[114.387309,24.548],[114.391677,24.563455],[114.379722,24.563403],[114.37658,24.571995],[114.363858,24.582524],[114.351059,24.57849],[114.338567,24.583362],[114.331593,24.576971],[114.324006,24.579538],[114.308142,24.574143],[114.310518,24.558583],[114.293275,24.551982],[114.288906,24.537991],[114.273732,24.533695],[114.280169,24.523109],[114.280399,24.511526],[114.286607,24.500572],[114.310595,24.480757],[114.306839,24.472998],[114.292968,24.468856],[114.283465,24.453965],[114.257868,24.435245],[114.242004,24.426014],[114.245683,24.411328],[114.254879,24.400155],[114.249898,24.386935],[114.249208,24.362695],[114.278637,24.364951],[114.293581,24.352672],[114.292508,24.346952],[114.280859,24.337348],[114.272966,24.324856],[114.280553,24.313098],[114.279326,24.303176],[114.263692,24.27829],[114.266451,24.272776],[114.254649,24.266055],[114.272889,24.257495],[114.254802,24.256707],[114.263156,24.246676],[114.274958,24.224195],[114.274192,24.212742],[114.290899,24.207594],[114.298026,24.195142],[114.289289,24.1819],[114.292891,24.175069],[114.306533,24.165399],[114.316419,24.147319],[114.33029,24.137279],[114.329831,24.126871],[114.337418,24.125294],[114.340713,24.135807],[114.352209,24.143219],[114.365161,24.132233],[114.378879,24.139172],[114.393517,24.140959],[114.419956,24.139329],[114.422179,24.131181],[114.433215,24.133337],[114.439499,24.121982],[114.446856,24.121245],[114.46387,24.110836],[114.479044,24.112939],[114.482953,24.118827],[114.474063,24.135229],[114.463946,24.14017],[114.469311,24.144376],[114.469848,24.162141],[114.46272,24.161931],[114.460574,24.169604],[114.470537,24.171811],[114.474216,24.16624],[114.48119,24.172284],[114.491613,24.192357],[114.511155,24.205335],[114.512458,24.210904],[114.548324,24.230603],[114.556065,24.245888],[114.566028,24.233019],[114.577293,24.227241],[114.591318,24.225981],[114.597602,24.21248],[114.590935,24.203653],[114.590782,24.187838],[114.600055,24.174911],[114.594077,24.164138],[114.568327,24.159303],[114.558134,24.15063],[114.565568,24.136175],[114.554226,24.124295],[114.546715,24.130393],[114.535833,24.124347],[114.533993,24.138856],[114.527939,24.135807],[114.522957,24.12419],[114.509469,24.106682],[114.495828,24.118617],[114.489697,24.114043],[114.493222,24.106787],[114.481267,24.086595],[114.46364,24.07592],[114.44586,24.07066],[114.437813,24.062192],[114.436587,24.048569],[114.440725,24.033208],[114.425628,24.032998],[114.420416,24.019582],[114.412523,24.027421],[114.398038,24.026],[114.399494,24.018003],[114.389685,24.012741],[114.385546,24.003901],[114.391984,23.991693],[114.385393,23.994482],[114.382941,23.981851],[114.389685,23.97043],[114.384856,23.967798],[114.386696,23.95627],[114.378036,23.942794],[114.382481,23.932159],[114.370449,23.92742],[114.36769,23.912519],[114.360486,23.910412],[114.362632,23.901091],[114.34991,23.887925],[114.346154,23.878392],[114.356347,23.869595],[114.343855,23.86654],[114.33029,23.852948],[114.326918,23.8324],[114.332666,23.808635],[114.34102,23.807844],[114.342706,23.796882],[114.348913,23.791453],[114.337954,23.770632],[114.341556,23.7516],[114.357267,23.747593],[114.355351,23.736046],[114.368839,23.725499],[114.378649,23.744693],[114.388612,23.739262],[114.405395,23.708201],[114.421413,23.709942],[114.424248,23.697178],[114.440112,23.687578],[114.473143,23.703349],[114.493529,23.699182],[114.512688,23.688527],[114.520428,23.668428],[114.530545,23.666634],[114.545872,23.631757],[114.557061,23.622204],[114.55047,23.605315],[114.556985,23.5965],[114.554609,23.590165],[114.567561,23.579554],[114.567637,23.570738],[114.57898,23.561498],[114.583041,23.563504],[114.600591,23.555214],[114.611321,23.544178],[114.606646,23.536838],[114.623583,23.529233],[114.625039,23.549406],[114.636764,23.548614],[114.6396,23.556429],[114.65554,23.562871],[114.661825,23.535623],[114.677076,23.529338],[114.692173,23.532402],[114.698764,23.520624],[114.685582,23.508317],[114.68267,23.493949],[114.698381,23.470438],[114.697155,23.46061],[114.676079,23.45522],[114.66673,23.447347],[114.642435,23.416956],[114.632779,23.407865],[114.650712,23.396922],[114.652858,23.411882],[114.659985,23.403318],[114.665657,23.409662],[114.686119,23.413521],[114.707501,23.40427],[114.693246,23.393538],[114.70022,23.389256],[114.703746,23.367578],[114.697461,23.366203],[114.719916,23.358588],[114.715854,23.347905],[114.727427,23.338333],[114.72758,23.327649],[114.73509,23.334366],[114.73693,23.328389],[114.75448,23.328812],[114.761684,23.314636],[114.776628,23.313472],[114.779617,23.294903],[114.768581,23.2794],[114.779234,23.275114],[114.78023,23.265801],[114.786821,23.266277],[114.786821,23.25654],[114.793258,23.23971],[114.786284,23.236269],[114.782989,23.224571],[114.786361,23.207101],[114.802455,23.205566],[114.804294,23.199795],[114.827362,23.184493],[114.834413,23.171784],[114.850353,23.165271],[114.856944,23.177451],[114.868823,23.189841],[114.861926,23.199901],[114.859933,23.211072],[114.87595,23.222877],[114.879629,23.241139],[114.898865,23.246643],[114.89488,23.254899],[114.91174,23.274532],[114.91174,23.295908],[114.919097,23.314848],[114.915419,23.316064],[114.913043,23.338756],[114.923236,23.338597],[114.944158,23.350179],[114.953891,23.343727],[114.948066,23.329606],[114.961631,23.326749],[114.970981,23.313631],[114.976116,23.316858],[114.971058,23.302469],[114.978032,23.294374],[114.992133,23.296755],[114.996884,23.31379],[115.007384,23.324475],[115.007154,23.332356],[115.031525,23.329235],[115.048768,23.320561],[115.056125,23.321195],[115.06126,23.331351],[115.069384,23.330875],[115.078274,23.344944],[115.087623,23.343886],[115.100269,23.355997],[115.11345,23.35954],[115.12234,23.368159],[115.141346,23.360809],[115.157517,23.362342],[115.169089,23.368794],[115.168553,23.377307],[115.17637,23.381008],[115.189551,23.376619],[115.197675,23.380796],[115.205799,23.377412],[115.221739,23.384445],[115.235457,23.385343],[115.240822,23.376725],[115.265039,23.384445],[115.277608,23.375879],[115.295618,23.357319],[115.306117,23.360597],[115.303282,23.346425],[115.306884,23.344415],[115.303665,23.324634],[115.310792,23.307971],[115.334856,23.322412],[115.345585,23.316964],[115.348191,23.308552],[115.362369,23.305114],[115.365971,23.299823],[115.377313,23.302892],[115.384517,23.289877],[115.39494,23.288342],[115.401378,23.276437],[115.403447,23.250083],[115.419311,23.243785]]]]}},{"type":"Feature","properties":{"adcode":441300,"name":"惠州市","center":[114.412599,23.079404],"centroid":[114.507032,23.234461],"childrenNum":5,"level":"city","parent":{"adcode":440000},"subFeatureIndex":10,"acroutes":[100000,440000],"footprintId":"huizhou","footprintName":"惠州","footprintNameEn":"Huizhou","firstVisit":2008},"geometry":{"type":"MultiPolygon","coordinates":[[[[114.514451,22.660747],[114.532231,22.665691],[114.558441,22.682752],[114.599365,22.691574],[114.608178,22.695613],[114.6045,22.713202],[114.59423,22.721172],[114.601741,22.730736],[114.685966,22.765212],[114.693706,22.774507],[114.695545,22.784173],[114.709647,22.787678],[114.731335,22.771214],[114.749881,22.76399],[114.75241,22.759741],[114.739305,22.734242],[114.733941,22.719259],[114.738462,22.686047],[114.730492,22.671591],[114.728576,22.651285],[114.740915,22.638473],[114.743597,22.620183],[114.738999,22.606358],[114.747352,22.581628],[114.806517,22.584873],[114.842766,22.590351],[114.875184,22.590351],[114.885453,22.569182],[114.883614,22.540243],[114.914422,22.545776],[114.925305,22.551628],[114.927374,22.55849],[114.923236,22.58833],[114.924232,22.610878],[114.93772,22.637357],[114.945307,22.645491],[114.974353,22.668455],[114.997881,22.683071],[115.008533,22.698058],[115.02616,22.702149],[115.023094,22.717559],[115.009836,22.729248],[115.007154,22.740724],[114.994432,22.754376],[114.999797,22.773551],[114.992286,22.771055],[114.977725,22.776631],[114.974276,22.78805],[114.952741,22.794582],[114.944388,22.809397],[114.950595,22.81614],[114.950135,22.834722],[114.940556,22.842473],[114.931666,22.840456],[114.927987,22.849745],[114.932356,22.859035],[114.925075,22.868323],[114.939023,22.870075],[114.941245,22.877452],[114.926071,22.890454],[114.926225,22.900854],[114.917794,22.907009],[114.930363,22.920698],[114.946304,22.919372],[114.953507,22.928656],[114.965923,22.926693],[114.975962,22.938682],[114.986308,22.935075],[114.997804,22.938682],[114.99995,22.949504],[115.010066,22.955922],[115.020029,22.955498],[115.043557,22.969924],[115.047925,22.966848],[115.062333,22.994106],[115.075974,22.995219],[115.074901,22.999727],[115.085937,23.007733],[115.099349,22.996227],[115.110998,23.009589],[115.129467,23.003279],[115.146864,22.991136],[115.14878,23.000363],[115.163341,23.012558],[115.165947,23.027084],[115.180431,23.040337],[115.194226,23.045637],[115.20235,23.043835],[115.220743,23.054754],[115.22695,23.0538],[115.24588,23.061803],[115.251551,23.073568],[115.265882,23.084114],[115.262664,23.091426],[115.290253,23.095559],[115.287724,23.117865],[115.281363,23.125016],[115.285348,23.135505],[115.28167,23.145145],[115.283509,23.157433],[115.294468,23.160981],[115.311635,23.157645],[115.317076,23.163523],[115.325277,23.159392],[115.336925,23.170302],[115.342367,23.19413],[115.376241,23.205143],[115.388119,23.22023],[115.404443,23.21986],[115.40314,23.230658],[115.409655,23.237963],[115.425289,23.236322],[115.419311,23.243785],[115.403447,23.250083],[115.401378,23.276437],[115.39494,23.288342],[115.384517,23.289877],[115.377313,23.302892],[115.365971,23.299823],[115.362369,23.305114],[115.348191,23.308552],[115.345585,23.316964],[115.334856,23.322412],[115.310792,23.307971],[115.303665,23.324634],[115.306884,23.344415],[115.303282,23.346425],[115.306117,23.360597],[115.295618,23.357319],[115.277608,23.375879],[115.265039,23.384445],[115.240822,23.376725],[115.235457,23.385343],[115.221739,23.384445],[115.205799,23.377412],[115.197675,23.380796],[115.189551,23.376619],[115.17637,23.381008],[115.168553,23.377307],[115.169089,23.368794],[115.157517,23.362342],[115.141346,23.360809],[115.12234,23.368159],[115.11345,23.35954],[115.100269,23.355997],[115.087623,23.343886],[115.078274,23.344944],[115.069384,23.330875],[115.06126,23.331351],[115.056125,23.321195],[115.048768,23.320561],[115.031525,23.329235],[115.007154,23.332356],[115.007384,23.324475],[114.996884,23.31379],[114.992133,23.296755],[114.978032,23.294374],[114.971058,23.302469],[114.976116,23.316858],[114.970981,23.313631],[114.961631,23.326749],[114.948066,23.329606],[114.953891,23.343727],[114.944158,23.350179],[114.923236,23.338597],[114.913043,23.338756],[114.915419,23.316064],[114.919097,23.314848],[114.91174,23.295908],[114.91174,23.274532],[114.89488,23.254899],[114.898865,23.246643],[114.879629,23.241139],[114.87595,23.222877],[114.859933,23.211072],[114.861926,23.199901],[114.868823,23.189841],[114.856944,23.177451],[114.850353,23.165271],[114.834413,23.171784],[114.827362,23.184493],[114.804294,23.199795],[114.802455,23.205566],[114.786361,23.207101],[114.782989,23.224571],[114.786284,23.236269],[114.793258,23.23971],[114.786821,23.25654],[114.786821,23.266277],[114.78023,23.265801],[114.779234,23.275114],[114.768581,23.2794],[114.779617,23.294903],[114.776628,23.313472],[114.761684,23.314636],[114.75448,23.328812],[114.73693,23.328389],[114.73509,23.334366],[114.72758,23.327649],[114.727427,23.338333],[114.715854,23.347905],[114.719916,23.358588],[114.697461,23.366203],[114.703746,23.367578],[114.70022,23.389256],[114.693246,23.393538],[114.707501,23.40427],[114.686119,23.413521],[114.665657,23.409662],[114.659985,23.403318],[114.652858,23.411882],[114.650712,23.396922],[114.632779,23.407865],[114.642435,23.416956],[114.66673,23.447347],[114.676079,23.45522],[114.697155,23.46061],[114.698381,23.470438],[114.68267,23.493949],[114.685582,23.508317],[114.698764,23.520624],[114.692173,23.532402],[114.677076,23.529338],[114.661825,23.535623],[114.65554,23.562871],[114.6396,23.556429],[114.636764,23.548614],[114.625039,23.549406],[114.623583,23.529233],[114.606646,23.536838],[114.611321,23.544178],[114.600591,23.555214],[114.583041,23.563504],[114.57898,23.561498],[114.567637,23.570738],[114.567561,23.579554],[114.554609,23.590165],[114.556985,23.5965],[114.55047,23.605315],[114.557061,23.622204],[114.545872,23.631757],[114.530545,23.666634],[114.520428,23.668428],[114.512688,23.688527],[114.493529,23.699182],[114.473143,23.703349],[114.440112,23.687578],[114.424248,23.697178],[114.421413,23.709942],[114.405395,23.708201],[114.388612,23.739262],[114.378649,23.744693],[114.368839,23.725499],[114.355351,23.736046],[114.357267,23.747593],[114.341556,23.7516],[114.337954,23.770632],[114.348913,23.791453],[114.342706,23.796882],[114.34102,23.807844],[114.332666,23.808635],[114.326918,23.8324],[114.33029,23.852948],[114.343855,23.86654],[114.356347,23.869595],[114.346154,23.878392],[114.34991,23.887925],[114.331517,23.900512],[114.32163,23.894403],[114.303161,23.891454],[114.28814,23.90541],[114.279633,23.901091],[114.268367,23.902829],[114.263156,23.911044],[114.248671,23.906516],[114.236716,23.910676],[114.247905,23.929737],[114.254649,23.934686],[114.251047,23.940477],[114.271739,23.948479],[114.271816,23.959482],[114.263309,23.960218],[114.258711,23.952744],[114.244303,23.948269],[114.238479,23.941899],[114.21702,23.942636],[114.213341,23.946163],[114.201999,23.941267],[114.19196,23.9449],[114.186518,23.95627],[114.174333,23.959429],[114.16368,23.953586],[114.158162,23.939846],[114.142835,23.940425],[114.119844,23.936002],[114.117008,23.929737],[114.075624,23.924366],[114.074398,23.930895],[114.056771,23.935844],[114.04129,23.906937],[114.036232,23.901776],[114.04267,23.889874],[114.041827,23.871491],[114.047728,23.867488],[114.050487,23.85474],[114.057767,23.846784],[114.052249,23.830029],[114.040294,23.824444],[114.035312,23.813378],[114.047728,23.803312],[114.037228,23.793509],[114.056311,23.784021],[114.05999,23.775851],[114.038454,23.771212],[114.027419,23.760141],[114.02489,23.752549],[114.018222,23.76283],[114.009945,23.762988],[114.017686,23.778276],[114.013087,23.777959],[113.998756,23.762988],[113.976071,23.757716],[113.972853,23.739262],[113.96105,23.738207],[113.955916,23.732671],[113.940282,23.738155],[113.93645,23.732143],[113.920049,23.729454],[113.912386,23.716534],[113.900967,23.715426],[113.897595,23.700184],[113.881884,23.685151],[113.847857,23.679348],[113.839963,23.655449],[113.818811,23.656188],[113.827778,23.648009],[113.825555,23.639883],[113.816742,23.63582],[113.817432,23.623471],[113.832223,23.624263],[113.834215,23.61756],[113.843565,23.617877],[113.859582,23.60996],[113.858356,23.593491],[113.864027,23.587368],[113.852838,23.570579],[113.862495,23.566303],[113.871384,23.541327],[113.888168,23.535095],[113.89315,23.520254],[113.906408,23.511856],[113.911543,23.504144],[113.923115,23.503088],[113.929936,23.494213],[113.946643,23.492522],[113.940895,23.483594],[113.931162,23.483066],[113.938749,23.476726],[113.96105,23.480371],[113.974156,23.478839],[113.981743,23.472129],[113.974462,23.46489],[113.955456,23.466053],[113.952774,23.442907],[113.960054,23.43276],[113.975382,23.429378],[113.98795,23.431439],[113.984195,23.421238],[113.986801,23.405591],[114.000442,23.39338],[113.995997,23.386771],[113.982049,23.379369],[113.990556,23.354833],[114.000902,23.346636],[113.993928,23.333149],[113.984195,23.330505],[113.996151,23.309346],[113.996687,23.297443],[113.978217,23.30104],[113.977451,23.304849],[113.958445,23.314953],[113.958905,23.33262],[113.939285,23.342934],[113.927483,23.339972],[113.895985,23.34505],[113.889394,23.334154],[113.894989,23.314689],[113.888475,23.290512],[113.890314,23.282681],[113.877209,23.264213],[113.895142,23.253523],[113.890084,23.242144],[113.903802,23.212554],[113.893993,23.21266],[113.8838,23.191694],[113.889011,23.178616],[113.902116,23.177186],[113.895679,23.164529],[113.874757,23.165377],[113.858739,23.157221],[113.849849,23.148853],[113.844715,23.125599],[113.848163,23.116911],[113.863261,23.114633],[113.876596,23.124275],[113.894836,23.111295],[113.905565,23.11511],[113.938366,23.107534],[113.962737,23.114209],[113.970554,23.113308],[113.986418,23.10197],[113.993315,23.092645],[114.010252,23.083425],[114.029871,23.084379],[114.049797,23.097467],[114.065891,23.101441],[114.088959,23.094182],[114.091564,23.077331],[114.102217,23.058623],[114.120993,23.048022],[114.150269,23.024698],[114.151035,23.019079],[114.139233,23.023479],[114.124442,22.994],[114.132182,22.994424],[114.13816,22.986417],[114.15571,22.983129],[114.158546,22.978303],[114.178701,22.989174],[114.182303,22.995432],[114.20039,22.986682],[114.212498,22.987796],[114.222385,22.980743],[114.223841,22.963719],[114.211349,22.953959],[114.213035,22.928444],[114.229742,22.914703],[114.245299,22.911732],[114.249208,22.905152],[114.259171,22.906054],[114.26032,22.899634],[114.251737,22.884351],[114.24484,22.88053],[114.236946,22.88589],[114.231198,22.880318],[114.2348,22.862962],[114.233114,22.842314],[114.235643,22.839872],[114.23388,22.816937],[114.229205,22.81253],[114.234953,22.792989],[114.245529,22.790652],[114.250817,22.781677],[114.26147,22.781783],[114.282852,22.802388],[114.284844,22.808282],[114.294347,22.803397],[114.314503,22.800157],[114.318565,22.806583],[114.33052,22.809291],[114.353128,22.806636],[114.351136,22.789696],[114.342706,22.783642],[114.354125,22.778172],[114.355964,22.764893],[114.36562,22.766062],[114.388075,22.757191],[114.394819,22.759794],[114.396352,22.777322],[114.404706,22.781305],[114.41827,22.766327],[114.414055,22.752251],[114.413902,22.736261],[114.403403,22.723935],[114.409227,22.713574],[114.42057,22.713999],[114.426394,22.699918],[114.442028,22.697579],[114.445324,22.68897],[114.441338,22.682167],[114.428157,22.676746],[114.431912,22.660907],[114.449692,22.665319],[114.453447,22.669943],[114.478278,22.661864],[114.481956,22.668136],[114.505867,22.668455],[114.514451,22.660747]]],[[[114.650482,22.573916],[114.658913,22.560512],[114.657763,22.575565],[114.638144,22.585724],[114.641592,22.572799],[114.650482,22.573916]]],[[[114.628947,22.448492],[114.638527,22.454241],[114.652092,22.454507],[114.657227,22.462439],[114.631783,22.468082],[114.620287,22.466325],[114.628947,22.448492]]],[[[114.609941,22.670262],[114.61293,22.661704],[114.617988,22.669518],[114.609941,22.670262]]],[[[114.840007,22.51199],[114.84062,22.502038],[114.855641,22.513799],[114.845908,22.516779],[114.840007,22.51199]]],[[[114.649409,22.675152],[114.648107,22.664734],[114.653548,22.664043],[114.649409,22.675152]]],[[[114.72689,22.577693],[114.720836,22.588543],[114.719226,22.580246],[114.72689,22.577693]]],[[[114.641286,22.429378],[114.650482,22.428739],[114.659602,22.444073],[114.654238,22.445138],[114.641286,22.429378]]]]}},{"type":"Feature","properties":{"adcode":350500,"name":"泉州市","center":[118.589421,24.908853],"centroid":[118.267651,25.202187],"childrenNum":12,"level":"city","parent":{"adcode":350000},"subFeatureIndex":4,"acroutes":[100000,350000],"footprintId":"quanzhou","footprintName":"泉州","footprintNameEn":"Quanzhou","firstVisit":2008},"geometry":{"type":"MultiPolygon","coordinates":[[[[118.899849,25.241366],[118.875473,25.241366],[118.869623,25.237659],[118.869477,25.227646],[118.850123,25.216573],[118.848709,25.224902],[118.827697,25.218258],[118.800982,25.217103],[118.801323,25.220714],[118.781872,25.213829],[118.776753,25.203717],[118.778508,25.195387],[118.765101,25.195001],[118.74487,25.185851],[118.741019,25.1872],[118.725711,25.168754],[118.717521,25.169428],[118.70465,25.157579],[118.691585,25.15493],[118.692024,25.169332],[118.677789,25.177761],[118.677838,25.191679],[118.673645,25.200684],[118.682225,25.201213],[118.691537,25.212192],[118.682371,25.212384],[118.683444,25.230679],[118.688075,25.23453],[118.68476,25.244687],[118.695778,25.258502],[118.680421,25.271111],[118.672767,25.264807],[118.662042,25.265721],[118.659605,25.25778],[118.646442,25.268416],[118.650098,25.27448],[118.662579,25.280062],[118.66643,25.289782],[118.655705,25.301955],[118.632694,25.301378],[118.625577,25.293487],[118.61568,25.293102],[118.59618,25.302388],[118.578288,25.301282],[118.571853,25.286703],[118.563517,25.290263],[118.533389,25.291274],[118.530171,25.308739],[118.535729,25.320766],[118.528221,25.325817],[118.520519,25.312395],[118.512865,25.317591],[118.522371,25.333994],[118.522518,25.347269],[118.52983,25.35809],[118.520714,25.362899],[118.517984,25.372084],[118.503261,25.384633],[118.494388,25.385691],[118.497411,25.400835],[118.487661,25.40396],[118.482152,25.425494],[118.469818,25.424052],[118.460068,25.443613],[118.471329,25.46663],[118.477326,25.468888],[118.479373,25.480899],[118.466552,25.482917],[118.473572,25.491324],[118.465674,25.494975],[118.464748,25.516253],[118.474059,25.524465],[118.491463,25.546794],[118.490098,25.549963],[118.509989,25.56187],[118.511549,25.578576],[118.531293,25.601711],[118.533096,25.60795],[118.545187,25.617836],[118.550062,25.632279],[118.531293,25.642403],[118.544845,25.656555],[118.540068,25.661592],[118.523736,25.659097],[118.510232,25.674974],[118.492438,25.688739],[118.479958,25.707106],[118.46855,25.71075],[118.454364,25.720723],[118.448514,25.718134],[118.430915,25.730552],[118.425016,25.761374],[118.417996,25.769186],[118.414632,25.789744],[118.397959,25.801005],[118.391914,25.809964],[118.382115,25.814132],[118.392743,25.82539],[118.397131,25.845843],[118.405028,25.843161],[118.421213,25.854607],[118.41239,25.875582],[118.406247,25.878455],[118.409806,25.889419],[118.396107,25.899904],[118.369635,25.896361],[118.366564,25.914217],[118.36125,25.91795],[118.36008,25.929533],[118.350281,25.936999],[118.344675,25.935468],[118.336533,25.916754],[118.318008,25.913547],[118.308745,25.929533],[118.295924,25.922593],[118.285345,25.930825],[118.275497,25.929773],[118.266332,25.916514],[118.272718,25.903877],[118.267746,25.898707],[118.248148,25.896169],[118.246832,25.890855],[118.232938,25.883769],[118.215534,25.897893],[118.209001,25.898324],[118.19696,25.88511],[118.18019,25.884152],[118.177508,25.900143],[118.156399,25.907898],[118.148014,25.900239],[118.129781,25.899999],[118.104431,25.891765],[118.096631,25.886498],[118.078057,25.8842],[118.076935,25.876922],[118.085272,25.865143],[118.063773,25.848237],[118.049489,25.858343],[118.038812,25.856235],[118.031402,25.864041],[118.015412,25.857002],[118.018971,25.845076],[118.033303,25.835066],[118.030086,25.823378],[118.02643,25.831378],[118.011512,25.813701],[118.007368,25.797076],[118.011073,25.795638],[118.006198,25.769617],[117.998739,25.766694],[117.987673,25.771055],[117.983236,25.759553],[117.976362,25.760463],[117.98972,25.731271],[118.002932,25.715018],[118.009464,25.724223],[118.015168,25.718949],[118.006003,25.691857],[118.000104,25.685814],[117.968904,25.68097],[117.959738,25.672145],[117.946722,25.674639],[117.949745,25.668259],[117.937411,25.658426],[117.942042,25.65147],[117.953352,25.655739],[117.956472,25.640627],[117.967734,25.644418],[117.976655,25.629448],[117.985625,25.625897],[117.990646,25.613565],[117.993328,25.620283],[118.003565,25.616876],[118.019458,25.621387],[118.025552,25.628584],[118.038032,25.628249],[118.042907,25.619851],[118.043249,25.604783],[118.039495,25.59216],[118.033693,25.588128],[118.035058,25.5792],[118.030086,25.568639],[118.002152,25.549723],[117.994303,25.537431],[117.980214,25.531044],[117.980945,25.516349],[117.962566,25.528835],[117.941993,25.524129],[117.93195,25.511018],[117.892901,25.497424],[117.882517,25.498865],[117.864187,25.495743],[117.85312,25.488393],[117.840494,25.491852],[117.829135,25.50924],[117.820165,25.517069],[117.804516,25.508952],[117.789159,25.510057],[117.789111,25.493341],[117.798032,25.478017],[117.786478,25.481956],[117.769562,25.499442],[117.762444,25.497665],[117.752694,25.507703],[117.742944,25.505206],[117.731682,25.509385],[117.733779,25.514139],[117.71813,25.511978],[117.715156,25.491468],[117.722371,25.48138],[117.713157,25.477921],[117.704041,25.457597],[117.697557,25.455675],[117.691414,25.440874],[117.699019,25.422226],[117.684101,25.396508],[117.691658,25.390595],[117.691512,25.368285],[117.678349,25.355349],[117.68025,25.347269],[117.661627,25.336351],[117.655192,25.320622],[117.619409,25.299598],[117.599811,25.293728],[117.604638,25.284152],[117.603468,25.260042],[117.621067,25.247479],[117.622285,25.240788],[117.6139,25.222254],[117.595765,25.221821],[117.578654,25.231257],[117.570707,25.220232],[117.555399,25.21171],[117.555692,25.194231],[117.562176,25.187489],[117.573193,25.188934],[117.582066,25.174871],[117.59674,25.171355],[117.604004,25.164323],[117.621603,25.160951],[117.620579,25.147993],[117.626624,25.138358],[117.653047,25.13407],[117.671524,25.124385],[117.671378,25.098797],[117.677471,25.08805],[117.699019,25.078699],[117.707551,25.067901],[117.721883,25.07788],[117.72671,25.071179],[117.731585,25.051077],[117.726222,25.043652],[117.73841,25.037287],[117.737142,25.026534],[117.718032,25.015009],[117.715497,25.00353],[117.701505,25.004495],[117.69507,24.992196],[117.685076,24.98853],[117.670841,24.999913],[117.654461,24.996971],[117.654802,24.981342],[117.637057,24.970922],[117.618239,24.964457],[117.604345,24.947908],[117.607026,24.930294],[117.630183,24.92571],[117.631451,24.912871],[117.614875,24.898004],[117.616728,24.877101],[117.624772,24.86672],[117.636618,24.866865],[117.644857,24.858946],[117.657581,24.85349],[117.668404,24.853972],[117.683419,24.848999],[117.711597,24.86363],[117.717788,24.874252],[117.729976,24.88077],[117.750403,24.877197],[117.76259,24.86841],[117.770244,24.868555],[117.770585,24.855952],[117.775753,24.85093],[117.789988,24.85716],[117.797545,24.865416],[117.802663,24.852669],[117.81256,24.849964],[117.822115,24.85798],[117.824991,24.866527],[117.821189,24.87459],[117.833864,24.881543],[117.849757,24.873866],[117.863992,24.878308],[117.871695,24.87179],[117.882566,24.895687],[117.893632,24.887191],[117.898605,24.874639],[117.913035,24.870293],[117.917715,24.879515],[117.930195,24.875508],[117.936436,24.86643],[117.947404,24.871114],[117.957788,24.868169],[117.971146,24.848081],[117.999032,24.859912],[117.991475,24.866913],[117.996984,24.877246],[118.011707,24.87517],[118.014486,24.879708],[118.004638,24.88777],[117.990305,24.892839],[117.996984,24.899839],[118.009074,24.892791],[118.015802,24.901818],[118.036765,24.899694],[118.042127,24.883087],[118.059141,24.86643],[118.06582,24.875411],[118.071865,24.874397],[118.072548,24.86194],[118.077764,24.854262],[118.085564,24.863727],[118.109696,24.875218],[118.113547,24.874735],[118.12554,24.888494],[118.137923,24.89477],[118.150695,24.891681],[118.161567,24.897618],[118.176923,24.893225],[118.194961,24.892646],[118.204077,24.882122],[118.197252,24.879998],[118.197106,24.86643],[118.22582,24.850834],[118.224163,24.838422],[118.231817,24.825961],[118.243224,24.824947],[118.252097,24.831371],[118.263748,24.825285],[118.28437,24.832482],[118.301238,24.826106],[118.312012,24.804901],[118.325564,24.798234],[118.322591,24.783837],[118.334876,24.774559],[118.338045,24.780358],[118.344772,24.771708],[118.337021,24.771032],[118.33512,24.752475],[118.316887,24.74885],[118.322249,24.733239],[118.332389,24.72942],[118.336533,24.718399],[118.322006,24.69819],[118.322493,24.692388],[118.338825,24.68204],[118.338727,24.673771],[118.352134,24.66434],[118.350817,24.649105],[118.34331,24.64214],[118.346966,24.630578],[118.34448,24.620951],[118.337021,24.617274],[118.329611,24.605324],[118.331512,24.598259],[118.341213,24.607259],[118.34175,24.592404],[118.353109,24.585097],[118.355546,24.575805],[118.373828,24.575611],[118.385674,24.582048],[118.391817,24.574062],[118.402981,24.578079],[118.401567,24.590855],[118.422091,24.598549],[118.444663,24.614952],[118.478642,24.615],[118.518569,24.605904],[118.557326,24.572901],[118.556497,24.562591],[118.547185,24.559203],[118.54621,24.549764],[118.563712,24.539308],[118.566442,24.52062],[118.558106,24.512582],[118.579946,24.507207],[118.590817,24.513792],[118.614267,24.521733],[118.620604,24.534805],[118.625382,24.535144],[118.639666,24.548748],[118.65746,24.55446],[118.655997,24.565883],[118.664285,24.573772],[118.673255,24.575079],[118.680324,24.582241],[118.689099,24.608952],[118.686856,24.633626],[118.672475,24.631449],[118.667015,24.621387],[118.661262,24.622257],[118.654973,24.633674],[118.652438,24.6537],[118.656095,24.669805],[118.670184,24.679767],[118.677496,24.667194],[118.68593,24.662599],[118.703432,24.665453],[118.716789,24.676576],[118.724053,24.677688],[118.731463,24.691372],[118.742237,24.698964],[118.7398,24.706264],[118.750525,24.716465],[118.742384,24.717142],[118.747259,24.723619],[118.752329,24.718785],[118.765979,24.728695],[118.765784,24.734592],[118.776509,24.740972],[118.784651,24.760062],[118.785431,24.77683],[118.744821,24.779488],[118.736095,24.783981],[118.731415,24.800939],[118.732243,24.815625],[118.72108,24.815866],[118.713036,24.809248],[118.710598,24.796736],[118.690903,24.799925],[118.673694,24.794466],[118.650391,24.808765],[118.645711,24.829053],[118.647905,24.843638],[118.672865,24.849578],[118.687734,24.85658],[118.696997,24.867879],[118.702408,24.865513],[118.698557,24.85262],[118.705187,24.844314],[118.731415,24.840692],[118.734925,24.826106],[118.745894,24.824512],[118.751207,24.845377],[118.765979,24.847984],[118.787234,24.855663],[118.80576,24.869859],[118.819654,24.86899],[118.834474,24.854262],[118.845784,24.863775],[118.835693,24.86812],[118.838325,24.875701],[118.847685,24.875701],[118.864748,24.887384],[118.876156,24.888205],[118.895851,24.884005],[118.906966,24.876135],[118.931439,24.870438],[118.948892,24.876232],[118.958008,24.871211],[118.991841,24.880336],[118.988185,24.896846],[118.972292,24.902252],[118.955522,24.896991],[118.942116,24.908189],[118.93295,24.906548],[118.928124,24.918711],[118.918276,24.923876],[118.918374,24.932466],[118.93334,24.949355],[118.945626,24.954036],[118.983456,24.938305],[118.982774,24.934396],[119.013926,24.94149],[119.032743,24.957654],[119.032451,24.961369],[119.017143,24.963444],[119.009392,24.958619],[119.006125,24.97015],[118.997886,24.968558],[118.989696,24.974058],[118.988575,24.995524],[119.005882,24.999334],[119.011927,25.0261],[119.024066,25.043507],[119.024456,25.051655],[119.016363,25.058501],[118.998959,25.055608],[118.991646,25.044037],[118.983603,25.044037],[118.97629,25.026775],[118.960348,25.02176],[118.945284,25.028511],[118.946259,25.043121],[118.920519,25.054934],[118.889172,25.084194],[118.892097,25.092725],[118.910866,25.093014],[118.916521,25.09899],[118.937777,25.098026],[118.955181,25.107905],[118.974779,25.115182],[118.973804,25.121687],[118.953913,25.127132],[118.951476,25.14939],[118.966588,25.153918],[118.985504,25.166105],[118.984431,25.195483],[118.973999,25.198806],[118.971074,25.20834],[118.950403,25.206173],[118.941921,25.211036],[118.945674,25.219606],[118.919739,25.233086],[118.917789,25.238285],[118.899849,25.241366]]],[[[118.412536,24.514325],[118.395034,24.508902],[118.399909,24.490693],[118.383675,24.480716],[118.390403,24.474904],[118.389525,24.465507],[118.374608,24.458774],[118.34526,24.468559],[118.318739,24.486625],[118.295729,24.47534],[118.294023,24.466766],[118.304797,24.454608],[118.311963,24.424617],[118.290123,24.423067],[118.290659,24.415023],[118.281932,24.410419],[118.294315,24.401453],[118.299483,24.39239],[118.318788,24.383617],[118.333072,24.383714],[118.339848,24.390161],[118.350671,24.412309],[118.372268,24.42641],[118.405272,24.428058],[118.416095,24.42171],[118.432377,24.418899],[118.437009,24.411],[118.43072,24.403586],[118.457728,24.41226],[118.459532,24.420062],[118.469818,24.425296],[118.465625,24.434211],[118.477033,24.437506],[118.478983,24.447971],[118.467527,24.459307],[118.467917,24.470448],[118.473474,24.477277],[118.462944,24.478537],[118.4549,24.504447],[118.43852,24.50774],[118.430525,24.521346],[118.414583,24.526672],[118.412536,24.514325]]],[[[118.230403,24.401308],[118.238203,24.40819],[118.246734,24.407317],[118.252779,24.4173],[118.269988,24.421419],[118.27345,24.441139],[118.255656,24.451943],[118.233864,24.445791],[118.229087,24.427961],[118.220701,24.42578],[118.217923,24.405621],[118.230403,24.401308]]],[[[119.004419,25.181951],[119.000958,25.185851],[118.994181,25.172559],[119.004419,25.181951]]],[[[119.028307,25.029669],[119.03679,25.031549],[119.027039,25.04047],[119.028307,25.029669]]]]}},{"type":"Feature","properties":{"adcode":110000,"name":"北京市","center":[116.405285,39.904989],"centroid":[116.41995,40.18994],"childrenNum":16,"level":"province","parent":{"adcode":100000},"subFeatureIndex":0,"acroutes":[100000],"footprintId":"beijing","footprintName":"北京","footprintNameEn":"Beijing","firstVisit":2008},"geometry":{"type":"MultiPolygon","coordinates":[[[[117.348611,40.581141],[117.389879,40.561593],[117.429915,40.576141],[117.412669,40.605226],[117.467487,40.649738],[117.467487,40.649738],[117.501364,40.636569],[117.514914,40.660181],[117.493973,40.675161],[117.408973,40.686961],[117.342451,40.673799],[117.319662,40.657911],[117.278394,40.664267],[117.208177,40.694675],[117.117018,40.70012],[117.11209,40.707379],[117.012308,40.693767],[116.964881,40.709647],[116.926692,40.745022],[116.924229,40.773581],[116.848468,40.839264],[116.81336,40.848319],[116.759773,40.889954],[116.713577,40.909858],[116.722201,40.927495],[116.677853,40.970888],[116.698795,41.021477],[116.688324,41.044501],[116.647672,41.059394],[116.615643,41.053076],[116.623034,41.021026],[116.598397,40.974503],[116.5676,40.992574],[116.519557,40.98128],[116.519557,40.98128],[116.455499,40.980828],[116.447492,40.953715],[116.477057,40.899907],[116.398216,40.90624],[116.370499,40.94377],[116.339702,40.929303],[116.334159,40.90443],[116.438253,40.81934],[116.46597,40.774487],[116.453651,40.765876],[116.316912,40.772221],[116.311369,40.754996],[116.273181,40.762703],[116.247311,40.791707],[116.22021,40.744115],[116.204812,40.740035],[116.171551,40.695582],[116.162928,40.662451],[116.133979,40.666536],[116.09887,40.630665],[116.005247,40.583868],[115.982457,40.578868],[115.971986,40.6025],[115.907929,40.617493],[115.885139,40.595229],[115.827857,40.587504],[115.819849,40.55932],[115.784741,40.55841],[115.755176,40.540221],[115.736082,40.503372],[115.781045,40.49336],[115.771806,40.443734],[115.864197,40.359422],[115.917784,40.354405],[115.95166,40.281852],[115.968907,40.264045],[115.89869,40.234354],[115.870356,40.185909],[115.855574,40.188652],[115.847567,40.147036],[115.806299,40.15344],[115.773654,40.176307],[115.75456,40.145663],[115.75456,40.145663],[115.599959,40.119583],[115.59072,40.096239],[115.527278,40.076092],[115.485394,40.040364],[115.454597,40.029825],[115.450286,39.992697],[115.428728,39.984443],[115.426264,39.950502],[115.481083,39.935819],[115.522967,39.899099],[115.515575,39.892212],[115.515575,39.892212],[115.526046,39.87568],[115.514344,39.837549],[115.567314,39.816407],[115.552532,39.794799],[115.50572,39.784222],[115.483547,39.798477],[115.483547,39.798477],[115.443511,39.785601],[115.439815,39.752022],[115.486626,39.741899],[115.491554,39.670074],[115.478619,39.650723],[115.478619,39.650723],[115.522351,39.640124],[115.518039,39.597252],[115.545756,39.618922],[115.587024,39.589873],[115.633836,39.599557],[115.633836,39.599557],[115.667712,39.615234],[115.698509,39.577881],[115.698509,39.577881],[115.699125,39.570039],[115.699125,39.570039],[115.716988,39.56035],[115.716988,39.56035],[115.718835,39.553891],[115.718835,39.553891],[115.720683,39.551122],[115.720683,39.551122],[115.722531,39.5442],[115.721299,39.543738],[115.722531,39.5442],[115.722531,39.543738],[115.721299,39.543738],[115.722531,39.543738],[115.724995,39.5442],[115.724995,39.5442],[115.738545,39.540046],[115.738545,39.539585],[115.738545,39.540046],[115.738545,39.539585],[115.752712,39.515581],[115.806299,39.510041],[115.806299,39.510041],[115.821081,39.522968],[115.821081,39.522968],[115.828473,39.541431],[115.867893,39.546507],[115.867893,39.546507],[115.91532,39.582955],[115.91532,39.582955],[115.910393,39.600479],[115.910393,39.600479],[115.957204,39.560812],[115.978146,39.595868],[115.995392,39.576958],[116.026189,39.587567],[116.036044,39.571884],[116.09887,39.575113],[116.130283,39.567732],[116.151841,39.583416],[116.198652,39.589412],[116.240536,39.564041],[116.257782,39.500344],[116.307057,39.488337],[116.337854,39.455536],[116.361876,39.455074],[116.361876,39.455074],[116.434557,39.442597],[116.454883,39.453226],[116.444412,39.482332],[116.411767,39.482794],[116.401912,39.528046],[116.443796,39.510041],[116.437637,39.526661],[116.478289,39.535431],[116.473361,39.552968],[116.50847,39.551122],[116.524484,39.596329],[116.592237,39.621227],[116.592237,39.621227],[116.620571,39.601863],[116.664918,39.605552],[116.723432,39.59264],[116.724048,39.59264],[116.723432,39.59264],[116.724048,39.59264],[116.726512,39.595407],[116.726512,39.595407],[116.709266,39.618],[116.748686,39.619844],[116.79057,39.595868],[116.812128,39.615695],[116.8497,39.66777],[116.906366,39.677444],[116.90575,39.688037],[116.889736,39.687576],[116.887272,39.72533],[116.916837,39.731314],[116.902055,39.763523],[116.949482,39.778703],[116.918069,39.84628],[116.907598,39.832494],[116.865714,39.843982],[116.812128,39.889916],[116.78441,39.891294],[116.782563,39.947749],[116.757925,39.967934],[116.781331,40.034866],[116.820135,40.02845],[116.831222,40.051359],[116.867562,40.041739],[116.927924,40.055024],[116.945171,40.04128],[117.025243,40.030283],[117.051728,40.059605],[117.105315,40.074261],[117.105315,40.074261],[117.140423,40.064185],[117.159517,40.077008],[117.204481,40.069681],[117.210024,40.082045],[117.224191,40.094865],[117.224191,40.094865],[117.254988,40.114548],[117.254988,40.114548],[117.254988,40.114548],[117.274082,40.105852],[117.307343,40.136971],[117.349227,40.136513],[117.367089,40.172649],[117.367089,40.173106],[117.367089,40.173106],[117.367089,40.172649],[117.383719,40.188195],[117.389879,40.227958],[117.351075,40.229786],[117.331365,40.289613],[117.295024,40.2782],[117.271618,40.325211],[117.271618,40.325211],[117.243285,40.369453],[117.226039,40.368997],[117.234046,40.417312],[117.263611,40.442367],[117.208793,40.501552],[117.262995,40.512927],[117.247597,40.539766],[117.269771,40.560684],[117.348611,40.581141],[117.348611,40.581141]]]]}},{"type":"Feature","properties":{"adcode":810000,"name":"香港特别行政区","center":[114.173355,22.320048],"centroid":[114.134357,22.377366],"childrenNum":18,"level":"province","parent":{"adcode":100000},"subFeatureIndex":32,"acroutes":[100000],"footprintId":"hongkong","footprintName":"香港","footprintNameEn":"Hong Kong","firstVisit":2009},"geometry":{"type":"MultiPolygon","coordinates":[[[[114.031778,22.503923],[114.000981,22.491206],[113.977575,22.45692],[113.918445,22.418199],[113.920293,22.367845],[113.951706,22.355116],[113.956633,22.359543],[113.980039,22.366185],[114.026234,22.34792],[113.955401,22.298649],[113.969568,22.321349],[113.898119,22.308615],[113.889496,22.271514],[113.8433,22.229418],[113.84946,22.191188],[113.899351,22.215568],[113.935691,22.205041],[113.981271,22.229972],[113.996669,22.206149],[114.026234,22.229418],[114.004676,22.239389],[114.02993,22.263207],[114.034857,22.300864],[114.069966,22.326885],[114.121089,22.320795],[114.145726,22.300864],[114.120473,22.272068],[114.164821,22.226648],[114.200545,22.232188],[114.203009,22.206703],[114.265835,22.200608],[114.248588,22.274837],[114.262139,22.294773],[114.284929,22.263761],[114.313262,22.264315],[114.315726,22.299203],[114.315726,22.299756],[114.278153,22.328546],[114.283081,22.386661],[114.322501,22.385554],[114.323117,22.385554],[114.323733,22.385001],[114.323733,22.384447],[114.356994,22.340171],[114.394566,22.361757],[114.385327,22.41156],[114.406269,22.432582],[114.406269,22.433688],[114.376088,22.436454],[114.325581,22.479041],[114.278769,22.435901],[114.220255,22.427603],[114.205473,22.449729],[114.23319,22.466875],[114.2529,22.445304],[114.340979,22.50337],[114.309566,22.497288],[114.28924,22.52272],[114.263987,22.541515],[114.263371,22.541515],[114.260291,22.547595],[114.232574,22.528801],[114.232574,22.539857],[114.222719,22.553122],[114.166052,22.559201],[114.156813,22.543726],[114.095219,22.534329],[114.082285,22.512216],[114.031778,22.503923]]],[[[114.142647,22.213906],[114.123553,22.238836],[114.120473,22.177888],[114.154965,22.177888],[114.166668,22.205041],[114.142647,22.213906]]],[[[114.305871,22.372273],[114.313878,22.340724],[114.332972,22.353455],[114.305255,22.372826],[114.305871,22.372273]]],[[[114.320037,22.381127],[114.323733,22.384447],[114.323733,22.385001],[114.323117,22.385554],[114.322501,22.385554],[114.319421,22.382234],[114.320037,22.38168],[114.320037,22.381127]]],[[[114.305871,22.369506],[114.305871,22.372273],[114.305255,22.372826],[114.305871,22.369506]]],[[[114.315726,22.299203],[114.316958,22.298649],[114.316342,22.30031],[114.315726,22.299756],[114.315726,22.299203]]],[[[114.319421,22.382234],[114.320037,22.381127],[114.320037,22.38168],[114.319421,22.382234]]],[[[114.372392,22.32301],[114.373008,22.323564],[114.372392,22.323564],[114.372392,22.32301]]],[[[114.323733,22.297541],[114.324349,22.297541],[114.323733,22.298095],[114.323733,22.297541]]]]}},{"type":"Feature","properties":{"adcode":350300,"name":"莆田市","center":[119.007558,25.431011],"centroid":[118.894712,25.445304],"childrenNum":5,"level":"city","parent":{"adcode":350000},"subFeatureIndex":2,"acroutes":[100000,350000],"footprintId":"putian","footprintName":"莆田","footprintNameEn":"Putian","firstVisit":2009},"geometry":{"type":"MultiPolygon","coordinates":[[[[118.899849,25.241366],[118.918081,25.245843],[118.915546,25.256913],[118.930074,25.255854],[118.949282,25.265288],[118.954547,25.2714],[118.9837,25.269667],[118.994669,25.27679],[119.014364,25.274432],[119.023627,25.267887],[119.017484,25.255469],[119.006369,25.255132],[118.996863,25.266298],[118.988575,25.25417],[118.983505,25.237804],[118.975071,25.237611],[118.978435,25.222832],[118.989989,25.211662],[118.989989,25.201839],[119.012463,25.204391],[119.019629,25.210603],[119.055217,25.219462],[119.064675,25.206654],[119.074425,25.211373],[119.072231,25.191293],[119.062823,25.173907],[119.054291,25.168561],[119.037765,25.174871],[119.028453,25.164515],[119.029136,25.13961],[119.035717,25.125783],[119.052049,25.116676],[119.052341,25.112532],[119.075644,25.099809],[119.08281,25.108532],[119.134291,25.106074],[119.142384,25.096725],[119.128929,25.095231],[119.107283,25.075325],[119.118008,25.058115],[119.113377,25.052234],[119.096948,25.056139],[119.089928,25.052185],[119.106064,25.04452],[119.106698,25.032996],[119.119227,25.026582],[119.119422,25.012646],[119.127807,25.012597],[119.12576,25.021085],[119.147015,25.05585],[119.140531,25.056283],[119.141799,25.0827],[119.15813,25.092243],[119.164273,25.119133],[119.165784,25.145439],[119.160909,25.150931],[119.146333,25.146692],[119.138289,25.151895],[119.143993,25.157868],[119.141896,25.169525],[119.118788,25.175738],[119.108063,25.194086],[119.11913,25.212384],[119.131756,25.223217],[119.138533,25.224661],[119.146723,25.204199],[119.182457,25.178242],[119.198984,25.176412],[119.220385,25.187248],[119.231744,25.188982],[119.261043,25.175641],[119.269331,25.159987],[119.29356,25.178387],[119.30097,25.17805],[119.31345,25.189415],[119.31345,25.19452],[119.301653,25.204536],[119.293365,25.235108],[119.313158,25.237371],[119.332073,25.23092],[119.340946,25.240933],[119.356254,25.240211],[119.378289,25.248923],[119.385065,25.275683],[119.369709,25.271544],[119.353914,25.280591],[119.335681,25.285452],[119.313499,25.30643],[119.29902,25.328848],[119.292634,25.331156],[119.267381,25.329521],[119.253584,25.33587],[119.247491,25.33361],[119.248319,25.316196],[119.24047,25.316869],[119.235839,25.331156],[119.227064,25.344865],[119.228234,25.350732],[119.218776,25.367948],[119.195278,25.368333],[119.171049,25.37593],[119.162664,25.387037],[119.151744,25.382999],[119.14487,25.387999],[119.145845,25.405114],[119.151646,25.426504],[119.168709,25.438711],[119.184797,25.427225],[119.197033,25.424629],[119.232232,25.442267],[119.236034,25.448323],[119.219751,25.468648],[119.212682,25.472011],[119.209416,25.492621],[119.223798,25.48969],[119.230818,25.503861],[119.243005,25.513659],[119.24437,25.527923],[119.23501,25.542713],[119.227746,25.564607],[119.203907,25.54497],[119.20186,25.5515],[119.180702,25.555101],[119.168807,25.566335],[119.166662,25.574304],[119.157009,25.584192],[119.163639,25.587216],[119.170708,25.581888],[119.169099,25.593216],[119.161689,25.591392],[119.162372,25.600703],[119.155205,25.603055],[119.151451,25.6187],[119.133999,25.633383],[119.133316,25.646337],[119.144236,25.668451],[119.145553,25.676269],[119.154718,25.675598],[119.144285,25.684855],[119.141604,25.697132],[119.151646,25.700297],[119.144139,25.709887],[119.124346,25.713723],[119.146771,25.731558],[119.152231,25.744741],[119.132877,25.752794],[119.105772,25.754472],[119.090562,25.749631],[119.088368,25.754999],[119.076717,25.748576],[119.071061,25.752698],[119.048782,25.747138],[119.041226,25.741769],[119.025869,25.74268],[119.014803,25.735489],[118.975461,25.732086],[118.951524,25.712716],[118.955035,25.732709],[118.951037,25.751979],[118.952597,25.760032],[118.942359,25.748528],[118.93451,25.747282],[118.921055,25.732086],[118.920324,25.726333],[118.905162,25.722257],[118.882786,25.702407],[118.874449,25.698331],[118.877862,25.708832],[118.853682,25.703845],[118.83891,25.70888],[118.82643,25.719812],[118.811902,25.720819],[118.801226,25.711709],[118.806491,25.709551],[118.798983,25.699961],[118.772414,25.686389],[118.760421,25.689123],[118.753596,25.696221],[118.744724,25.679147],[118.73785,25.678188],[118.729952,25.668163],[118.723322,25.669794],[118.727612,25.687157],[118.726296,25.694734],[118.707186,25.682888],[118.691634,25.689794],[118.691098,25.695022],[118.674425,25.694926],[118.676521,25.7014],[118.668234,25.708544],[118.653657,25.711757],[118.634937,25.708496],[118.631866,25.697995],[118.625479,25.697419],[118.610123,25.708496],[118.611975,25.699098],[118.605053,25.697084],[118.604906,25.685142],[118.598569,25.683368],[118.587746,25.689986],[118.583846,25.677804],[118.576241,25.687013],[118.577801,25.677325],[118.571853,25.674015],[118.566491,25.681114],[118.54348,25.671521],[118.540068,25.661592],[118.544845,25.656555],[118.531293,25.642403],[118.550062,25.632279],[118.545187,25.617836],[118.533096,25.60795],[118.531293,25.601711],[118.511549,25.578576],[118.509989,25.56187],[118.490098,25.549963],[118.491463,25.546794],[118.474059,25.524465],[118.464748,25.516253],[118.465674,25.494975],[118.473572,25.491324],[118.466552,25.482917],[118.479373,25.480899],[118.477326,25.468888],[118.471329,25.46663],[118.460068,25.443613],[118.469818,25.424052],[118.482152,25.425494],[118.487661,25.40396],[118.497411,25.400835],[118.494388,25.385691],[118.503261,25.384633],[118.517984,25.372084],[118.520714,25.362899],[118.52983,25.35809],[118.522518,25.347269],[118.522371,25.333994],[118.512865,25.317591],[118.520519,25.312395],[118.528221,25.325817],[118.535729,25.320766],[118.530171,25.308739],[118.533389,25.291274],[118.563517,25.290263],[118.571853,25.286703],[118.578288,25.301282],[118.59618,25.302388],[118.61568,25.293102],[118.625577,25.293487],[118.632694,25.301378],[118.655705,25.301955],[118.66643,25.289782],[118.662579,25.280062],[118.650098,25.27448],[118.646442,25.268416],[118.659605,25.25778],[118.662042,25.265721],[118.672767,25.264807],[118.680421,25.271111],[118.695778,25.258502],[118.68476,25.244687],[118.688075,25.23453],[118.683444,25.230679],[118.682371,25.212384],[118.691537,25.212192],[118.682225,25.201213],[118.673645,25.200684],[118.677838,25.191679],[118.677789,25.177761],[118.692024,25.169332],[118.691585,25.15493],[118.70465,25.157579],[118.717521,25.169428],[118.725711,25.168754],[118.741019,25.1872],[118.74487,25.185851],[118.765101,25.195001],[118.778508,25.195387],[118.776753,25.203717],[118.781872,25.213829],[118.801323,25.220714],[118.800982,25.217103],[118.827697,25.218258],[118.848709,25.224902],[118.850123,25.216573],[118.869477,25.227646],[118.869623,25.237659],[118.875473,25.241366],[118.899849,25.241366]]],[[[119.471013,25.197072],[119.508454,25.181902],[119.509429,25.170921],[119.521226,25.166635],[119.523566,25.158061],[119.554474,25.164419],[119.547747,25.18118],[119.555742,25.183155],[119.554572,25.193075],[119.570903,25.193364],[119.578411,25.204776],[119.566613,25.209977],[119.555059,25.203525],[119.545065,25.210266],[119.540483,25.20208],[119.518155,25.208003],[119.514791,25.214599],[119.506162,25.214743],[119.49924,25.221773],[119.499435,25.240307],[119.488466,25.247046],[119.479008,25.243532],[119.479008,25.257732],[119.471452,25.25956],[119.467698,25.246324],[119.451708,25.242329],[119.453901,25.236552],[119.439179,25.236841],[119.446589,25.222495],[119.440982,25.211614],[119.444102,25.20208],[119.471013,25.197072]]],[[[119.58002,25.263892],[119.577533,25.26986],[119.570903,25.259272],[119.58002,25.263892]]],[[[119.371805,25.114893],[119.377899,25.120241],[119.369563,25.128866],[119.366784,25.118073],[119.371805,25.114893]]],[[[119.517131,25.264758],[119.530489,25.265769],[119.525419,25.278522],[119.518642,25.279244],[119.512305,25.266924],[119.517131,25.264758]]],[[[119.048344,25.101496],[119.049611,25.094749],[119.05824,25.102604],[119.048344,25.101496]]],[[[119.59211,25.187344],[119.602201,25.187633],[119.595181,25.194761],[119.59211,25.187344]]],[[[119.342165,25.311962],[119.34938,25.318698],[119.345236,25.323845],[119.338021,25.316437],[119.342165,25.311962]]],[[[119.57885,25.248538],[119.587527,25.241318],[119.584895,25.250945],[119.57885,25.248538]]],[[[119.018118,25.17333],[119.027039,25.171451],[119.036205,25.184262],[119.032597,25.189415],[119.015486,25.182336],[119.018118,25.17333]]],[[[119.368149,25.326539],[119.37707,25.327453],[119.362835,25.334283],[119.368149,25.326539]]],[[[119.461116,24.982307],[119.459508,24.992196],[119.449855,24.994752],[119.461116,24.982307]]]]}},{"type":"Feature","properties":{"adcode":120000,"name":"天津市","center":[117.190182,39.125596],"centroid":[117.347043,39.288036],"childrenNum":16,"level":"province","parent":{"adcode":100000},"subFeatureIndex":1,"acroutes":[100000],"footprintId":"tianjin","footprintName":"天津","footprintNameEn":"Tianjin","firstVisit":2009},"geometry":{"type":"MultiPolygon","coordinates":[[[[117.765602,39.400527],[117.846906,39.407926],[117.871543,39.411625],[117.870311,39.455074],[117.899877,39.474479],[117.912195,39.517428],[117.912195,39.517428],[117.904804,39.533585],[117.933753,39.574191],[117.868464,39.59679],[117.829659,39.589873],[117.766834,39.598635],[117.753899,39.579726],[117.753899,39.579726],[117.745276,39.547892],[117.715711,39.529892],[117.707088,39.576036],[117.684914,39.58895],[117.654117,39.575113],[117.637486,39.603246],[117.66274,39.636437],[117.668899,39.666849],[117.627015,39.703693],[117.57774,39.726711],[117.595603,39.74604],[117.56111,39.754782],[117.546327,39.775943],[117.561726,39.799856],[117.529081,39.859144],[117.529081,39.859144],[117.508139,39.901854],[117.508139,39.901854],[117.512451,39.90874],[117.512451,39.90874],[117.513067,39.910576],[117.513067,39.910576],[117.514914,39.946832],[117.534625,39.954631],[117.546327,39.999116],[117.594987,39.994531],[117.594987,39.994531],[117.614697,39.97252],[117.671363,39.973896],[117.691073,39.984902],[117.756363,39.965181],[117.781616,39.966558],[117.781616,39.966558],[117.795167,39.996823],[117.795167,39.996823],[117.793319,40.005534],[117.793319,40.005534],[117.768681,40.022034],[117.768681,40.022034],[117.744044,40.018368],[117.74774,40.047236],[117.776073,40.059605],[117.752667,40.081588],[117.71879,40.082045],[117.71879,40.082045],[117.675059,40.082045],[117.655965,40.109514],[117.655965,40.109514],[117.654117,40.114548],[117.654117,40.114548],[117.651653,40.122786],[117.651653,40.122786],[117.613465,40.158014],[117.613465,40.158014],[117.609769,40.160301],[117.609769,40.160301],[117.576508,40.178593],[117.571581,40.219276],[117.548791,40.232527],[117.505059,40.227044],[117.450241,40.252627],[117.415748,40.248973],[117.389879,40.227958],[117.383719,40.188195],[117.367089,40.172649],[117.367089,40.173106],[117.367089,40.173106],[117.367089,40.172649],[117.349227,40.136513],[117.307343,40.136971],[117.274082,40.105852],[117.254988,40.114548],[117.254988,40.114548],[117.254988,40.114548],[117.224191,40.094865],[117.224191,40.094865],[117.210024,40.082045],[117.192162,40.066475],[117.198322,39.992697],[117.150894,39.944996],[117.162597,39.876598],[117.162597,39.876598],[117.227887,39.852712],[117.247597,39.860981],[117.251908,39.834332],[117.192162,39.832953],[117.156438,39.817326],[117.15767,39.796638],[117.205713,39.763984],[117.161981,39.748801],[117.165061,39.718886],[117.165061,39.718886],[117.177996,39.645194],[117.152742,39.623532],[117.10901,39.625375],[117.10901,39.625375],[117.016004,39.653949],[116.983359,39.638742],[116.983359,39.638742],[116.964265,39.64335],[116.948866,39.680668],[116.948866,39.680668],[116.944555,39.695405],[116.944555,39.695405],[116.932236,39.706456],[116.932236,39.706456],[116.90575,39.688037],[116.906366,39.677444],[116.8497,39.66777],[116.812128,39.615695],[116.808432,39.576497],[116.78749,39.554352],[116.819519,39.528507],[116.820751,39.482332],[116.785026,39.465702],[116.832454,39.435664],[116.876185,39.43474],[116.839845,39.413474],[116.840461,39.378326],[116.818287,39.3737],[116.829374,39.338994],[116.870642,39.357506],[116.889736,39.338068],[116.87249,39.291304],[116.881729,39.225966],[116.881729,39.225966],[116.855859,39.215766],[116.870026,39.153607],[116.909446,39.150822],[116.912526,39.110898],[116.91191,39.111362],[116.91191,39.111362],[116.912526,39.110898],[116.871874,39.054688],[116.812744,39.05097],[116.812744,39.05097],[116.783179,39.05097],[116.783179,39.05097],[116.754229,39.034701],[116.754229,39.034701],[116.754845,39.003084],[116.72836,38.975174],[116.708034,38.931892],[116.722201,38.896968],[116.723432,38.852706],[116.75115,38.831264],[116.737599,38.784629],[116.746222,38.754299],[116.794265,38.744498],[116.794265,38.744498],[116.858939,38.741231],[116.877417,38.680522],[116.948866,38.689398],[116.950714,38.689398],[116.95133,38.689398],[116.950714,38.689398],[116.948866,38.689398],[116.95133,38.689398],[117.038793,38.688464],[117.068358,38.680522],[117.055424,38.639398],[117.070822,38.608072],[117.109626,38.584685],[117.150894,38.617892],[117.183539,38.61836],[117.183539,38.61836],[117.213104,38.639866],[117.213104,38.639866],[117.258684,38.608072],[117.258684,38.608072],[117.238358,38.580943],[117.25314,38.556143],[117.368937,38.564566],[117.432379,38.601524],[117.47919,38.616489],[117.55803,38.613683],[117.639334,38.626776],[117.65658,38.66043],[117.729261,38.680055],[117.740964,38.700141],[117.740964,38.753833],[117.671363,38.772032],[117.646725,38.788827],[117.64611,38.828933],[117.752051,38.847579],[117.778536,38.869016],[117.847522,38.855502],[117.875855,38.920252],[117.898029,38.948649],[117.855529,38.957492],[117.837667,39.057011],[117.871543,39.122506],[117.96455,39.172631],[117.977485,39.206028],[118.032919,39.219939],[118.034767,39.218548],[118.064948,39.231065],[118.064948,39.256094],[118.036615,39.264898],[118.024296,39.289451],[118.024296,39.289451],[117.982412,39.298714],[117.982412,39.298714],[117.979333,39.300566],[117.979333,39.300566],[117.973173,39.312143],[117.973173,39.312143],[117.965782,39.314921],[117.965782,39.314921],[117.919587,39.318162],[117.919587,39.318162],[117.88879,39.332051],[117.854913,39.328348],[117.854297,39.328348],[117.854913,39.328348],[117.854297,39.328348],[117.850601,39.363984],[117.850601,39.363984],[117.810565,39.354729],[117.805022,39.373237],[117.784696,39.376938],[117.74466,39.354729],[117.670747,39.357969],[117.669515,39.322792],[117.594987,39.349176],[117.536472,39.338068],[117.521074,39.357043],[117.570965,39.404689],[117.601146,39.419485],[117.614081,39.407001],[117.668899,39.412087],[117.673211,39.386652],[117.699696,39.407463],[117.765602,39.400527]]],[[[117.805022,39.373237],[117.852449,39.380639],[117.846906,39.407926],[117.765602,39.400527],[117.784696,39.376938],[117.805022,39.373237]]]]}},{"type":"Feature","properties":{"adcode":430100,"name":"长沙市","center":[112.982279,28.19409],"centroid":[113.158697,28.224232],"childrenNum":9,"level":"city","parent":{"adcode":430000},"subFeatureIndex":0,"acroutes":[100000,430000],"footprintId":"changsha","footprintName":"长沙","footprintNameEn":"Changsha","firstVisit":2014},"geometry":{"type":"MultiPolygon","coordinates":[[[[111.902613,28.021982],[111.896377,28.00871],[111.908303,28.000189],[111.900097,27.981343],[111.912624,27.973803],[111.926848,27.980851],[111.936311,27.991231],[111.951246,27.987079],[111.964156,27.965171],[111.982264,27.954351],[111.99025,27.940962],[111.999714,27.907837],[112.017548,27.906307],[112.030513,27.914398],[112.04408,27.912156],[112.051246,27.919208],[112.060218,27.920028],[112.087734,27.908384],[112.093095,27.895919],[112.101137,27.893622],[112.11826,27.897614],[112.127669,27.911227],[112.137625,27.905705],[112.149551,27.908001],[112.160656,27.916912],[112.158851,27.928337],[112.173457,27.940743],[112.180897,27.93812],[112.18303,27.947083],[112.199223,27.969487],[112.199059,27.96222],[112.211094,27.95375],[112.223785,27.971399],[112.23035,27.961837],[112.245284,27.963695],[112.257647,27.95916],[112.298457,27.971235],[112.306663,27.971618],[112.313009,27.95916],[112.328217,27.963968],[112.342604,27.957193],[112.354037,27.965662],[112.371105,27.970033],[112.382757,27.967957],[112.389814,27.962111],[112.402341,27.966373],[112.411313,27.963258],[112.415361,27.99216],[112.398129,27.996857],[112.407101,28.001118],[112.415033,28.01521],[112.41011,28.031593],[112.413282,28.040657],[112.42291,28.049339],[112.443972,28.05731],[112.459125,28.051905],[112.468698,28.058893],[112.480241,28.056272],[112.486259,28.04022],[112.516401,28.018814],[112.508086,28.008874],[112.511806,27.994672],[112.531117,27.994126],[112.539486,27.975388],[112.553874,27.972601],[112.561368,27.980469],[112.574279,27.967848],[112.576686,27.959324],[112.596926,27.953477],[112.594738,27.931507],[112.599005,27.921176],[112.606937,27.918006],[112.611642,27.900293],[112.619684,27.899801],[112.630515,27.890561],[112.633852,27.880116],[112.649443,27.880281],[112.657047,27.900347],[112.651248,27.918552],[112.641948,27.923308],[112.654585,27.941509],[112.687135,27.927079],[112.683415,27.920301],[112.706062,27.923089],[112.712463,27.916475],[112.731008,27.916967],[112.731828,27.929156],[112.743098,27.931944],[112.744082,27.946427],[112.758415,27.965389],[112.764487,27.986806],[112.763667,28.00232],[112.770122,28.017449],[112.779476,28.02149],[112.772419,28.031047],[112.777015,28.036944],[112.790472,28.031757],[112.792441,28.023729],[112.804257,28.025641],[112.808689,28.03689],[112.791785,28.049775],[112.78254,28.052778],[112.777124,28.061131],[112.782704,28.073577],[112.802124,28.069374],[112.81859,28.06921],[112.81591,28.061513],[112.825538,28.043988],[112.833525,28.037709],[112.831774,28.027388],[112.838776,28.021436],[112.850483,28.021272],[112.859728,28.004177],[112.858689,27.988882],[112.873021,27.990302],[112.869903,28.001937],[112.877562,28.004231],[112.882266,27.992924],[112.893481,27.99216],[112.883744,27.979158],[112.885658,27.974295],[112.900264,27.97812],[112.906555,27.971072],[112.914542,27.977737],[112.924116,27.974896],[112.928328,27.983583],[112.941402,27.984839],[112.937628,27.992378],[112.928054,27.993088],[112.935822,28.003958],[112.93347,28.015264],[112.945724,28.014773],[112.956774,27.998933],[112.992059,27.975825],[113.003164,27.965171],[113.023897,27.976972],[113.022858,27.985276],[113.035932,27.977409],[113.030079,27.991941],[113.041676,28.006198],[113.071709,28.010895],[113.090965,27.989865],[113.073733,27.972],[113.082322,27.964296],[113.09009,27.965171],[113.086698,27.950089],[113.101797,27.933693],[113.108635,27.933037],[113.122092,27.914288],[113.136644,27.914999],[113.138996,27.927845],[113.132978,27.930578],[113.131064,27.942219],[113.138832,27.945717],[113.135495,27.953422],[113.146545,27.953859],[113.158744,27.966373],[113.149554,27.980851],[113.148624,27.992269],[113.17067,27.999916],[113.164106,28.006744],[113.175812,28.015046],[113.190801,28.010676],[113.209182,28.012315],[113.214598,28.024057],[113.226578,28.020398],[113.228165,28.014445],[113.243865,28.009912],[113.250266,28.019688],[113.259839,28.013243],[113.258252,27.996475],[113.264051,28.011714],[113.271436,27.99063],[113.269576,27.977027],[113.277673,27.970634],[113.271819,27.961783],[113.271546,27.949706],[113.261863,27.948559],[113.259073,27.941782],[113.266677,27.934185],[113.273296,27.91888],[113.287574,27.916858],[113.2902,27.909915],[113.274883,27.909587],[113.281611,27.894443],[113.28101,27.880882],[113.274992,27.862671],[113.2902,27.865843],[113.288504,27.877218],[113.300102,27.877218],[113.300758,27.868851],[113.315747,27.865077],[113.331338,27.856928],[113.343045,27.858569],[113.359402,27.848067],[113.384402,27.854357],[113.399993,27.853373],[113.413231,27.857803],[113.416185,27.872789],[113.415529,27.888975],[113.424172,27.897668],[113.446163,27.895645],[113.459511,27.900183],[113.458144,27.908056],[113.463614,27.918224],[113.481557,27.927134],[113.490201,27.939432],[113.507323,27.938175],[113.521547,27.942328],[113.525923,27.959925],[113.554205,27.961236],[113.567717,27.964788],[113.575704,27.959761],[113.578221,27.93976],[113.569413,27.92779],[113.571383,27.912594],[113.576798,27.899746],[113.591405,27.891271],[113.597258,27.902917],[113.594796,27.910352],[113.602181,27.913578],[113.633965,27.895755],[113.644906,27.879734],[113.654971,27.87782],[113.660661,27.884929],[113.672203,27.876835],[113.69693,27.86989],[113.72286,27.885749],[113.730409,27.88471],[113.7367,27.90576],[113.745016,27.915983],[113.75344,27.934677],[113.771055,27.952712],[113.792718,27.955062],[113.793101,27.96222],[113.802948,27.974022],[113.82193,27.982272],[113.826799,27.973257],[113.845235,27.971673],[113.852018,27.976098],[113.852182,27.988609],[113.859841,28.001719],[113.869524,28.004231],[113.878714,27.991941],[113.900158,27.987571],[113.914272,27.99134],[113.935552,28.018923],[113.944032,28.014172],[113.965585,28.016848],[113.956997,28.028426],[113.957927,28.034815],[113.968813,28.041149],[113.989272,28.038746],[114.000596,28.040439],[114.026855,28.031811],[114.027566,28.041804],[114.047095,28.057473],[114.036318,28.078162],[114.019086,28.085422],[114.02855,28.084767],[114.027019,28.092408],[114.017336,28.102777],[114.013452,28.124003],[114.007216,28.125421],[114.005957,28.144842],[113.999885,28.147243],[113.992664,28.161424],[114.00738,28.166551],[114.012358,28.175113],[114.025049,28.172168],[114.048025,28.176694],[114.053441,28.171077],[114.068649,28.171677],[114.083802,28.179203],[114.105301,28.181493],[114.106614,28.201613],[114.12122,28.213116],[114.129645,28.228161],[114.143759,28.238135],[114.145017,28.247782],[114.170673,28.253504],[114.18052,28.249798],[114.184678,28.267617],[114.19912,28.272466],[114.198135,28.290717],[114.215695,28.293985],[114.235116,28.310925],[114.250652,28.318223],[114.255521,28.326609],[114.247096,28.338099],[114.260116,28.355685],[114.250597,28.368097],[114.258092,28.372942],[114.256013,28.3921],[114.252457,28.395747],[114.228168,28.39542],[114.214601,28.403039],[114.202238,28.424422],[114.193376,28.430842],[114.172369,28.432801],[114.182982,28.436881],[114.219306,28.470549],[114.218814,28.482621],[114.195619,28.498552],[114.174667,28.497356],[114.154645,28.507577],[114.14064,28.523395],[114.138124,28.533722],[114.12319,28.534755],[114.118485,28.538994],[114.100651,28.540299],[114.086756,28.555895],[114.073901,28.555188],[114.065968,28.547689],[114.051745,28.544374],[114.040038,28.551004],[114.025432,28.542798],[114.015038,28.545679],[114.013561,28.554591],[113.995782,28.564915],[113.975979,28.564752],[113.962467,28.542309],[113.950979,28.53644],[113.941242,28.526385],[113.935443,28.531385],[113.917883,28.525461],[113.903222,28.528613],[113.889546,28.515622],[113.876471,28.518884],[113.858473,28.532255],[113.844414,28.523885],[113.832434,28.498878],[113.832981,28.489037],[113.824885,28.484089],[113.817554,28.466851],[113.806394,28.458638],[113.78495,28.457551],[113.7739,28.451024],[113.7617,28.451405],[113.729698,28.441287],[113.717773,28.424042],[113.704643,28.422192],[113.676963,28.442049],[113.657324,28.447706],[113.661427,28.45445],[113.64972,28.470005],[113.635825,28.482621],[113.615311,28.495725],[113.598133,28.51198],[113.575923,28.536386],[113.558035,28.533179],[113.547258,28.52508],[113.52822,28.528287],[113.51542,28.537038],[113.507378,28.536929],[113.500923,28.559155],[113.491349,28.570457],[113.474391,28.579801],[113.462739,28.596532],[113.454369,28.591046],[113.446492,28.593925],[113.430408,28.590286],[113.424336,28.578715],[113.414599,28.590883],[113.42078,28.609513],[113.4245,28.636068],[113.411809,28.632267],[113.384785,28.644538],[113.375813,28.643343],[113.360113,28.631453],[113.358581,28.622384],[113.349226,28.616573],[113.332213,28.618963],[113.320342,28.615759],[113.316513,28.628629],[113.310003,28.633136],[113.283635,28.638728],[113.27253,28.631398],[113.258854,28.627597],[113.251797,28.629715],[113.245944,28.640629],[113.243592,28.656156],[113.233635,28.661639],[113.234729,28.646438],[113.216458,28.638077],[113.212957,28.632647],[113.215473,28.620809],[113.195014,28.603648],[113.183252,28.596858],[113.189653,28.580181],[113.186097,28.567957],[113.194685,28.56649],[113.200758,28.555569],[113.19392,28.55008],[113.19474,28.541549],[113.185933,28.529211],[113.183088,28.510132],[113.18544,28.503391],[113.171381,28.492408],[113.169904,28.480446],[113.154313,28.470875],[113.128657,28.473975],[113.132103,28.490777],[113.130462,28.498498],[113.111917,28.499313],[113.0966,28.50812],[113.085002,28.508229],[113.07904,28.521873],[113.067935,28.519264],[113.063722,28.505294],[113.041403,28.484905],[113.027781,28.483219],[113.019028,28.47305],[112.99184,28.460923],[112.974006,28.465274],[112.960768,28.477075],[112.977726,28.498552],[112.974882,28.506979],[112.978656,28.52345],[112.965637,28.521167],[112.939816,28.508501],[112.921271,28.520297],[112.898733,28.517525],[112.891293,28.524754],[112.87149,28.519156],[112.872365,28.500618],[112.852617,28.512524],[112.845341,28.510621],[112.822529,28.512796],[112.822419,28.528396],[112.815581,28.527798],[112.808579,28.519319],[112.792058,28.523015],[112.788831,28.535027],[112.808798,28.559046],[112.796435,28.558503],[112.772693,28.546385],[112.757704,28.529755],[112.753874,28.518014],[112.746872,28.510458],[112.731664,28.507414],[112.714542,28.510621],[112.700428,28.519699],[112.685384,28.525407],[112.672583,28.517525],[112.663229,28.501053],[112.651741,28.495671],[112.654421,28.484524],[112.639815,28.469352],[112.627288,28.468265],[112.624279,28.446074],[112.612134,28.424531],[112.594793,28.414629],[112.594355,28.40761],[112.584235,28.40244],[112.578436,28.382358],[112.580351,28.372887],[112.575427,28.369077],[112.575209,28.354596],[112.562462,28.344742],[112.564432,28.333144],[112.571379,28.324976],[112.560493,28.325411],[112.553928,28.318931],[112.535766,28.325466],[112.534563,28.332],[112.525974,28.325956],[112.505296,28.320728],[112.500974,28.311905],[112.486915,28.309236],[112.472965,28.317733],[112.466018,28.312886],[112.451248,28.317842],[112.438337,28.310652],[112.432976,28.317896],[112.429311,28.311143],[112.420066,28.312559],[112.422692,28.305587],[112.408468,28.294366],[112.404803,28.29867],[112.393753,28.290281],[112.377998,28.290063],[112.370339,28.284397],[112.352779,28.291261],[112.345284,28.289518],[112.349168,28.281837],[112.358632,28.283471],[112.356937,28.277369],[112.346761,28.274809],[112.332921,28.284397],[112.316674,28.282981],[112.322473,28.263258],[112.306444,28.261351],[112.294135,28.247073],[112.288282,28.254049],[112.280678,28.252632],[112.264431,28.235683],[112.255733,28.233448],[112.251685,28.2244],[112.237954,28.210445],[112.227286,28.221239],[112.223293,28.233939],[112.210109,28.239225],[112.195503,28.23323],[112.177997,28.235737],[112.169518,28.245602],[112.146214,28.254539],[112.137297,28.266636],[112.123128,28.266146],[112.11629,28.271703],[112.099058,28.270069],[112.093424,28.265001],[112.082264,28.267889],[112.080677,28.260806],[112.051684,28.25127],[112.033139,28.252468],[112.009671,28.244021],[112.003981,28.235029],[112.003489,28.224509],[111.986585,28.224182],[111.962132,28.208864],[111.961147,28.198124],[111.944736,28.186728],[111.941782,28.172277],[111.933248,28.168132],[111.93188,28.133332],[111.90885,28.116036],[111.899167,28.09983],[111.91525,28.082802],[111.914101,28.079363],[111.926246,28.065498],[111.911038,28.052287],[111.907537,28.041804],[111.913117,28.027989],[111.902613,28.021982]]]]}},{"type":"Feature","properties":{"adcode":430300,"name":"湘潭市","center":[112.944052,27.82973],"centroid":[112.608495,27.72863],"childrenNum":5,"level":"city","parent":{"adcode":430000},"subFeatureIndex":2,"acroutes":[100000,430000],"footprintId":"xiangtan","footprintName":"湘潭","footprintNameEn":"Xiangtan","firstVisit":2014},"geometry":{"type":"MultiPolygon","coordinates":[[[[111.999714,27.907837],[112.012296,27.87864],[112.014813,27.847083],[112.026957,27.835157],[112.040524,27.839534],[112.04687,27.817048],[112.069901,27.80397],[112.087023,27.81382],[112.101246,27.807363],[112.106498,27.790617],[112.097745,27.776551],[112.098675,27.765001],[112.11268,27.761991],[112.130623,27.747428],[112.110929,27.738722],[112.106389,27.717147],[112.100699,27.722295],[112.099113,27.73467],[112.087187,27.733739],[112.081826,27.721747],[112.092111,27.716325],[112.083303,27.71523],[112.071761,27.720652],[112.053489,27.714135],[112.045338,27.706303],[112.052997,27.690527],[112.048785,27.688336],[112.048183,27.674038],[112.05803,27.680393],[112.07094,27.6696],[112.067001,27.658477],[112.078052,27.645764],[112.091235,27.642366],[112.104255,27.653381],[112.113664,27.653436],[112.11722,27.645435],[112.124879,27.646147],[112.134616,27.654696],[112.137953,27.666258],[112.145776,27.665162],[112.154857,27.64949],[112.166673,27.660066],[112.176083,27.650203],[112.199387,27.654313],[112.206827,27.651627],[112.2071,27.670531],[112.216564,27.675846],[112.222636,27.671517],[112.230623,27.685871],[112.240853,27.691075],[112.243369,27.707727],[112.268534,27.700935],[112.290525,27.7057],[112.304201,27.697868],[112.315744,27.685871],[112.320613,27.675298],[112.315142,27.664285],[112.313501,27.651025],[112.288884,27.646915],[112.281882,27.643298],[112.283906,27.633652],[112.298019,27.620991],[112.330788,27.602517],[112.334289,27.581408],[112.332429,27.569947],[112.325317,27.556182],[112.308578,27.53457],[112.301411,27.503188],[112.306389,27.492816],[112.321652,27.496493],[112.328709,27.490511],[112.333851,27.495725],[112.346105,27.496273],[112.348129,27.488206],[112.365799,27.480907],[112.373731,27.48656],[112.393479,27.492542],[112.391948,27.499731],[112.401193,27.503736],[112.399606,27.510266],[112.406007,27.524092],[112.417604,27.527713],[112.427123,27.526067],[112.435985,27.514546],[112.429639,27.499785],[112.446379,27.491499],[112.460164,27.490456],[112.47023,27.461916],[112.480952,27.453132],[112.500974,27.445831],[112.521981,27.429194],[112.531007,27.430293],[112.538885,27.416674],[112.55453,27.424911],[112.553327,27.432379],[112.566893,27.441768],[112.576576,27.434466],[112.587244,27.437046],[112.592605,27.454999],[112.608305,27.455987],[112.615143,27.465978],[112.63046,27.466252],[112.639596,27.45983],[112.64627,27.464715],[112.659727,27.452309],[112.673075,27.456811],[112.69069,27.454121],[112.687244,27.437101],[112.678491,27.42892],[112.677397,27.419255],[112.685658,27.405691],[112.704093,27.407668],[112.715308,27.404263],[112.727507,27.394871],[112.735822,27.401517],[112.748404,27.39899],[112.76033,27.403988],[112.771818,27.392784],[112.77417,27.376359],[112.791566,27.36213],[112.80382,27.36202],[112.806282,27.348723],[112.799826,27.344327],[112.807868,27.338392],[112.815691,27.343777],[112.831118,27.338337],[112.834947,27.354382],[112.852999,27.355097],[112.863886,27.351196],[112.869958,27.356141],[112.901906,27.360536],[112.920177,27.356635],[112.924936,27.367074],[112.921818,27.409865],[112.9251,27.418871],[112.939597,27.426284],[112.955954,27.430293],[112.978109,27.439188],[112.995396,27.438309],[112.989105,27.447094],[112.985659,27.469765],[112.979039,27.467515],[112.971381,27.475199],[112.983963,27.487328],[112.987573,27.498688],[112.975757,27.501267],[112.969411,27.511638],[112.975265,27.526287],[112.976523,27.54214],[112.970779,27.561666],[112.972146,27.568796],[112.988831,27.578337],[113.009017,27.598734],[112.999006,27.606135],[112.997147,27.616112],[113.007759,27.621649],[113.018974,27.612714],[113.038832,27.621594],[113.03905,27.630747],[113.024554,27.642585],[113.031446,27.651901],[113.027289,27.659025],[113.016129,27.660395],[113.003985,27.652395],[112.994575,27.665819],[112.995068,27.676613],[113.00847,27.684775],[113.026195,27.711013],[113.050429,27.711013],[113.058963,27.727114],[113.053711,27.733356],[113.032048,27.742391],[113.029532,27.752082],[113.034893,27.762812],[113.033689,27.77064],[113.023022,27.791821],[113.003766,27.798772],[113.002343,27.810427],[113.012464,27.822902],[113.03812,27.843308],[113.046381,27.846426],[113.038613,27.864093],[113.045943,27.875632],[113.048405,27.890998],[113.061315,27.910899],[113.069193,27.938557],[113.086698,27.950089],[113.09009,27.965171],[113.082322,27.964296],[113.073733,27.972],[113.090965,27.989865],[113.071709,28.010895],[113.041676,28.006198],[113.030079,27.991941],[113.035932,27.977409],[113.022858,27.985276],[113.023897,27.976972],[113.003164,27.965171],[112.992059,27.975825],[112.956774,27.998933],[112.945724,28.014773],[112.93347,28.015264],[112.935822,28.003958],[112.928054,27.993088],[112.937628,27.992378],[112.941402,27.984839],[112.928328,27.983583],[112.924116,27.974896],[112.914542,27.977737],[112.906555,27.971072],[112.900264,27.97812],[112.885658,27.974295],[112.883744,27.979158],[112.893481,27.99216],[112.882266,27.992924],[112.877562,28.004231],[112.869903,28.001937],[112.873021,27.990302],[112.858689,27.988882],[112.859728,28.004177],[112.850483,28.021272],[112.838776,28.021436],[112.831774,28.027388],[112.833525,28.037709],[112.825538,28.043988],[112.81591,28.061513],[112.81859,28.06921],[112.802124,28.069374],[112.782704,28.073577],[112.777124,28.061131],[112.78254,28.052778],[112.791785,28.049775],[112.808689,28.03689],[112.804257,28.025641],[112.792441,28.023729],[112.790472,28.031757],[112.777015,28.036944],[112.772419,28.031047],[112.779476,28.02149],[112.770122,28.017449],[112.763667,28.00232],[112.764487,27.986806],[112.758415,27.965389],[112.744082,27.946427],[112.743098,27.931944],[112.731828,27.929156],[112.731008,27.916967],[112.712463,27.916475],[112.706062,27.923089],[112.683415,27.920301],[112.687135,27.927079],[112.654585,27.941509],[112.641948,27.923308],[112.651248,27.918552],[112.657047,27.900347],[112.649443,27.880281],[112.633852,27.880116],[112.630515,27.890561],[112.619684,27.899801],[112.611642,27.900293],[112.606937,27.918006],[112.599005,27.921176],[112.594738,27.931507],[112.596926,27.953477],[112.576686,27.959324],[112.574279,27.967848],[112.561368,27.980469],[112.553874,27.972601],[112.539486,27.975388],[112.531117,27.994126],[112.511806,27.994672],[112.508086,28.008874],[112.516401,28.018814],[112.486259,28.04022],[112.480241,28.056272],[112.468698,28.058893],[112.459125,28.051905],[112.443972,28.05731],[112.42291,28.049339],[112.413282,28.040657],[112.41011,28.031593],[112.415033,28.01521],[112.407101,28.001118],[112.398129,27.996857],[112.415361,27.99216],[112.411313,27.963258],[112.402341,27.966373],[112.389814,27.962111],[112.382757,27.967957],[112.371105,27.970033],[112.354037,27.965662],[112.342604,27.957193],[112.328217,27.963968],[112.313009,27.95916],[112.306663,27.971618],[112.298457,27.971235],[112.257647,27.95916],[112.245284,27.963695],[112.23035,27.961837],[112.223785,27.971399],[112.211094,27.95375],[112.199059,27.96222],[112.199223,27.969487],[112.18303,27.947083],[112.180897,27.93812],[112.173457,27.940743],[112.158851,27.928337],[112.160656,27.916912],[112.149551,27.908001],[112.137625,27.905705],[112.127669,27.911227],[112.11826,27.897614],[112.101137,27.893622],[112.093095,27.895919],[112.087734,27.908384],[112.060218,27.920028],[112.051246,27.919208],[112.04408,27.912156],[112.030513,27.914398],[112.017548,27.906307],[111.999714,27.907837]]]]}},{"type":"Feature","properties":{"adcode":430400,"name":"衡阳市","center":[112.607693,26.900358],"centroid":[112.579689,26.792402],"childrenNum":12,"level":"city","parent":{"adcode":430000},"subFeatureIndex":3,"acroutes":[100000,430000],"footprintId":"hengyang","footprintName":"衡阳","footprintNameEn":"Hengyang","firstVisit":2014},"geometry":{"type":"MultiPolygon","coordinates":[[[[112.995396,27.438309],[112.978109,27.439188],[112.955954,27.430293],[112.939597,27.426284],[112.9251,27.418871],[112.921818,27.409865],[112.924936,27.367074],[112.920177,27.356635],[112.901906,27.360536],[112.869958,27.356141],[112.863886,27.351196],[112.852999,27.355097],[112.834947,27.354382],[112.831118,27.338337],[112.815691,27.343777],[112.807868,27.338392],[112.799826,27.344327],[112.806282,27.348723],[112.80382,27.36202],[112.791566,27.36213],[112.77417,27.376359],[112.771818,27.392784],[112.76033,27.403988],[112.748404,27.39899],[112.735822,27.401517],[112.727507,27.394871],[112.715308,27.404263],[112.704093,27.407668],[112.685658,27.405691],[112.677397,27.419255],[112.678491,27.42892],[112.687244,27.437101],[112.69069,27.454121],[112.673075,27.456811],[112.659727,27.452309],[112.64627,27.464715],[112.639596,27.45983],[112.63046,27.466252],[112.615143,27.465978],[112.608305,27.455987],[112.592605,27.454999],[112.587244,27.437046],[112.576576,27.434466],[112.566893,27.441768],[112.553327,27.432379],[112.55453,27.424911],[112.538885,27.416674],[112.531007,27.430293],[112.521981,27.429194],[112.522418,27.420464],[112.508359,27.417004],[112.51279,27.403164],[112.50453,27.403988],[112.499005,27.397727],[112.49988,27.374931],[112.489596,27.371909],[112.485712,27.359877],[112.471871,27.372404],[112.459891,27.355152],[112.438118,27.344602],[112.432374,27.354218],[112.408523,27.36147],[112.368151,27.356086],[112.370503,27.363888],[112.358742,27.362459],[112.339267,27.365921],[112.331061,27.370206],[112.321543,27.363998],[112.312133,27.367074],[112.309125,27.360426],[112.299715,27.358723],[112.282593,27.337073],[112.287844,27.328939],[112.279857,27.31223],[112.267275,27.305084],[112.256116,27.310691],[112.254912,27.295684],[112.239048,27.287822],[112.233085,27.265388],[112.223785,27.261209],[112.213938,27.268908],[112.206225,27.285128],[112.20535,27.296564],[112.197691,27.295794],[112.190634,27.311791],[112.182374,27.309812],[112.174824,27.319651],[112.163883,27.324542],[112.153654,27.305689],[112.162844,27.284193],[112.163063,27.277321],[112.150535,27.265828],[112.1507,27.254609],[112.160054,27.247515],[112.154091,27.239375],[112.137899,27.237009],[112.127942,27.227658],[112.129529,27.220892],[112.112625,27.222322],[112.114211,27.210714],[112.107209,27.214125],[112.092165,27.205652],[112.08861,27.195143],[112.091235,27.185623],[112.076739,27.185183],[112.070666,27.191071],[112.058139,27.175442],[112.049003,27.150784],[112.05245,27.142856],[112.046596,27.132672],[112.056006,27.116649],[112.051684,27.102882],[112.056224,27.085754],[112.046925,27.077271],[112.05059,27.071102],[112.071815,27.064987],[112.078052,27.041792],[112.086859,27.033912],[112.086804,27.013246],[112.081006,27.008561],[112.060108,27.013026],[112.050152,27.006467],[112.043205,26.995663],[112.047143,26.975265],[112.019846,26.9649],[112.01629,26.955416],[112.007045,26.952658],[112.000644,26.943669],[111.979474,26.942291],[111.986366,26.950011],[111.983795,26.958228],[111.972526,26.958118],[111.961804,26.951169],[111.953598,26.955195],[111.9356,26.952217],[111.929802,26.93854],[111.917821,26.935176],[111.907427,26.924752],[111.89851,26.926627],[111.898237,26.96887],[111.894353,26.978243],[111.898401,26.986677],[111.881278,26.999632],[111.868696,27.013411],[111.863171,27.009774],[111.841946,27.008726],[111.817438,27.020962],[111.823237,27.036778],[111.81607,27.045428],[111.809178,27.046035],[111.807865,27.033141],[111.786913,27.039698],[111.776683,27.046586],[111.772525,27.058045],[111.753543,27.057329],[111.758029,27.062728],[111.737897,27.061571],[111.724768,27.069063],[111.712842,27.052316],[111.699276,27.046586],[111.68828,27.031377],[111.665796,27.031763],[111.659615,27.012144],[111.651518,27.008726],[111.649768,27.00112],[111.6577,26.986016],[111.649713,26.962915],[111.635271,26.963742],[111.622033,26.954202],[111.613663,26.959717],[111.604472,26.958393],[111.587569,26.96694],[111.581442,26.962143],[111.576463,26.945048],[111.567109,26.934845],[111.583137,26.925028],[111.583028,26.909031],[111.5891,26.896728],[111.578597,26.8831],[111.569078,26.884314],[111.564483,26.86958],[111.551026,26.860033],[111.550752,26.846952],[111.543586,26.840935],[111.549111,26.832324],[111.545938,26.821724],[111.549986,26.812338],[111.558083,26.808639],[111.575369,26.809357],[111.577229,26.79986],[111.588006,26.797596],[111.601245,26.785888],[111.618477,26.7913],[111.629637,26.789312],[111.638006,26.802344],[111.644516,26.803228],[111.642437,26.817252],[111.650862,26.840438],[111.66596,26.843309],[111.684615,26.833538],[111.701464,26.836188],[111.700589,26.843198],[111.712678,26.84916],[111.719243,26.847283],[111.731278,26.8326],[111.739046,26.832876],[111.746759,26.841487],[111.752285,26.831551],[111.745009,26.825534],[111.744735,26.812173],[111.753707,26.807038],[111.772142,26.80875],[111.771705,26.79986],[111.781278,26.789147],[111.797307,26.79257],[111.802504,26.801516],[111.820556,26.804498],[111.824057,26.798479],[111.817055,26.784011],[111.827504,26.780918],[111.831825,26.786164],[111.850206,26.789809],[111.859178,26.799584],[111.871486,26.796491],[111.874769,26.785888],[111.903325,26.751754],[111.917985,26.748936],[111.916399,26.733688],[111.927066,26.711032],[111.94036,26.699427],[111.949003,26.681519],[111.951902,26.664216],[111.959342,26.65642],[111.960983,26.645307],[111.973565,26.630929],[111.990196,26.624182],[111.997526,26.605101],[112.006005,26.596914],[112.014922,26.605322],[112.019736,26.619205],[112.013992,26.627556],[112.005513,26.624791],[111.995666,26.63939],[112.006498,26.648458],[112.028489,26.651831],[112.04583,26.643205],[112.05617,26.647961],[112.076903,26.64398],[112.093478,26.634026],[112.094189,26.645141],[112.10978,26.654043],[112.117822,26.650504],[112.115743,26.643371],[112.126356,26.63574],[112.151082,26.625731],[112.150317,26.617048],[112.141454,26.603386],[112.143916,26.593429],[112.158577,26.591825],[112.170557,26.585352],[112.168205,26.574674],[112.174715,26.571188],[112.169518,26.557078],[112.156389,26.555529],[112.149113,26.547173],[112.162735,26.539314],[112.147363,26.527469],[112.144737,26.504441],[112.15245,26.502725],[112.174223,26.524148],[112.19047,26.536879],[112.213118,26.548556],[112.227833,26.546453],[112.242713,26.535052],[112.243205,26.514073],[112.236695,26.505382],[112.211258,26.502725],[112.195339,26.486613],[112.1757,26.500178],[112.159999,26.493866],[112.159562,26.486336],[112.166509,26.477033],[112.152177,26.469668],[112.157975,26.465016],[112.161914,26.450727],[112.155295,26.444523],[112.143205,26.441477],[112.145612,26.431727],[112.152724,26.430065],[112.150098,26.416326],[112.153271,26.403139],[112.140634,26.407959],[112.141728,26.387068],[112.150152,26.38463],[112.148183,26.35736],[112.153161,26.349544],[112.158741,26.353036],[112.181498,26.34339],[112.177724,26.325925],[112.177942,26.305741],[112.190415,26.312229],[112.199004,26.30746],[112.20896,26.31356],[112.212461,26.30563],[112.205021,26.285275],[112.197308,26.277287],[112.200809,26.262365],[112.19605,26.229794],[112.190306,26.22369],[112.194901,26.206873],[112.192877,26.19394],[112.185929,26.185668],[112.195448,26.172011],[112.206115,26.165514],[112.217221,26.165459],[112.212571,26.151188],[112.222636,26.150799],[112.224332,26.138915],[112.231389,26.134417],[112.232428,26.117865],[112.257702,26.123308],[112.258523,26.130751],[112.266947,26.13114],[112.284453,26.143636],[112.290689,26.144024],[112.292385,26.134417],[112.304256,26.132917],[112.31186,26.148967],[112.310437,26.158574],[112.327068,26.161128],[112.33779,26.167569],[112.357046,26.161294],[112.364322,26.181282],[112.375044,26.190553],[112.377287,26.201544],[112.386641,26.205208],[112.395066,26.186168],[112.405788,26.184835],[112.429256,26.189721],[112.444574,26.175953],[112.450919,26.180394],[112.47953,26.175786],[112.485055,26.167957],[112.482046,26.160739],[112.48872,26.150911],[112.507812,26.159573],[112.50825,26.143858],[112.5129,26.135583],[112.524443,26.137471],[112.529092,26.147579],[112.554804,26.147245],[112.566565,26.158518],[112.578381,26.153632],[112.582047,26.15924],[112.576248,26.168346],[112.577451,26.182004],[112.572309,26.193384],[112.58057,26.208982],[112.581062,26.219083],[112.597802,26.220526],[112.602834,26.217085],[112.608961,26.198436],[112.623403,26.192108],[112.633688,26.163293],[112.630132,26.154409],[112.637299,26.138915],[112.654257,26.129251],[112.670668,26.127696],[112.658196,26.114976],[112.646161,26.112421],[112.642277,26.105977],[112.654913,26.101033],[112.665307,26.10981],[112.673787,26.111032],[112.676139,26.125974],[112.686423,26.123808],[112.688557,26.114198],[112.707704,26.122419],[112.710275,26.131751],[112.720395,26.125474],[112.735056,26.134583],[112.739979,26.144469],[112.746216,26.143802],[112.752507,26.129862],[112.760384,26.133084],[112.758743,26.149855],[112.768371,26.145524],[112.782157,26.146024],[112.783634,26.164237],[112.791402,26.166292],[112.78812,26.175342],[112.777179,26.177341],[112.775975,26.183892],[112.786041,26.196993],[112.79173,26.193218],[112.78987,26.179839],[112.795614,26.180116],[112.802616,26.19022],[112.809728,26.192163],[112.818535,26.186667],[112.818754,26.161794],[112.838557,26.155742],[112.846435,26.158296],[112.857923,26.154187],[112.870067,26.155797],[112.875866,26.1498],[112.891074,26.156519],[112.903601,26.148467],[112.920997,26.157963],[112.921052,26.174398],[112.930133,26.176785],[112.942606,26.170789],[112.949882,26.160184],[112.968645,26.154242],[112.984564,26.156575],[112.992989,26.162349],[113.008635,26.155631],[113.035659,26.172843],[113.034948,26.206651],[113.039926,26.213589],[113.025867,26.245276],[113.032103,26.25199],[113.045287,26.254542],[113.05207,26.248494],[113.068153,26.252933],[113.073514,26.24855],[113.091676,26.250103],[113.087136,26.273626],[113.103547,26.290544],[113.117059,26.287327],[113.119193,26.29304],[113.128821,26.29304],[113.130626,26.306572],[113.127344,26.31356],[113.142059,26.32587],[113.162683,26.324317],[113.173788,26.329696],[113.164762,26.344499],[113.168865,26.3491],[113.156556,26.36246],[113.167114,26.374266],[113.16044,26.387733],[113.163558,26.409566],[113.171874,26.412115],[113.179095,26.404967],[113.191239,26.406186],[113.212191,26.425246],[113.211699,26.433112],[113.192278,26.44552],[113.194904,26.451669],[113.210112,26.465182],[113.217388,26.462746],[113.226852,26.467065],[113.230079,26.482072],[113.214324,26.502448],[113.189653,26.506157],[113.179423,26.519388],[113.171655,26.521214],[113.160003,26.534222],[113.159182,26.541638],[113.179149,26.564438],[113.179259,26.578492],[113.186699,26.608088],[113.179587,26.638339],[113.188176,26.662447],[113.182979,26.687765],[113.160878,26.687875],[113.152289,26.700532],[113.134784,26.71258],[113.13916,26.71794],[113.122311,26.72319],[113.121381,26.73098],[113.131392,26.738053],[113.12904,26.74413],[113.115364,26.74413],[113.113066,26.753024],[113.101961,26.753245],[113.09556,26.759929],[113.097256,26.781636],[113.149062,26.792129],[113.142935,26.812504],[113.144138,26.834477],[113.153165,26.837568],[113.160495,26.827521],[113.183854,26.825202],[113.207103,26.829674],[113.206338,26.825478],[113.223679,26.820896],[113.224609,26.814437],[113.238066,26.805216],[113.258526,26.815486],[113.259784,26.827797],[113.252399,26.839224],[113.232869,26.860971],[113.227125,26.876423],[113.239106,26.877747],[113.24288,26.889279],[113.239708,26.894466],[113.254751,26.900259],[113.257104,26.917691],[113.266458,26.918408],[113.278329,26.928447],[113.280955,26.939974],[113.245014,26.93832],[113.235331,26.951721],[113.225594,26.956298],[113.221546,26.974549],[113.226852,26.994671],[113.21892,27.002939],[113.224937,27.012474],[113.235714,27.014789],[113.23462,27.021403],[113.220014,27.024434],[113.215856,27.0408],[113.198022,27.04069],[113.199171,27.056888],[113.193865,27.076059],[113.175101,27.088838],[113.170779,27.099027],[113.164543,27.101285],[113.16799,27.126175],[113.193482,27.1357],[113.196053,27.14181],[113.219467,27.131736],[113.236042,27.145224],[113.244795,27.139994],[113.245944,27.151609],[113.257815,27.160141],[113.260058,27.173186],[113.280298,27.166636],[113.283964,27.178634],[113.271929,27.205707],[113.255408,27.223642],[113.248406,27.23943],[113.23183,27.237339],[113.182979,27.240915],[113.173734,27.233489],[113.164324,27.236019],[113.148296,27.251695],[113.144138,27.249275],[113.133252,27.229638],[113.127508,27.207358],[113.115473,27.205597],[113.107814,27.225238],[113.087847,27.235469],[113.092606,27.238274],[113.082431,27.253895],[113.085878,27.266433],[113.068427,27.280949],[113.051031,27.287492],[113.04381,27.309647],[113.048843,27.320915],[113.032541,27.329269],[113.033306,27.345041],[113.042223,27.350921],[113.025265,27.367239],[113.021545,27.378337],[113.024171,27.385807],[113.002015,27.392729],[112.994247,27.407064],[112.999225,27.435619],[112.995396,27.438309]]]]}},{"type":"Feature","properties":{"adcode":511300,"name":"南充市","center":[106.082974,30.795281],"centroid":[106.207711,31.195136],"childrenNum":9,"level":"city","parent":{"adcode":510000},"subFeatureIndex":10,"acroutes":[100000,510000],"footprintId":"nanchong","footprintName":"南充","footprintNameEn":"Nanchong","firstVisit":2015},"geometry":{"type":"MultiPolygon","coordinates":[[[[106.964778,31.250802],[106.947532,31.263656],[106.94574,31.264802],[106.964442,31.291077],[106.944172,31.288949],[106.934317,31.309081],[106.946748,31.328963],[106.917855,31.377464],[106.864549,31.400683],[106.883251,31.420873],[106.871268,31.426512],[106.846071,31.456909],[106.842151,31.503139],[106.815498,31.515142],[106.821098,31.547877],[106.787166,31.531307],[106.766224,31.537592],[106.7688,31.5673],[106.722101,31.563383],[106.718965,31.571952],[106.693656,31.56118],[106.673386,31.569177],[106.647517,31.591125],[106.632175,31.567056],[106.644942,31.544694],[106.626464,31.510814],[106.607874,31.50665],[106.566886,31.518244],[106.566438,31.545755],[106.536986,31.572033],[106.516604,31.575052],[106.492079,31.567382],[106.484016,31.584517],[106.460722,31.586312],[106.456803,31.633049],[106.438661,31.655715],[106.412568,31.65702],[106.400025,31.681229],[106.366429,31.696632],[106.382667,31.720423],[106.378747,31.732969],[106.405288,31.725637],[106.40764,31.755204],[106.42455,31.755448],[106.406632,31.777026],[106.39577,31.805681],[106.384235,31.801693],[106.361277,31.846287],[106.33552,31.848484],[106.327345,31.829689],[106.310435,31.825539],[106.292293,31.80739],[106.270456,31.810972],[106.275271,31.79689],[106.262057,31.773851],[106.24817,31.7824],[106.211326,31.770757],[106.194528,31.785901],[106.199232,31.818622],[106.188481,31.821796],[106.153765,31.806576],[106.138646,31.811297],[106.130359,31.829282],[106.110538,31.790785],[106.12364,31.792006],[106.128568,31.767174],[106.111993,31.758543],[106.10225,31.73248],[106.068318,31.708447],[106.078061,31.697202],[106.048385,31.698098],[106.032482,31.687586],[106.007173,31.684734],[105.977496,31.662482],[105.958235,31.672426],[105.925086,31.664764],[105.929902,31.649193],[105.910528,31.625791],[105.881635,31.648052],[105.885779,31.630521],[105.865285,31.614781],[105.845799,31.632559],[105.838072,31.65115],[105.847143,31.667047],[105.817914,31.66778],[105.816011,31.677643],[105.780735,31.712684],[105.76864,31.735412],[105.749378,31.718794],[105.726085,31.726615],[105.723845,31.663623],[105.69932,31.649845],[105.684649,31.608908],[105.657884,31.601975],[105.653517,31.61372],[105.633247,31.60067],[105.639518,31.587617],[105.622496,31.58419],[105.618353,31.55359],[105.60805,31.551631],[105.599203,31.581009],[105.579493,31.565668],[105.53537,31.564771],[105.529771,31.574644],[105.498414,31.574155],[105.493711,31.551468],[105.494047,31.551631],[105.495055,31.550652],[105.494719,31.550326],[105.459219,31.52698],[105.462802,31.498974],[105.441973,31.480517],[105.458211,31.474717],[105.471313,31.485826],[105.501662,31.454866],[105.486992,31.443918],[105.481168,31.424224],[105.49875,31.402482],[105.524059,31.391364],[105.533018,31.401582],[105.551048,31.392753],[105.56863,31.403136],[105.57255,31.382043],[105.591252,31.39725],[105.612193,31.39635],[105.620928,31.406651],[105.641646,31.394797],[105.64243,31.371168],[105.629775,31.345896],[105.606482,31.339598],[105.609058,31.325527],[105.594163,31.299834],[105.599091,31.288704],[105.616673,31.295579],[105.637615,31.283548],[105.647805,31.257598],[105.674682,31.249492],[105.674346,31.171757],[105.707047,31.169216],[105.721381,31.150366],[105.716678,31.130365],[105.726197,31.110769],[105.712198,31.09691],[105.721717,31.084197],[105.708727,31.071237],[105.714102,31.039321],[105.686665,31.016341],[105.663372,31.01749],[105.65822,30.999923],[105.633807,31.003289],[105.613873,30.991303],[105.618689,30.977591],[105.643438,30.948025],[105.6599,30.942275],[105.65934,30.918697],[105.691705,30.933896],[105.705927,30.910152],[105.73202,30.905714],[105.744899,30.879086],[105.730564,30.876784],[105.755761,30.841267],[105.784318,30.823832],[105.796749,30.800883],[105.782302,30.785086],[105.792941,30.759906],[105.792717,30.711418],[105.813771,30.651372],[105.809067,30.625333],[105.82329,30.621953],[105.82385,30.602995],[105.85431,30.565728],[105.871332,30.562182],[105.877492,30.547419],[105.862821,30.51244],[105.846807,30.491645],[105.860246,30.48496],[105.867413,30.497092],[105.884099,30.496266],[105.885331,30.458875],[105.917807,30.466966],[105.916351,30.469442],[105.910528,30.480668],[105.917023,30.490407],[105.923966,30.49313],[105.927102,30.494038],[105.915791,30.508974],[105.934045,30.516731],[105.945692,30.501383],[105.954203,30.514255],[105.970665,30.477119],[105.980856,30.488344],[106.024755,30.482071],[106.028003,30.505261],[106.039426,30.518216],[106.066638,30.491727],[106.093851,30.504189],[106.112777,30.503198],[106.123192,30.544449],[106.157796,30.598049],[106.180194,30.595658],[106.192176,30.612969],[106.178962,30.620058],[106.166643,30.648324],[106.217822,30.677652],[106.225773,30.695196],[106.237531,30.687454],[106.238091,30.706807],[106.217486,30.704666],[106.207631,30.722863],[106.250746,30.719323],[106.286806,30.70516],[106.300468,30.686218],[106.354558,30.722122],[106.366877,30.712736],[106.364301,30.697337],[106.38905,30.679876],[106.403609,30.695525],[106.423094,30.693219],[106.420855,30.708207],[106.441124,30.727144],[106.448068,30.753321],[106.466546,30.760893],[106.487599,30.787966],[106.507757,30.784511],[106.506301,30.762869],[106.528923,30.732496],[106.542809,30.743033],[106.587604,30.73974],[106.584244,30.756861],[106.618401,30.766572],[106.626464,30.789365],[106.616497,30.801705],[106.617281,30.82778],[106.629599,30.821036],[106.675178,30.838882],[106.675514,30.867084],[106.689177,30.883606],[106.666443,30.909987],[106.678986,30.922887],[106.707207,30.915903],[106.723221,30.946629],[106.740467,30.951147],[106.73162,30.973649],[106.771487,30.96864],[106.784814,30.972336],[106.78739,30.995901],[106.803292,30.993684],[106.819754,31.011662],[106.830505,31.05286],[106.86914,31.081163],[106.894786,31.08756],[106.909008,31.107653],[106.935325,31.116591],[106.931965,31.133726],[106.951003,31.161267],[106.938349,31.1761],[106.939917,31.207151],[106.958282,31.228283],[106.964778,31.250802]]],[[[105.927102,30.494038],[105.923966,30.49313],[105.917023,30.490407],[105.910528,30.480668],[105.916351,30.469442],[105.917807,30.466966],[105.948828,30.494368],[105.927102,30.494038]]],[[[105.494047,31.551631],[105.493711,31.551468],[105.494719,31.550326],[105.495055,31.550652],[105.494047,31.551631]]]]}},{"type":"Feature","properties":{"adcode":620100,"name":"兰州市","center":[103.823557,36.058039],"centroid":[103.644112,36.355083],"childrenNum":8,"level":"city","parent":{"adcode":620000},"subFeatureIndex":0,"acroutes":[100000,620000],"footprintId":"lanzhou","footprintName":"兰州","footprintNameEn":"Lanzhou","firstVisit":2015},"geometry":{"type":"MultiPolygon","coordinates":[[[[103.564881,36.973787],[103.528532,36.970481],[103.511832,36.961493],[103.483669,36.966452],[103.450104,36.981946],[103.440607,36.995992],[103.404586,36.999193],[103.359396,36.996715],[103.317152,36.986697],[103.309457,36.949818],[103.323702,36.946718],[103.348098,36.958291],[103.348589,36.926773],[103.368237,36.907856],[103.383464,36.920364],[103.407861,36.923465],[103.44159,36.950542],[103.455998,36.935868],[103.479576,36.940208],[103.499879,36.913335],[103.501353,36.895448],[103.519691,36.902686],[103.541631,36.878799],[103.518053,36.849938],[103.47319,36.874248],[103.472535,36.861732],[103.450759,36.831209],[103.399019,36.826034],[103.377897,36.853352],[103.380353,36.878902],[103.348425,36.895862],[103.347607,36.916126],[103.313223,36.907132],[103.281131,36.915196],[103.26574,36.907959],[103.248057,36.916643],[103.276219,36.954158],[103.258208,36.958704],[103.230537,36.937211],[103.206141,36.941242],[103.201393,36.92977],[103.176833,36.932974],[103.180271,36.945685],[103.128695,36.951678],[103.074336,36.945272],[103.068114,36.959737],[103.004421,36.946925],[102.975932,36.947855],[102.954974,36.92884],[102.919607,36.935454],[102.883095,36.901342],[102.903398,36.878695],[102.902415,36.865146],[102.877855,36.856042],[102.863447,36.838142],[102.843471,36.845179],[102.810397,36.841143],[102.846255,36.808645],[102.822677,36.794876],[102.84298,36.77458],[102.833156,36.762358],[102.813508,36.762773],[102.807614,36.773544],[102.778305,36.761737],[102.756856,36.717598],[102.778142,36.691579],[102.772575,36.673434],[102.730659,36.672811],[102.688743,36.684218],[102.666475,36.707648],[102.684977,36.743918],[102.715268,36.745576],[102.731477,36.762358],[102.720671,36.770023],[102.692509,36.775305],[102.636676,36.733143],[102.613426,36.738634],[102.601309,36.709928],[102.609005,36.6781],[102.630618,36.650927],[102.66582,36.633913],[102.684486,36.618971],[102.724273,36.61399],[102.714777,36.600289],[102.764552,36.575477],[102.737699,36.57122],[102.734425,36.562289],[102.75309,36.525933],[102.777323,36.516893],[102.779124,36.502136],[102.793041,36.499434],[102.788784,36.481867],[102.76668,36.465543],[102.787966,36.447448],[102.793532,36.427061],[102.809742,36.407916],[102.826279,36.406251],[102.813017,36.388455],[102.829718,36.365345],[102.831846,36.365345],[102.847401,36.355974],[102.838887,36.345769],[102.836431,36.344623],[102.845436,36.332229],[102.896685,36.331812],[102.915841,36.315145],[102.923701,36.29764],[102.971347,36.283571],[102.99165,36.264392],[103.023578,36.257407],[103.02145,36.232693],[103.048302,36.226435],[103.070897,36.206929],[103.102661,36.211623],[103.10741,36.221637],[103.123128,36.195661],[103.155711,36.19013],[103.165863,36.176146],[103.19075,36.180321],[103.200902,36.170301],[103.230374,36.168318],[103.257881,36.15955],[103.259846,36.146605],[103.278184,36.151929],[103.298323,36.145038],[103.312895,36.152556],[103.343022,36.125198],[103.365617,36.119872],[103.396727,36.128958],[103.412282,36.123005],[103.41048,36.07777],[103.438315,36.069201],[103.475646,36.110785],[103.483342,36.098354],[103.496604,36.108382],[103.521819,36.101697],[103.538848,36.105039],[103.571267,36.091876],[103.575033,36.06293],[103.596318,36.069514],[103.621697,36.025922],[103.633322,36.017451],[103.622352,35.99444],[103.632831,35.982409],[103.616785,35.959284],[103.623989,35.934895],[103.643801,35.931336],[103.660993,35.914269],[103.702581,35.927253],[103.714697,35.909975],[103.76742,35.89039],[103.776425,35.896256],[103.779863,35.848166],[103.795909,35.852463],[103.799184,35.841039],[103.837334,35.841773],[103.837498,35.815985],[103.849614,35.803927],[103.848959,35.774979],[103.865005,35.794803],[103.901354,35.774979],[103.919855,35.757354],[103.952111,35.746756],[103.963736,35.735318],[103.980928,35.735737],[103.997956,35.716109],[104.019569,35.713589],[104.040036,35.68902],[104.053135,35.68608],[104.067543,35.664759],[104.092431,35.657615],[104.101436,35.636076],[104.110769,35.638178],[104.138931,35.618525],[104.148591,35.635025],[104.173151,35.649421],[104.202787,35.614111],[104.198039,35.598973],[104.225382,35.578575],[104.282198,35.571109],[104.290057,35.589616],[104.310196,35.601812],[104.305939,35.643327],[104.331809,35.658561],[104.317564,35.66791],[104.316746,35.705296],[104.331154,35.732379],[104.357351,35.74109],[104.369959,35.766692],[104.384695,35.767426],[104.401068,35.793964],[104.398612,35.808855],[104.421371,35.865456],[104.439055,35.864618],[104.448879,35.875619],[104.44282,35.89657],[104.42612,35.916154],[104.441019,35.974771],[104.483754,35.993708],[104.484572,36.020693],[104.500618,36.02017],[104.507331,36.037946],[104.522722,36.043696],[104.519284,36.060212],[104.53795,36.08404],[104.5612,36.09219],[104.567422,36.112456],[104.559399,36.130106],[104.568895,36.139296],[104.577246,36.168109],[104.530909,36.168005],[104.512571,36.202547],[104.543025,36.237699],[104.531728,36.26116],[104.522231,36.262098],[104.517155,36.290241],[104.502419,36.316083],[104.501764,36.350767],[104.510442,36.373153],[104.507168,36.428621],[104.489812,36.44256],[104.439382,36.408541],[104.429067,36.386581],[104.415477,36.391369],[104.349165,36.375547],[104.318055,36.377421],[104.313962,36.363887],[104.296279,36.354308],[104.258948,36.362221],[104.232095,36.359306],[104.218178,36.349622],[104.221453,36.337541],[104.184121,36.341915],[104.164965,36.32275],[104.163327,36.305351],[104.141551,36.293785],[104.130253,36.250942],[104.113389,36.26043],[104.125669,36.29837],[104.114371,36.306914],[104.111096,36.327438],[104.128616,36.335979],[104.095214,36.371696],[104.050024,36.414056],[104.042492,36.457224],[104.051825,36.464295],[104.041018,36.481243],[104.016622,36.4959],[104.022025,36.520634],[104.034141,36.535699],[104.028575,36.554292],[104.040855,36.573712],[103.974051,36.58451],[103.951456,36.61181],[103.960789,36.62582],[103.942123,36.635573],[103.924767,36.656217],[103.899225,36.671774],[103.915435,36.693238],[103.89726,36.704227],[103.897424,36.715629],[103.930662,36.719774],[103.940813,36.748684],[103.922639,36.751999],[103.92051,36.766812],[103.897097,36.77023],[103.891366,36.787731],[103.903482,36.803469],[103.859765,36.803676],[103.832422,36.812475],[103.825709,36.7985],[103.815066,36.82324],[103.790015,36.829657],[103.777244,36.85149],[103.757923,36.844247],[103.761853,36.828104],[103.7964,36.80378],[103.800494,36.791666],[103.740895,36.799328],[103.731234,36.805125],[103.712078,36.7839],[103.676875,36.790631],[103.669507,36.812889],[103.628246,36.822101],[103.604505,36.847248],[103.62317,36.86887],[103.592388,36.882419],[103.575196,36.923465],[103.547689,36.950025],[103.564881,36.973787]]],[[[102.831846,36.365345],[102.829718,36.365345],[102.836431,36.344623],[102.838887,36.345769],[102.831846,36.365345]]]]}},{"type":"Feature","properties":{"adcode":630100,"name":"西宁市","center":[101.778916,36.623178],"centroid":[101.438463,36.827772],"childrenNum":7,"level":"city","parent":{"adcode":630000},"subFeatureIndex":0,"acroutes":[100000,630000],"footprintId":"xining","footprintName":"西宁","footprintNameEn":"Xining","firstVisit":2015},"geometry":{"type":"MultiPolygon","coordinates":[[[[100.917374,36.741321],[100.916554,36.729332],[100.953728,36.690355],[100.945255,36.683007],[100.949355,36.663135],[100.990355,36.62525],[100.999375,36.59628],[100.993225,36.564595],[101.014545,36.535828],[101.009078,36.526512],[101.031355,36.509905],[101.060191,36.497955],[101.075225,36.482546],[101.081375,36.446001],[101.111031,36.436223],[101.111441,36.420349],[101.141371,36.384303],[101.183191,36.373387],[101.200548,36.340181],[101.249065,36.311405],[101.275168,36.305905],[101.303322,36.320898],[101.307558,36.337469],[101.343228,36.348314],[101.357852,36.380313],[101.378215,36.392883],[101.407325,36.375872],[101.438485,36.37286],[101.455978,36.353209],[101.541395,36.325418],[101.579252,36.329862],[101.603169,36.322329],[101.603169,36.282016],[101.623532,36.282694],[101.645399,36.267619],[101.646765,36.255481],[101.668359,36.231049],[101.706079,36.250128],[101.716192,36.278926],[101.738605,36.280961],[101.740929,36.299425],[101.771406,36.288498],[101.821562,36.294301],[101.828669,36.32715],[101.863519,36.381743],[101.849989,36.403495],[101.851902,36.442842],[101.871036,36.45653],[101.869122,36.471193],[101.897412,36.496678],[101.891946,36.533198],[101.912309,36.550776],[101.911762,36.573081],[101.879509,36.613768],[101.817599,36.653609],[101.804889,36.648808],[101.802429,36.671534],[101.790129,36.66186],[101.775642,36.676559],[101.790949,36.705948],[101.780152,36.73158],[101.790676,36.746865],[101.800516,36.792852],[101.790129,36.806253],[101.804342,36.821149],[101.805162,36.906726],[101.814592,36.925639],[101.837552,36.933039],[101.848349,36.966738],[101.831266,36.981602],[101.839876,37.009083],[101.855729,37.034091],[101.884566,37.04745],[101.893039,37.086245],[101.884566,37.122113],[101.907526,37.129195],[101.914496,37.148127],[101.891399,37.158187],[101.870899,37.179272],[101.841516,37.185902],[101.810766,37.203033],[101.799969,37.219266],[101.762249,37.220531],[101.761292,37.232071],[101.742159,37.247777],[101.716602,37.235123],[101.641435,37.25507],[101.626539,37.250233],[101.611779,37.264744],[101.573102,37.273673],[101.569549,37.282155],[101.540302,37.277914],[101.532102,37.297701],[101.535245,37.322539],[101.497662,37.337855],[101.451195,37.339267],[101.395708,37.35064],[101.374935,37.345957],[101.329562,37.352572],[101.315895,37.369516],[101.285282,37.383559],[101.253302,37.365875],[101.218042,37.370111],[101.213668,37.377987],[101.175128,37.374866],[101.148888,37.383931],[101.129755,37.377244],[101.113491,37.386531],[101.091898,37.384451],[101.081511,37.396485],[101.057048,37.398788],[101.019601,37.413865],[100.963705,37.449799],[100.973408,37.463382],[100.954138,37.470283],[100.927488,37.451432],[100.907124,37.429384],[100.890861,37.434655],[100.881431,37.415498],[100.882114,37.376724],[100.869268,37.353316],[100.896328,37.337632],[100.917238,37.304469],[100.916691,37.28818],[100.932271,37.2765],[100.931998,37.261396],[100.964935,37.242418],[100.970128,37.252019],[101.007438,37.249191],[101.049121,37.220383],[101.080555,37.228944],[101.128935,37.21033],[101.152851,37.174952],[101.157908,37.147233],[101.174445,37.124499],[101.197678,37.110631],[101.225012,37.108618],[101.243325,37.075206],[101.272025,37.05827],[101.265192,37.049838],[101.274895,37.02058],[101.289518,36.999302],[101.279678,36.96233],[101.297718,36.925116],[101.291432,36.902016],[101.275442,36.899175],[101.230068,36.915249],[101.206151,36.894763],[101.180048,36.886986],[101.166928,36.862379],[101.144515,36.853102],[101.111441,36.827511],[101.088618,36.803783],[101.022881,36.783642],[100.967395,36.821524],[100.906988,36.798542],[100.917648,36.772409],[100.917374,36.741321]]]]}},{"type":"Feature","properties":{"adcode":632200,"name":"海北藏族自治州","center":[100.901059,36.959435],"centroid":[100.299858,37.765164],"childrenNum":4,"level":"city","parent":{"adcode":630000},"subFeatureIndex":2,"acroutes":[100000,630000],"footprintId":"haibei","footprintName":"海北","footprintNameEn":"Haibei","firstVisit":2015},"geometry":{"type":"MultiPolygon","coordinates":[[[[101.914496,37.148127],[101.970802,37.121367],[102.002782,37.100415],[102.045286,37.096761],[102.064693,37.084008],[102.118266,37.061478],[102.163776,37.055584],[102.194116,37.077369],[102.271879,37.087588],[102.304406,37.086469],[102.38791,37.106754],[102.488496,37.078562],[102.497926,37.090422],[102.53182,37.087364],[102.61177,37.104442],[102.64211,37.09967],[102.637327,37.121964],[102.62735,37.127406],[102.600837,37.174281],[102.568447,37.180017],[102.53305,37.217404],[102.48959,37.223807],[102.480296,37.240483],[102.45761,37.248893],[102.453373,37.271516],[102.419206,37.295991],[102.428363,37.308262],[102.393103,37.324993],[102.368366,37.32767],[102.34117,37.348038],[102.29894,37.370036],[102.300033,37.391285],[102.271196,37.392845],[102.248783,37.411488],[102.197396,37.420548],[102.173206,37.461304],[102.125236,37.485494],[102.106513,37.481339],[102.103369,37.492839],[102.122366,37.516204],[102.118129,37.531628],[102.130839,37.547345],[102.106923,37.564319],[102.102139,37.582104],[102.089566,37.578844],[102.066333,37.590106],[102.070296,37.601144],[102.035309,37.627585],[102.047336,37.654313],[102.036813,37.661715],[102.033396,37.688504],[102.018636,37.694867],[101.999092,37.725046],[101.946339,37.728078],[101.875546,37.685914],[101.859829,37.660827],[101.854362,37.664675],[101.813499,37.655645],[101.813636,37.681623],[101.789036,37.69716],[101.659202,37.733329],[101.670409,37.754252],[101.640752,37.775835],[101.618065,37.810413],[101.598385,37.827475],[101.542625,37.838995],[101.500395,37.857969],[101.464725,37.856788],[101.443132,37.868082],[101.402952,37.831758],[101.382588,37.822157],[101.376985,37.802214],[101.362362,37.791205],[101.319995,37.811226],[101.279132,37.836706],[101.258495,37.832792],[101.239225,37.84313],[101.202735,37.84756],[101.161051,37.867565],[101.152168,37.891181],[101.130711,37.913683],[101.114311,37.920248],[101.102968,37.946501],[101.077138,37.941856],[101.034498,37.976577],[101.020968,37.975472],[100.997598,37.988442],[100.980378,38.006789],[100.964115,38.011062],[100.918468,37.999569],[100.894824,38.013566],[100.896874,38.029476],[100.887308,38.049579],[100.894688,38.062905],[100.922704,38.085575],[100.916144,38.115079],[100.925028,38.14891],[100.938011,38.16038],[100.913274,38.178683],[100.862981,38.149278],[100.843848,38.149131],[100.821981,38.161997],[100.810091,38.181256],[100.789181,38.193528],[100.780298,38.213513],[100.751871,38.23878],[100.714834,38.253613],[100.686271,38.249574],[100.673834,38.256183],[100.619031,38.265727],[100.595114,38.242305],[100.574477,38.25141],[100.546597,38.246931],[100.520631,38.271085],[100.496577,38.273654],[100.475531,38.288847],[100.460087,38.265506],[100.437127,38.268002],[100.435351,38.301322],[100.418677,38.307192],[100.396674,38.29325],[100.373714,38.309026],[100.359774,38.307925],[100.318227,38.328392],[100.331484,38.34174],[100.29718,38.388585],[100.259597,38.366376],[100.240054,38.441698],[100.205204,38.45627],[100.16475,38.460443],[100.151357,38.478378],[100.12621,38.485258],[100.11227,38.497187],[100.08685,38.493162],[100.064027,38.518551],[100.02576,38.507943],[100.00116,38.466959],[100.02986,38.443382],[100.021933,38.432983],[100.057877,38.416355],[100.092043,38.408223],[100.111313,38.377811],[100.123887,38.34768],[100.136187,38.334846],[100.16434,38.328025],[100.157917,38.310567],[100.16639,38.269617],[100.184157,38.235255],[100.182927,38.222034],[100.16024,38.217039],[100.12785,38.230628],[100.116097,38.254127],[100.095323,38.263084],[100.09915,38.270645],[100.071407,38.284591],[100.050087,38.28327],[99.998563,38.316436],[99.95975,38.32069],[99.9372,38.341593],[99.904947,38.3446],[99.830736,38.368648],[99.758303,38.410494],[99.734933,38.412619],[99.715253,38.425146],[99.679036,38.436645],[99.65963,38.449167],[99.645963,38.468935],[99.585419,38.498504],[99.556856,38.519648],[99.548656,38.534204],[99.527473,38.547514],[99.514079,38.568425],[99.514216,38.59766],[99.496039,38.612931],[99.450803,38.604456],[99.432216,38.623451],[99.426203,38.647406],[99.412399,38.665514],[99.371536,38.69055],[99.362106,38.718204],[99.291039,38.765898],[99.257692,38.781643],[99.222159,38.788931],[99.169269,38.827255],[99.141252,38.852744],[99.110639,38.86796],[99.068819,38.897074],[99.065402,38.9157],[99.108999,38.946393],[99.065539,38.96268],[99.054469,38.976564],[99.013879,38.984705],[98.993242,38.977437],[98.984085,38.984777],[98.949645,38.988484],[98.902905,39.012535],[98.887189,39.039265],[98.820085,39.063589],[98.813252,39.087687],[98.759815,39.0903],[98.743825,39.086889],[98.730568,39.0572],[98.705422,39.043332],[98.691892,39.020817],[98.663328,38.994516],[98.614538,38.980489],[98.623968,38.959263],[98.614812,38.947338],[98.597728,38.947629],[98.590075,38.933085],[98.572992,38.93243],[98.550578,38.949374],[98.526388,38.955555],[98.457508,38.952937],[98.428261,38.975983],[98.432771,38.993571],[98.401065,39.001491],[98.383981,39.029388],[98.316878,39.0405],[98.287085,39.035489],[98.281071,39.027063],[98.287495,38.99219],[98.270138,38.954537],[98.235424,38.919046],[98.251551,38.907842],[98.251278,38.891252],[98.203444,38.856603],[98.177068,38.846045],[98.152331,38.820189],[98.134974,38.815818],[98.093291,38.786307],[98.112014,38.759336],[98.128551,38.757003],[98.141944,38.737387],[98.136614,38.710616],[98.157251,38.696023],[98.182534,38.667558],[98.246494,38.663689],[98.273965,38.643025],[98.275058,38.66252],[98.295695,38.66325],[98.368128,38.615634],[98.418148,38.598391],[98.468851,38.58816],[98.508758,38.586187],[98.538962,38.579536],[98.562332,38.553145],[98.608525,38.52689],[98.637772,38.522135],[98.683008,38.530328],[98.711572,38.520892],[98.717312,38.502675],[98.735625,38.485258],[98.778402,38.477792],[98.816395,38.482257],[98.881859,38.475011],[98.948142,38.444041],[98.969462,38.422655],[98.983539,38.396866],[98.979849,38.389318],[98.955249,38.390344],[98.909192,38.363517],[98.909739,38.350246],[98.936389,38.341813],[98.938712,38.324871],[98.908235,38.298974],[98.907825,38.2887],[98.947459,38.271599],[99.002945,38.278499],[99.013059,38.267195],[99.039982,38.25699],[99.089319,38.26301],[99.122939,38.273214],[99.146719,38.290682],[99.168176,38.28804],[99.172686,38.308219],[99.212456,38.316215],[99.223662,38.328465],[99.247442,38.328685],[99.259742,38.315408],[99.250312,38.301836],[99.283932,38.274535],[99.321379,38.265653],[99.364019,38.247298],[99.401603,38.256917],[99.438639,38.258459],[99.469116,38.2484],[99.498499,38.250676],[99.524193,38.209546],[99.548656,38.202125],[99.560136,38.207121],[99.585009,38.200215],[99.594713,38.162512],[99.579269,38.109635],[99.622593,38.095141],[99.64733,38.07667],[99.684503,38.071002],[99.652933,38.051199],[99.615623,38.053261],[99.559589,38.029476],[99.523919,38.034631],[99.499456,38.032643],[99.441373,38.017544],[99.411716,38.025352],[99.380693,38.007083],[99.359646,37.979452],[99.358963,37.967364],[99.392309,37.947238],[99.375226,37.924083],[99.417456,37.902543],[99.438366,37.897305],[99.474036,37.873175],[99.477453,37.846009],[99.498089,37.838404],[99.512439,37.857748],[99.555079,37.845197],[99.600453,37.83678],[99.606466,37.829174],[99.661543,37.812038],[99.648423,37.793052],[99.649516,37.756839],[99.657716,37.735843],[99.68915,37.719869],[99.69735,37.682807],[99.686143,37.667266],[99.63585,37.654017],[99.590749,37.610996],[99.559589,37.610552],[99.541549,37.596774],[99.543053,37.563504],[99.500959,37.544083],[99.463649,37.482675],[99.473353,37.460191],[99.476086,37.411785],[99.464879,37.398565],[99.417046,37.370111],[99.418276,37.330569],[99.434539,37.31384],[99.439323,37.280295],[99.423196,37.242195],[99.436999,37.216362],[99.430713,37.182848],[99.454356,37.17443],[99.454356,37.156622],[99.512986,37.143804],[99.548929,37.117342],[99.566559,37.116521],[99.589246,37.101683],[99.63134,37.08632],[99.688193,37.042749],[99.720856,37.03424],[99.74081,37.036554],[99.743543,37.015877],[99.77197,37.018565],[99.797526,36.991685],[99.821716,36.984963],[99.839756,36.966588],[99.904537,36.951198],[100.14261,36.899025],[100.278184,36.867316],[100.536621,36.814563],[100.696384,36.776228],[100.725631,36.753982],[100.763078,36.758926],[100.801071,36.757353],[100.862708,36.780347],[100.918604,36.749712],[100.917374,36.741321],[100.917648,36.772409],[100.906988,36.798542],[100.967395,36.821524],[101.022881,36.783642],[101.088618,36.803783],[101.111441,36.827511],[101.144515,36.853102],[101.166928,36.862379],[101.180048,36.886986],[101.206151,36.894763],[101.230068,36.915249],[101.275442,36.899175],[101.291432,36.902016],[101.297718,36.925116],[101.279678,36.96233],[101.289518,36.999302],[101.274895,37.02058],[101.265192,37.049838],[101.272025,37.05827],[101.243325,37.075206],[101.225012,37.108618],[101.197678,37.110631],[101.174445,37.124499],[101.157908,37.147233],[101.152851,37.174952],[101.128935,37.21033],[101.080555,37.228944],[101.049121,37.220383],[101.007438,37.249191],[100.970128,37.252019],[100.964935,37.242418],[100.931998,37.261396],[100.932271,37.2765],[100.916691,37.28818],[100.917238,37.304469],[100.896328,37.337632],[100.869268,37.353316],[100.882114,37.376724],[100.881431,37.415498],[100.890861,37.434655],[100.907124,37.429384],[100.927488,37.451432],[100.954138,37.470283],[100.973408,37.463382],[100.963705,37.449799],[101.019601,37.413865],[101.057048,37.398788],[101.081511,37.396485],[101.091898,37.384451],[101.113491,37.386531],[101.129755,37.377244],[101.148888,37.383931],[101.175128,37.374866],[101.213668,37.377987],[101.218042,37.370111],[101.253302,37.365875],[101.285282,37.383559],[101.315895,37.369516],[101.329562,37.352572],[101.374935,37.345957],[101.395708,37.35064],[101.451195,37.339267],[101.497662,37.337855],[101.535245,37.322539],[101.532102,37.297701],[101.540302,37.277914],[101.569549,37.282155],[101.573102,37.273673],[101.611779,37.264744],[101.626539,37.250233],[101.641435,37.25507],[101.716602,37.235123],[101.742159,37.247777],[101.761292,37.232071],[101.762249,37.220531],[101.799969,37.219266],[101.810766,37.203033],[101.841516,37.185902],[101.870899,37.179272],[101.891399,37.158187],[101.914496,37.148127]]]]}},{"type":"Feature","properties":{"adcode":632500,"name":"海南藏族自治州","center":[100.619542,36.280353],"centroid":[100.253142,35.908253],"childrenNum":5,"level":"city","parent":{"adcode":630000},"subFeatureIndex":4,"acroutes":[100000,630000],"footprintId":"hainan-qinghai","footprintName":"海南州","footprintNameEn":"Hainan Prefecture","firstVisit":2015},"geometry":{"type":"MultiPolygon","coordinates":[[[[100.917374,36.741321],[100.918604,36.749712],[100.862708,36.780347],[100.801071,36.757353],[100.763078,36.758926],[100.725631,36.753982],[100.696384,36.776228],[100.536621,36.814563],[100.278184,36.867316],[100.14261,36.899025],[99.904537,36.951198],[99.839756,36.966588],[99.821716,36.984963],[99.797526,36.991685],[99.77197,37.018565],[99.743543,37.015877],[99.74081,37.036554],[99.720856,37.03424],[99.688193,37.042749],[99.63134,37.08632],[99.589246,37.101683],[99.566559,37.116521],[99.548929,37.117342],[99.512986,37.143804],[99.454356,37.156622],[99.415953,37.163403],[99.408846,37.170332],[99.382743,37.167054],[99.368529,37.175324],[99.359646,37.135084],[99.350079,37.123753],[99.321789,37.123679],[99.299649,37.106977],[99.286802,37.10653],[99.271769,37.089079],[99.249082,37.031852],[99.231042,36.976673],[99.197969,36.961135],[99.155329,36.970099],[99.160112,36.95456],[99.264526,36.905231],[99.277646,36.893642],[99.297462,36.849661],[99.387389,36.798318],[99.430986,36.760499],[99.422786,36.740722],[99.446839,36.686981],[99.427159,36.671534],[99.395179,36.657434],[99.374269,36.654959],[99.355409,36.632828],[99.334499,36.620897],[99.263159,36.604236],[99.171319,36.565121],[99.119522,36.55333],[99.085492,36.533048],[98.977115,36.498181],[98.921219,36.486755],[98.929829,36.446753],[98.946775,36.444121],[98.954839,36.423434],[98.989005,36.409816],[99.034925,36.365783],[99.065949,36.323986],[99.065949,36.298973],[99.049685,36.288196],[99.043809,36.233236],[98.993379,36.191292],[98.993789,36.17152],[98.983675,36.164575],[98.935432,36.156498],[98.937072,36.143437],[98.967685,36.129316],[98.980259,36.087846],[99.015792,36.086184],[99.010189,36.058297],[99.040255,36.046505],[99.077566,36.017092],[99.089456,35.999923],[99.071142,35.968147],[99.116789,35.911448],[99.102439,35.883424],[99.124716,35.86615],[99.126629,35.831515],[99.119112,35.818324],[99.126766,35.802629],[99.163802,35.791102],[99.185806,35.762125],[99.194142,35.737463],[99.208219,35.7279],[99.205622,35.682573],[99.177606,35.655684],[99.156012,35.619818],[99.180749,35.608112],[99.192639,35.616169],[99.211089,35.604615],[99.295002,35.565607],[99.314682,35.550471],[99.321516,35.530842],[99.337779,35.515775],[99.313179,35.5141],[99.278466,35.499715],[99.265756,35.474744],[99.213139,35.48015],[99.201796,35.462027],[99.221202,35.450451],[99.278192,35.445195],[99.280652,35.433159],[99.300606,35.42935],[99.312086,35.412435],[99.310719,35.389952],[99.291996,35.376079],[99.256326,35.370437],[99.233092,35.345883],[99.208492,35.333223],[99.179382,35.300035],[99.181706,35.270575],[99.200976,35.250649],[99.219699,35.24538],[99.234322,35.221171],[99.266302,35.212616],[99.293499,35.17273],[99.331766,35.134125],[99.340513,35.134201],[99.344749,35.102998],[99.370579,35.098408],[99.395999,35.054716],[99.416226,35.042163],[99.440553,35.00541],[99.477453,34.965807],[99.528566,34.954389],[99.553713,34.95983],[99.592936,34.939598],[99.653753,34.936148],[99.672066,34.910467],[99.707873,34.901802],[99.738213,34.864757],[99.77525,34.85977],[99.799166,34.849796],[99.81543,34.831225],[99.852876,34.831455],[99.872147,34.842276],[99.903033,34.835292],[99.926813,34.819942],[99.950867,34.819251],[99.969453,34.807967],[100.024667,34.806432],[100.026033,34.818637],[100.048173,34.816334],[100.07414,34.82969],[100.08849,34.844885],[100.10612,34.886541],[100.14794,34.888535],[100.186207,34.895361],[100.25208,34.890759],[100.298,34.910237],[100.298137,34.897048],[100.318364,34.89283],[100.32301,34.865907],[100.317407,34.850409],[100.356494,34.821477],[100.387654,34.823626],[100.421957,34.812803],[100.465554,34.811498],[100.485371,34.806355],[100.517077,34.780402],[100.556301,34.741458],[100.587871,34.734389],[100.598257,34.703187],[100.642947,34.730855],[100.644177,34.713794],[100.659347,34.710643],[100.683948,34.692118],[100.695564,34.673204],[100.731098,34.669128],[100.745174,34.67997],[100.767724,34.672435],[100.793281,34.694962],[100.852868,34.721556],[100.878698,34.709413],[100.889631,34.663591],[100.907808,34.659054],[100.959741,34.663591],[101.000331,34.640979],[101.036958,34.65144],[101.058825,34.677817],[101.065658,34.715485],[101.097638,34.720019],[101.100918,34.741074],[101.080828,34.781401],[101.087388,34.801211],[101.126065,34.803898],[101.148341,34.835139],[101.139185,34.848261],[101.131531,34.882783],[101.114448,34.889532],[101.055408,34.889532],[101.035455,34.904179],[101.037778,34.915987],[101.006755,34.916907],[100.968078,34.931933],[100.948398,34.945882],[100.919424,34.982279],[100.873094,35.000049],[100.811731,35.007248],[100.795468,35.020037],[100.738478,35.044459],[100.715518,35.071936],[100.697478,35.079741],[100.696931,35.117377],[100.713878,35.132825],[100.703491,35.148881],[100.730961,35.152092],[100.754194,35.173418],[100.781254,35.18106],[100.873368,35.247824],[100.915734,35.294617],[100.911088,35.303622],[100.849588,35.325137],[100.814054,35.318881],[100.812414,35.333985],[100.733011,35.342528],[100.728364,35.357094],[100.703491,35.370056],[100.687638,35.404891],[100.693104,35.419598],[100.712374,35.42295],[100.767314,35.419979],[100.816514,35.413578],[100.842071,35.432398],[100.914094,35.417236],[100.934868,35.417007],[100.964525,35.401004],[101.043381,35.411064],[101.100235,35.406339],[101.127295,35.408168],[101.148205,35.397117],[101.162145,35.403138],[101.184421,35.391782],[101.214215,35.388047],[101.242095,35.36876],[101.290065,35.369141],[101.368102,35.338333],[101.391745,35.335892],[101.437392,35.334367],[101.479759,35.352289],[101.455842,35.4023],[101.410058,35.438263],[101.395298,35.455021],[101.398715,35.476648],[101.389832,35.497812],[101.404045,35.506794],[101.420172,35.491113],[101.441082,35.488906],[101.464862,35.473221],[101.486319,35.491113],[101.501352,35.488373],[101.533059,35.469109],[101.548639,35.491494],[101.580209,35.504739],[101.593739,35.496061],[101.663985,35.526353],[101.657699,35.538222],[101.677652,35.576027],[101.696239,35.582338],[101.689542,35.604159],[101.699519,35.608492],[101.727809,35.644212],[101.759106,35.662977],[101.770586,35.687586],[101.772499,35.716893],[101.760199,35.725851],[101.764572,35.747253],[101.739425,35.754841],[101.718652,35.751957],[101.685169,35.757724],[101.663029,35.776387],[101.674509,35.79186],[101.665215,35.81514],[101.733685,35.902511],[101.697059,35.916218],[101.679975,35.928863],[101.681752,35.964515],[101.668222,35.984415],[101.645535,35.999847],[101.651959,36.010739],[101.646355,36.033199],[101.656605,36.057768],[101.643212,36.08029],[101.649362,36.090037],[101.638429,36.116477],[101.647722,36.154611],[101.666855,36.160801],[101.667265,36.202459],[101.676422,36.211286],[101.668359,36.231049],[101.646765,36.255481],[101.645399,36.267619],[101.623532,36.282694],[101.603169,36.282016],[101.603169,36.322329],[101.579252,36.329862],[101.541395,36.325418],[101.455978,36.353209],[101.438485,36.37286],[101.407325,36.375872],[101.378215,36.392883],[101.357852,36.380313],[101.343228,36.348314],[101.307558,36.337469],[101.303322,36.320898],[101.275168,36.305905],[101.249065,36.311405],[101.200548,36.340181],[101.183191,36.373387],[101.141371,36.384303],[101.111441,36.420349],[101.111031,36.436223],[101.081375,36.446001],[101.075225,36.482546],[101.060191,36.497955],[101.031355,36.509905],[101.009078,36.526512],[101.014545,36.535828],[100.993225,36.564595],[100.999375,36.59628],[100.990355,36.62525],[100.949355,36.663135],[100.945255,36.683007],[100.953728,36.690355],[100.916554,36.729332],[100.917374,36.741321]]],[[[101.406642,35.28897],[101.341315,35.277063],[101.329288,35.278208],[101.348558,35.248816],[101.355528,35.204976],[101.345278,35.180678],[101.359218,35.172806],[101.398852,35.172119],[101.418942,35.186639],[101.406095,35.229038],[101.397075,35.238508],[101.425502,35.254925],[101.446958,35.256299],[101.459942,35.219338],[101.506682,35.21674],[101.529779,35.248358],[101.549869,35.25836],[101.541122,35.286299],[101.549322,35.312244],[101.537842,35.320865],[101.505999,35.327425],[101.498072,35.309878],[101.459258,35.281338],[101.420308,35.291259],[101.406642,35.28897]]]]}},{"type":"Feature","properties":{"adcode":630200,"name":"海东市","center":[102.10327,36.502916],"centroid":[102.344727,36.335094],"childrenNum":6,"level":"city","parent":{"adcode":630000},"subFeatureIndex":1,"acroutes":[100000,630000],"footprintId":"haidong","footprintName":"海东","footprintNameEn":"Haidong","firstVisit":2015},"geometry":{"type":"MultiPolygon","coordinates":[[[[102.45064,35.448318],[102.438066,35.455325],[102.449683,35.478551],[102.457473,35.473754],[102.465536,35.501847],[102.48262,35.512959],[102.49861,35.545222],[102.497926,35.571844],[102.512823,35.568726],[102.503256,35.584315],[102.53018,35.581045],[102.55191,35.559294],[102.58717,35.541798],[102.695273,35.528483],[102.745703,35.495072],[102.782877,35.528027],[102.773583,35.53419],[102.72944,35.523613],[102.74625,35.545298],[102.781783,35.549482],[102.808707,35.560435],[102.801737,35.574734],[102.78028,35.587813],[102.763197,35.611837],[102.764563,35.653329],[102.743927,35.657811],[102.72698,35.691382],[102.707983,35.704974],[102.68598,35.772139],[102.694863,35.79641],[102.71509,35.815443],[102.740373,35.821963],[102.773993,35.857512],[102.786977,35.862513],[102.817317,35.850085],[102.82989,35.856526],[102.85326,35.846826],[102.886334,35.849327],[102.914077,35.845083],[102.922824,35.833486],[102.944827,35.829999],[102.95617,35.862437],[102.942367,35.926819],[102.950157,35.963152],[102.97175,35.995309],[102.951797,36.021554],[102.968607,36.044313],[102.932664,36.048471],[102.91845,36.065478],[102.896037,36.065629],[102.88196,36.083464],[102.910114,36.088224],[102.941137,36.10492],[102.948517,36.148873],[102.96642,36.152195],[102.987467,36.193782],[103.0189,36.204798],[103.049104,36.199215],[103.07097,36.206911],[103.06359,36.219131],[103.02136,36.233462],[103.02505,36.256084],[102.994164,36.263171],[102.970384,36.283825],[102.92378,36.297692],[102.915717,36.315097],[102.89672,36.33182],[102.845334,36.332197],[102.831257,36.354941],[102.833307,36.369849],[102.818547,36.391754],[102.8262,36.407408],[102.8098,36.407934],[102.793537,36.427121],[102.78807,36.447505],[102.76675,36.465554],[102.788753,36.481869],[102.79299,36.499459],[102.779187,36.502089],[102.773173,36.520951],[102.753083,36.52591],[102.734497,36.562267],[102.737777,36.571278],[102.764563,36.575483],[102.714817,36.600333],[102.724247,36.613993],[102.692677,36.616995],[102.63063,36.650908],[102.609037,36.678133],[102.602203,36.709546],[102.61341,36.738699],[102.636643,36.733154],[102.69254,36.775329],[102.717277,36.767166],[102.70484,36.791729],[102.677233,36.80805],[102.66794,36.824592],[102.64744,36.834396],[102.637463,36.853701],[102.588673,36.868812],[102.562297,36.900521],[102.561613,36.918987],[102.530726,36.927059],[102.52444,36.938793],[102.50148,36.942604],[102.498063,36.956577],[102.46704,36.954485],[102.450366,36.96853],[102.46745,36.976598],[102.467176,36.988548],[102.506126,37.019237],[102.4941,37.043719],[102.498883,37.058419],[102.488496,37.078562],[102.38791,37.106754],[102.304406,37.086469],[102.271879,37.087588],[102.194116,37.077369],[102.163776,37.055584],[102.118266,37.061478],[102.064693,37.084008],[102.045286,37.096761],[102.002782,37.100415],[101.970802,37.121367],[101.914496,37.148127],[101.907526,37.129195],[101.884566,37.122113],[101.893039,37.086245],[101.884566,37.04745],[101.855729,37.034091],[101.839876,37.009083],[101.831266,36.981602],[101.848349,36.966738],[101.837552,36.933039],[101.814592,36.925639],[101.805162,36.906726],[101.804342,36.821149],[101.790129,36.806253],[101.800516,36.792852],[101.790676,36.746865],[101.780152,36.73158],[101.790949,36.705948],[101.775642,36.676559],[101.790129,36.66186],[101.802429,36.671534],[101.804889,36.648808],[101.817599,36.653609],[101.879509,36.613768],[101.911762,36.573081],[101.912309,36.550776],[101.891946,36.533198],[101.897412,36.496678],[101.869122,36.471193],[101.871036,36.45653],[101.851902,36.442842],[101.849989,36.403495],[101.863519,36.381743],[101.828669,36.32715],[101.821562,36.294301],[101.771406,36.288498],[101.740929,36.299425],[101.738605,36.280961],[101.716192,36.278926],[101.706079,36.250128],[101.668359,36.231049],[101.676422,36.211286],[101.667265,36.202459],[101.666855,36.160801],[101.726989,36.167519],[101.743252,36.149024],[101.753502,36.169633],[101.758149,36.149326],[101.769629,36.156498],[101.785346,36.145023],[101.799969,36.117988],[101.837416,36.117837],[101.850672,36.124408],[101.887572,36.109755],[101.886752,36.096837],[101.906979,36.089584],[101.896319,36.075],[101.934996,36.062832],[101.955906,36.062303],[101.944016,36.044842],[101.956042,36.026242],[101.975312,36.026998],[101.983102,36.004235],[102.017953,35.992358],[102.041323,35.954373],[102.083416,35.946729],[102.040913,35.925986],[102.053486,35.90698],[102.077813,35.908873],[102.094349,35.919323],[102.110203,35.906525],[102.115123,35.871681],[102.078223,35.861528],[102.079863,35.84622],[102.100773,35.830151],[102.082049,35.813775],[102.102686,35.789357],[102.129473,35.767815],[102.141909,35.750212],[102.124143,35.735338],[102.170473,35.728583],[102.152433,35.715906],[102.162409,35.693737],[102.180313,35.695863],[102.197533,35.709681],[102.212839,35.708011],[102.225003,35.679308],[102.226369,35.654089],[102.269146,35.624074],[102.303723,35.624378],[102.349916,35.60872],[102.354563,35.590398],[102.38832,35.561728],[102.40554,35.55435],[102.40841,35.538527],[102.426723,35.539668],[102.42276,35.490885],[102.404583,35.479008],[102.41292,35.46355],[102.45064,35.448318]]],[[[102.83891,36.345754],[102.84793,36.355619],[102.832077,36.366612],[102.83891,36.345754]]]]}},{"type":"Feature","properties":{"adcode":211100,"name":"盘锦市","center":[122.06957,41.124484],"centroid":[121.999309,41.06851],"childrenNum":4,"level":"city","parent":{"adcode":210000},"subFeatureIndex":10,"acroutes":[100000,210000],"footprintId":"panjin","footprintName":"盘锦","footprintNameEn":"Panjin","firstVisit":2015},"geometry":{"type":"MultiPolygon","coordinates":[[[[121.555125,40.849624],[121.558737,40.840325],[121.547276,40.8234],[121.552903,40.817742],[121.570823,40.827764],[121.577978,40.839462],[121.606387,40.84416],[121.626045,40.8444],[121.635075,40.83275],[121.647716,40.829154],[121.682655,40.829634],[121.69495,40.833277],[121.699534,40.840708],[121.718775,40.842722],[121.732458,40.84694],[121.736695,40.863044],[121.746628,40.852884],[121.753366,40.854609],[121.753088,40.869082],[121.77858,40.886953],[121.816089,40.894809],[121.825744,40.864194],[121.845054,40.853746],[121.849638,40.845598],[121.842276,40.838647],[121.847416,40.824599],[121.883882,40.802202],[121.902151,40.798941],[121.934241,40.798221],[121.942855,40.788818],[121.941187,40.777639],[121.930213,40.755322],[121.936117,40.711387],[121.951259,40.680784],[121.977932,40.67271],[122.025652,40.674248],[122.050032,40.653628],[122.066147,40.648628],[122.096988,40.65132],[122.121993,40.657474],[122.132621,40.666222],[122.148388,40.671797],[122.154154,40.685541],[122.151931,40.697024],[122.154918,40.70644],[122.162836,40.711484],[122.172491,40.709898],[122.188051,40.695967],[122.19451,40.701876],[122.205416,40.693085],[122.232297,40.688136],[122.23452,40.68285],[122.245286,40.683283],[122.272723,40.695583],[122.27314,40.702741],[122.265777,40.710235],[122.246675,40.711099],[122.208333,40.709947],[122.201665,40.713405],[122.209861,40.725123],[122.206319,40.739961],[122.194163,40.742217],[122.180618,40.750522],[122.160266,40.75945],[122.128245,40.779798],[122.108657,40.787523],[122.096501,40.796926],[122.100877,40.804313],[122.129426,40.818125],[122.151584,40.840756],[122.183397,40.83299],[122.187078,40.84114],[122.178812,40.850008],[122.176589,40.868507],[122.182424,40.877515],[122.188884,40.875551],[122.209028,40.855999],[122.223128,40.853698],[122.22674,40.862421],[122.253482,40.870376],[122.264318,40.870903],[122.277307,40.864578],[122.304258,40.889827],[122.309468,40.905442],[122.318914,40.909034],[122.322943,40.904388],[122.320373,40.895815],[122.332251,40.894091],[122.335238,40.905777],[122.321345,40.909273],[122.327597,40.918276],[122.318845,40.927325],[122.331278,40.923974],[122.343364,40.927277],[122.338294,40.940872],[122.351213,40.951498],[122.350172,40.955422],[122.328917,40.96327],[122.328361,40.971117],[122.338988,40.968151],[122.358715,40.975327],[122.364411,40.985851],[122.36066,40.9881],[122.346629,40.980494],[122.3426,40.988817],[122.359966,41.001874],[122.368023,41.0002],[122.380665,40.989869],[122.390111,40.988052],[122.390111,40.997426],[122.396502,41.000869],[122.404698,40.991496],[122.41088,40.993074],[122.424008,41.012776],[122.415256,41.022482],[122.40956,41.038639],[122.414978,41.057085],[122.415881,41.084602],[122.412061,41.090954],[122.396502,41.10165],[122.396502,41.120461],[122.384416,41.135496],[122.386638,41.160165],[122.37233,41.162407],[122.366356,41.177147],[122.368926,41.183585],[122.384624,41.195602],[122.400461,41.196889],[122.411783,41.204041],[122.415326,41.212622],[122.435469,41.213003],[122.447208,41.21553],[122.463879,41.233307],[122.488745,41.250984],[122.480688,41.254938],[122.46374,41.256796],[122.457697,41.248078],[122.424633,41.253318],[122.423661,41.243266],[122.408866,41.251651],[122.388861,41.231639],[122.386499,41.2243],[122.369759,41.217579],[122.36191,41.206568],[122.343364,41.203707],[122.352533,41.198034],[122.338572,41.189975],[122.304814,41.190881],[122.274737,41.184539],[122.266194,41.194791],[122.254316,41.194076],[122.226948,41.201943],[122.215001,41.216578],[122.205138,41.223299],[122.231047,41.2304],[122.244591,41.236309],[122.250079,41.242551],[122.249801,41.260845],[122.254455,41.277896],[122.264388,41.291133],[122.26668,41.307414],[122.274737,41.319741],[122.271681,41.328355],[122.279461,41.334968],[122.277516,41.348908],[122.280294,41.353997],[122.245286,41.373877],[122.232436,41.387095],[122.198956,41.429203],[122.200345,41.441792],[122.192288,41.448964],[122.199303,41.45794],[122.193746,41.459602],[122.185064,41.448537],[122.177562,41.451956],[122.169296,41.443122],[122.137275,41.428728],[122.143318,41.422598],[122.123869,41.415898],[122.099071,41.399882],[122.093723,41.39375],[122.086291,41.393845],[122.077052,41.386477],[122.069967,41.38757],[122.040725,41.371547],[122.026346,41.371119],[122.020303,41.382483],[122.010648,41.386049],[121.975154,41.383862],[121.95626,41.386239],[121.944522,41.369169],[121.919585,41.363795],[121.910833,41.355805],[121.90229,41.354758],[121.90347,41.337014],[121.884716,41.322549],[121.869296,41.330401],[121.867768,41.340963],[121.845749,41.352713],[121.827411,41.35238],[121.801433,41.348765],[121.794973,41.345673],[121.784276,41.333493],[121.759062,41.331257],[121.747045,41.337062],[121.729333,41.328688],[121.717108,41.316457],[121.701548,41.315791],[121.685989,41.305224],[121.638061,41.281134],[121.6009,41.257606],[121.58027,41.249698],[121.577422,41.225587],[121.580895,41.215959],[121.591314,41.209333],[121.602706,41.211573],[121.620418,41.206758],[121.618821,41.186828],[121.615626,41.182011],[121.602359,41.180724],[121.567698,41.145947],[121.566795,41.134494],[121.585132,41.108049],[121.610763,41.103274],[121.665637,41.099502],[121.682377,41.099979],[121.695436,41.104897],[121.716899,41.103608],[121.722248,41.108096],[121.7426,41.107237],[121.739196,41.114589],[121.763438,41.100791],[121.758576,41.088661],[121.747531,41.085843],[121.714468,41.087276],[121.714537,41.091479],[121.691477,41.093294],[121.692102,41.096637],[121.672583,41.090237],[121.680154,41.084793],[121.666888,41.059809],[121.6473,41.062484],[121.651189,41.05417],[121.662789,41.050491],[121.661261,41.034385],[121.667165,41.027167],[121.676334,41.007756],[121.673417,40.991974],[121.666818,40.98566],[121.662164,40.969873],[121.663553,40.959298],[121.650981,40.952694],[121.647786,40.937761],[121.628754,40.908076],[121.618682,40.907837],[121.59708,40.896581],[121.584507,40.885708],[121.571032,40.867932],[121.56742,40.859162],[121.555125,40.849624]]]]}},{"type":"Feature","properties":{"adcode":210800,"name":"营口市","center":[122.235151,40.667432],"centroid":[122.456202,40.391795],"childrenNum":6,"level":"city","parent":{"adcode":210000},"subFeatureIndex":7,"acroutes":[100000,210000],"footprintId":"yingkou","footprintName":"营口","footprintNameEn":"Yingkou","firstVisit":2015},"geometry":{"type":"MultiPolygon","coordinates":[[[[121.953274,40.128876],[121.970778,40.116423],[121.98724,40.09088],[121.986545,40.081912],[121.980294,40.078081],[121.982794,40.061836],[121.993422,40.052379],[122.008356,40.051457],[122.020928,40.058393],[122.044267,40.062515],[122.049824,40.068577],[122.058576,40.064601],[122.069203,40.067753],[122.07344,40.056453],[122.081915,40.055435],[122.090111,40.038942],[122.096015,40.042386],[122.12498,40.042435],[122.139914,40.030888],[122.157557,40.035643],[122.175061,40.027103],[122.185342,40.009924],[122.196664,40.006138],[122.198609,39.998469],[122.218683,40.000217],[122.231047,40.008905],[122.242577,40.022202],[122.248898,40.012982],[122.26029,40.00609],[122.259873,39.988906],[122.269597,39.98405],[122.269806,39.979098],[122.280919,39.967395],[122.285851,39.967589],[122.304466,39.979486],[122.326972,39.984633],[122.344059,39.982545],[122.357743,39.969629],[122.373371,39.966326],[122.400322,39.972154],[122.401434,39.9672],[122.417757,39.972154],[122.418312,39.968657],[122.456168,39.951707],[122.477423,39.939561],[122.497081,39.935918],[122.501318,39.927317],[122.512084,39.920611],[122.510695,39.928678],[122.530005,39.941796],[122.551538,39.939173],[122.561193,39.944565],[122.549524,39.954524],[122.555914,39.968075],[122.554108,39.974631],[122.539243,39.972785],[122.544106,39.989343],[122.541049,39.993275],[122.520142,39.99876],[122.519308,40.005605],[122.527435,40.015554],[122.544731,40.013225],[122.550982,40.024677],[122.536465,40.031276],[122.529866,40.047431],[122.539452,40.062127],[122.55126,40.057326],[122.55772,40.058975],[122.569806,40.049905],[122.577516,40.055726],[122.607315,40.052864],[122.617317,40.064019],[122.628709,40.061933],[122.650519,40.06591],[122.658646,40.062176],[122.694488,40.07105],[122.708936,40.067462],[122.71352,40.075996],[122.727482,40.085693],[122.733247,40.094758],[122.746861,40.097667],[122.767421,40.109881],[122.778535,40.112013],[122.797498,40.106634],[122.80111,40.102853],[122.813821,40.103435],[122.815558,40.111335],[122.824379,40.120687],[122.835215,40.119282],[122.851122,40.124612],[122.858276,40.134496],[122.847926,40.150432],[122.8539,40.154646],[122.869668,40.178906],[122.878558,40.185442],[122.881476,40.195607],[122.893979,40.20519],[122.896757,40.218739],[122.891131,40.234705],[122.884879,40.236204],[122.881823,40.249457],[122.874669,40.258597],[122.873002,40.26851],[122.88217,40.289829],[122.881337,40.306937],[122.891339,40.319548],[122.915859,40.331529],[122.932113,40.344715],[122.92982,40.358333],[122.934822,40.374024],[122.931974,40.396806],[122.936558,40.409304],[122.946213,40.416396],[122.971288,40.417795],[122.990182,40.427684],[122.99296,40.435161],[122.9865,40.463563],[122.999212,40.477012],[122.984347,40.486989],[122.969413,40.508961],[122.949825,40.515658],[122.936002,40.528856],[122.914678,40.537573],[122.897382,40.538632],[122.879461,40.52876],[122.86286,40.5277],[122.854872,40.532853],[122.829311,40.538006],[122.8166,40.5577],[122.811529,40.558181],[122.807431,40.570312],[122.797637,40.578879],[122.771103,40.577532],[122.743458,40.585136],[122.730677,40.582922],[122.720883,40.586387],[122.703657,40.598945],[122.691987,40.599956],[122.678929,40.592594],[122.662883,40.594615],[122.659549,40.583596],[122.651283,40.584702],[122.650589,40.593893],[122.625861,40.608423],[122.643573,40.611069],[122.650867,40.616937],[122.654617,40.628673],[122.645101,40.636704],[122.653228,40.638675],[122.653784,40.648099],[122.659758,40.658435],[122.669482,40.662569],[122.670941,40.67098],[122.647463,40.666606],[122.638642,40.659012],[122.636558,40.663819],[122.623082,40.671749],[122.622804,40.688136],[122.636558,40.696832],[122.651144,40.710571],[122.649825,40.739768],[122.639614,40.748698],[122.600785,40.751722],[122.581892,40.748506],[122.567583,40.758058],[122.556817,40.761082],[122.515974,40.766554],[122.541952,40.798557],[122.537993,40.800715],[122.542022,40.818701],[122.521531,40.826805],[122.523406,40.834188],[122.515002,40.839414],[122.51653,40.84809],[122.502568,40.847324],[122.484231,40.85159],[122.487634,40.8606],[122.502568,40.872963],[122.502429,40.879527],[122.493052,40.882881],[122.492566,40.90003],[122.503124,40.915355],[122.506111,40.929288],[122.488607,40.935751],[122.465059,40.935894],[122.449848,40.940298],[122.438595,40.940059],[122.433316,40.930676],[122.411505,40.927852],[122.394557,40.922298],[122.384138,40.924835],[122.377609,40.919425],[122.377609,40.909225],[122.363647,40.909082],[122.352672,40.916025],[122.335238,40.905777],[122.332251,40.894091],[122.320373,40.895815],[122.322943,40.904388],[122.318914,40.909034],[122.309468,40.905442],[122.304258,40.889827],[122.277307,40.864578],[122.264318,40.870903],[122.253482,40.870376],[122.22674,40.862421],[122.223128,40.853698],[122.209028,40.855999],[122.188884,40.875551],[122.182424,40.877515],[122.176589,40.868507],[122.178812,40.850008],[122.187078,40.84114],[122.183397,40.83299],[122.151584,40.840756],[122.129426,40.818125],[122.100877,40.804313],[122.096501,40.796926],[122.108657,40.787523],[122.128245,40.779798],[122.160266,40.75945],[122.180618,40.750522],[122.194163,40.742217],[122.206319,40.739961],[122.209861,40.725123],[122.201665,40.713405],[122.208333,40.709947],[122.246675,40.711099],[122.265777,40.710235],[122.27314,40.702741],[122.272723,40.695583],[122.245286,40.683283],[122.23452,40.68285],[122.232297,40.688136],[122.205416,40.693085],[122.19451,40.701876],[122.188051,40.695967],[122.172491,40.709898],[122.162836,40.711484],[122.154918,40.70644],[122.151931,40.697024],[122.154154,40.685541],[122.148388,40.671797],[122.154084,40.662665],[122.151514,40.653099],[122.134496,40.627134],[122.13408,40.61434],[122.150542,40.588504],[122.245633,40.519704],[122.246467,40.515513],[122.2332,40.510503],[122.231047,40.505107],[122.244661,40.485061],[122.25765,40.487037],[122.278697,40.482844],[122.276682,40.47518],[122.264804,40.480386],[122.222086,40.481109],[122.221253,40.461248],[122.240424,40.460959],[122.24987,40.452763],[122.250982,40.44577],[122.229102,40.424018],[122.199025,40.431736],[122.190968,40.429228],[122.187981,40.413984],[122.199928,40.389519],[122.198678,40.382375],[122.191801,40.382134],[122.171658,40.388264],[122.168115,40.376728],[122.178673,40.365624],[122.163531,40.358913],[122.152209,40.357657],[122.135538,40.374941],[122.12373,40.376245],[122.111088,40.368521],[122.105948,40.357174],[122.111088,40.348917],[122.1379,40.338871],[122.121438,40.327085],[122.110741,40.31578],[122.1006,40.31578],[122.088791,40.331094],[122.0799,40.333075],[122.03996,40.322206],[122.035932,40.299882],[122.039822,40.260241],[122.026902,40.245008],[121.940284,40.242202],[121.935908,40.237849],[121.950356,40.204125],[121.959108,40.192799],[121.981197,40.17329],[122.004258,40.171934],[122.010856,40.155034],[122.009815,40.148834],[121.995158,40.12844],[121.980433,40.124127],[121.960775,40.134883],[121.953274,40.128876]]]]}},{"type":"Feature","properties":{"adcode":210200,"name":"大连市","center":[121.618622,38.91459],"centroid":[122.190893,39.593378],"childrenNum":10,"level":"city","parent":{"adcode":210000},"subFeatureIndex":1,"acroutes":[100000,210000],"footprintId":"dalian","footprintName":"大连","footprintNameEn":"Dalian","firstVisit":2015},"geometry":{"type":"MultiPolygon","coordinates":[[[[123.518846,39.770327],[123.518846,39.79857],[123.514679,39.814342],[123.504468,39.820182],[123.501273,39.828358],[123.504399,39.843832],[123.500162,39.851907],[123.483074,39.859934],[123.476614,39.868299],[123.474253,39.881284],[123.480782,39.891446],[123.490506,39.898058],[123.470571,39.924887],[123.456749,39.929164],[123.437161,39.922701],[123.420143,39.933877],[123.407362,39.9348],[123.397846,39.926005],[123.399096,39.93446],[123.391247,39.935918],[123.393331,39.954378],[123.384996,39.954864],[123.377077,39.971523],[123.401666,39.981817],[123.401041,39.993178],[123.407918,39.9991],[123.404862,40.009245],[123.39215,40.01371],[123.380272,40.004779],[123.359504,40.002158],[123.338943,40.01963],[123.317341,40.025114],[123.299698,40.024483],[123.296572,40.01701],[123.281638,40.016961],[123.266704,40.039233],[123.242324,40.036759],[123.225723,40.049663],[123.191895,40.06494],[123.183838,40.064746],[123.172794,40.070469],[123.167862,40.067607],[123.141814,40.072699],[123.136327,40.079196],[123.127019,40.076287],[123.11792,40.063485],[123.103194,40.074736],[123.080342,40.055095],[123.073326,40.040349],[123.068672,40.042289],[123.053947,40.060139],[123.03165,40.062127],[123.028871,40.07042],[123.010256,40.07299],[122.993863,40.081863],[122.981707,40.103289],[122.988654,40.116859],[122.969552,40.118507],[122.960522,40.123546],[122.944963,40.143215],[122.939128,40.158956],[122.938711,40.174791],[122.927042,40.182247],[122.901967,40.184038],[122.890784,40.187378],[122.893979,40.20519],[122.881476,40.195607],[122.878558,40.185442],[122.869668,40.178906],[122.8539,40.154646],[122.847926,40.150432],[122.858276,40.134496],[122.851122,40.124612],[122.835215,40.119282],[122.824379,40.120687],[122.815558,40.111335],[122.813821,40.103435],[122.80111,40.102853],[122.797498,40.106634],[122.778535,40.112013],[122.767421,40.109881],[122.746861,40.097667],[122.733247,40.094758],[122.727482,40.085693],[122.71352,40.075996],[122.708936,40.067462],[122.694488,40.07105],[122.658646,40.062176],[122.650519,40.06591],[122.628709,40.061933],[122.617317,40.064019],[122.607315,40.052864],[122.577516,40.055726],[122.569806,40.049905],[122.55772,40.058975],[122.55126,40.057326],[122.539452,40.062127],[122.529866,40.047431],[122.536465,40.031276],[122.550982,40.024677],[122.544731,40.013225],[122.527435,40.015554],[122.519308,40.005605],[122.520142,39.99876],[122.541049,39.993275],[122.544106,39.989343],[122.539243,39.972785],[122.554108,39.974631],[122.555914,39.968075],[122.549524,39.954524],[122.561193,39.944565],[122.551538,39.939173],[122.530005,39.941796],[122.510695,39.928678],[122.512084,39.920611],[122.501318,39.927317],[122.497081,39.935918],[122.477423,39.939561],[122.456168,39.951707],[122.418312,39.968657],[122.417757,39.972154],[122.401434,39.9672],[122.400322,39.972154],[122.373371,39.966326],[122.357743,39.969629],[122.344059,39.982545],[122.326972,39.984633],[122.304466,39.979486],[122.285851,39.967589],[122.280919,39.967395],[122.269806,39.979098],[122.269597,39.98405],[122.259873,39.988906],[122.26029,40.00609],[122.248898,40.012982],[122.242577,40.022202],[122.231047,40.008905],[122.218683,40.000217],[122.198609,39.998469],[122.196664,40.006138],[122.185342,40.009924],[122.175061,40.027103],[122.157557,40.035643],[122.139914,40.030888],[122.12498,40.042435],[122.096015,40.042386],[122.090111,40.038942],[122.081915,40.055435],[122.07344,40.056453],[122.069203,40.067753],[122.058576,40.064601],[122.049824,40.068577],[122.044267,40.062515],[122.020928,40.058393],[122.008356,40.051457],[121.993422,40.052379],[121.982794,40.061836],[121.980294,40.078081],[121.986545,40.081912],[121.98724,40.09088],[121.970778,40.116423],[121.953274,40.128876],[121.929518,40.106488],[121.921669,40.095631],[121.910416,40.072796],[121.878395,40.051021],[121.864711,40.052088],[121.856793,40.041561],[121.84304,40.041998],[121.823313,40.036613],[121.824841,40.025502],[121.809768,40.015942],[121.796223,39.999052],[121.790666,39.967978],[121.783165,39.960935],[121.779066,39.942865],[121.76448,39.933488],[121.751977,39.935772],[121.723637,39.935626],[121.699812,39.937327],[121.688212,39.931302],[121.662095,39.905301],[121.64723,39.906516],[121.636255,39.904183],[121.632574,39.889987],[121.626809,39.882791],[121.589508,39.868202],[121.572143,39.865235],[121.552486,39.872141],[121.537969,39.872822],[121.536024,39.861052],[121.530189,39.851518],[121.519423,39.844805],[121.514421,39.836533],[121.497612,39.820912],[121.475176,39.814585],[121.472537,39.806894],[121.475176,39.791754],[121.488929,39.777243],[121.487193,39.760342],[121.459686,39.747919],[121.461423,39.740026],[121.480177,39.728428],[121.502752,39.703326],[121.495042,39.688504],[121.498029,39.677629],[121.492125,39.665923],[121.482539,39.659338],[121.451907,39.658167],[121.446142,39.655045],[121.445517,39.644799],[121.454199,39.641774],[121.456839,39.633771],[121.45024,39.625084],[121.421692,39.621179],[121.40384,39.612588],[121.376125,39.608438],[121.355496,39.609366],[121.325766,39.601457],[121.297357,39.605753],[121.278672,39.599309],[121.263669,39.589689],[121.234634,39.565855],[121.226577,39.555059],[121.224007,39.535416],[121.225813,39.515767],[121.233801,39.50775],[121.24936,39.499731],[121.257417,39.485061],[121.268253,39.482616],[121.273046,39.496064],[121.286799,39.507163],[121.294579,39.494548],[121.303747,39.488142],[121.301664,39.476306],[121.245887,39.456837],[121.257903,39.435698],[121.270059,39.434229],[121.265683,39.426643],[121.252138,39.427377],[121.247415,39.419594],[121.258042,39.408726],[121.244914,39.395114],[121.247484,39.388062],[121.256653,39.384193],[121.25957,39.375622],[121.273671,39.375132],[121.308054,39.391246],[121.318543,39.388601],[121.319723,39.374544],[121.324308,39.371605],[121.349591,39.377826],[121.383349,39.37087],[121.395505,39.363571],[121.406063,39.361954],[121.421414,39.366217],[121.433153,39.3573],[121.436348,39.344266],[121.436,39.329955],[121.461701,39.324171],[121.466702,39.319857],[121.465243,39.301227],[121.474898,39.296225],[121.484692,39.282836],[121.498029,39.281169],[121.508378,39.292155],[121.515533,39.286613],[121.524424,39.293577],[121.555612,39.31167],[121.562419,39.322897],[121.571588,39.322161],[121.621321,39.326181],[121.636464,39.337013],[121.672583,39.348039],[121.687031,39.347206],[121.69231,39.353233],[121.704535,39.358035],[121.715857,39.366657],[121.723706,39.367441],[121.722456,39.356467],[121.711134,39.34309],[121.718636,39.332602],[121.716343,39.3177],[121.702243,39.326622],[121.669527,39.312504],[121.662859,39.298088],[121.669388,39.290732],[121.685086,39.291615],[121.68592,39.282346],[121.667999,39.276264],[121.655218,39.283719],[121.643618,39.279305],[121.626045,39.285926],[121.620349,39.27798],[121.598747,39.279158],[121.589231,39.267434],[121.59451,39.249525],[121.60868,39.257032],[121.621877,39.244127],[121.639451,39.244323],[121.635491,39.236275],[121.624239,39.238925],[121.630976,39.226311],[121.602636,39.230728],[121.591175,39.228716],[121.590828,39.217327],[121.601942,39.210797],[121.588328,39.20137],[121.587008,39.193562],[121.604234,39.1663],[121.639451,39.166055],[121.650078,39.15726],[121.652162,39.147678],[121.663206,39.145909],[121.664317,39.136522],[121.672444,39.127674],[121.68335,39.12207],[121.682308,39.118039],[121.656746,39.095568],[121.636811,39.087797],[121.636394,39.080124],[121.614097,39.077419],[121.606665,39.073041],[121.606179,39.080567],[121.642854,39.110664],[121.64216,39.119858],[121.595065,39.154607],[121.590689,39.155],[121.562766,39.131361],[121.562419,39.127281],[121.599233,39.098666],[121.599094,39.09247],[121.585758,39.077862],[121.566517,39.073582],[121.559154,39.064333],[121.533662,39.052278],[121.507823,39.034117],[121.471286,39.025503],[121.460103,39.032444],[121.431138,39.027472],[121.417177,39.029146],[121.410231,39.039531],[121.39099,39.050506],[121.383141,39.062857],[121.373764,39.062266],[121.366331,39.048882],[121.352023,39.045929],[121.342437,39.040024],[121.344799,39.031459],[121.331879,39.025749],[121.326531,39.016395],[121.317778,39.015362],[121.321043,39.002067],[121.340492,38.999359],[121.340909,38.980593],[121.325905,38.972515],[121.312916,38.970298],[121.301941,38.974781],[121.280131,38.973746],[121.263252,38.960641],[121.238802,38.956995],[121.222895,38.940979],[121.20428,38.941028],[121.196848,38.953299],[121.180177,38.96],[121.127734,38.959015],[121.117454,38.951771],[121.112245,38.942654],[121.092587,38.928557],[121.086752,38.907259],[121.093907,38.894338],[121.125025,38.889752],[121.127943,38.87673],[121.115231,38.868738],[121.109605,38.851221],[121.113634,38.822297],[121.128637,38.799238],[121.125859,38.790496],[121.111689,38.783384],[121.112245,38.776073],[121.126762,38.756359],[121.133638,38.725222],[121.137875,38.722849],[121.182955,38.719833],[121.19914,38.721514],[121.214213,38.733526],[121.22102,38.744548],[121.222965,38.75463],[121.23769,38.764117],[121.259848,38.786446],[121.305553,38.789558],[121.326253,38.801362],[121.330212,38.814249],[121.340284,38.819088],[121.359455,38.822346],[121.398908,38.81262],[121.428777,38.811287],[121.445517,38.817064],[121.468091,38.816126],[121.489693,38.823136],[121.496014,38.813756],[121.509698,38.817804],[121.523868,38.83217],[121.526577,38.840166],[121.542692,38.847125],[121.549152,38.864248],[121.559918,38.866419],[121.565475,38.875102],[121.594926,38.873523],[121.608471,38.869922],[121.617432,38.862768],[121.660775,38.860991],[121.677168,38.862472],[121.687726,38.873178],[121.694811,38.864198],[121.70905,38.87298],[121.71169,38.887631],[121.723428,38.904004],[121.7194,38.920078],[121.687309,38.929001],[121.678001,38.93393],[121.677029,38.941077],[121.650842,38.946498],[121.627017,38.93743],[121.621391,38.938859],[121.618335,38.94916],[121.634102,38.952461],[121.636464,38.958719],[121.650009,38.958818],[121.662581,38.966209],[121.676681,38.988228],[121.675153,38.997093],[121.658205,39.001624],[121.671125,39.009896],[121.68196,39.005711],[121.698353,39.004874],[121.711134,39.000442],[121.738224,38.999112],[121.760798,39.006597],[121.764132,39.013392],[121.756908,39.025651],[121.762952,39.028407],[121.79018,39.022402],[121.792959,39.01093],[121.805184,38.98744],[121.804767,38.970987],[121.833176,38.950441],[121.863183,38.942506],[121.870615,38.944773],[121.892426,38.958818],[121.911667,38.963794],[121.920905,38.969805],[121.903887,38.97547],[121.902081,38.988524],[121.905901,38.997339],[121.900275,39.002559],[121.883257,39.009798],[121.855612,39.026094],[121.852834,39.035742],[121.888467,39.027275],[121.903957,39.028457],[121.91507,39.014081],[121.928129,39.017971],[121.92924,39.024863],[121.917918,39.045339],[121.907013,39.04716],[121.907082,39.055722],[121.923336,39.053606],[121.963415,39.030032],[121.973487,39.031902],[121.989463,39.063595],[121.996548,39.069253],[122.020511,39.072844],[122.061841,39.060298],[122.072815,39.064972],[122.071426,39.074123],[122.053644,39.091683],[122.048435,39.101273],[122.05031,39.108304],[122.057812,39.110664],[122.08129,39.10973],[122.088305,39.11209],[122.107685,39.131115],[122.127411,39.144877],[122.147069,39.148857],[122.164573,39.147187],[122.170408,39.150479],[122.167351,39.158881],[122.123938,39.17254],[122.119493,39.186391],[122.124147,39.200191],[122.11734,39.214038],[122.144707,39.218898],[122.151723,39.23063],[122.160336,39.237845],[122.242924,39.267777],[122.251746,39.274988],[122.271403,39.317161],[122.292311,39.336817],[122.306828,39.331033],[122.308912,39.346177],[122.324332,39.345638],[122.343503,39.351518],[122.363647,39.365825],[122.371496,39.380618],[122.39935,39.391784],[122.413103,39.411762],[122.420605,39.413426],[122.451515,39.411811],[122.455682,39.403194],[122.498887,39.401921],[122.511876,39.413426],[122.532922,39.420133],[122.555706,39.43834],[122.581406,39.464175],[122.597382,39.471415],[122.604259,39.478116],[122.626764,39.483594],[122.636905,39.488924],[122.644823,39.499584],[122.649408,39.516696],[122.661633,39.522953],[122.682888,39.514789],[122.725467,39.531799],[122.730885,39.531066],[122.808889,39.559847],[122.810834,39.563999],[122.799234,39.575673],[122.810904,39.579971],[122.822018,39.565416],[122.838896,39.57284],[122.847371,39.581778],[122.842786,39.591838],[122.851955,39.601603],[122.860915,39.604777],[122.896966,39.605851],[122.904676,39.602482],[122.942184,39.60463],[122.948922,39.596525],[122.959411,39.598723],[122.972747,39.595012],[122.978721,39.602873],[122.979068,39.616395],[123.003726,39.635967],[123.019425,39.639383],[123.021369,39.643286],[123.010464,39.650703],[123.010742,39.655191],[123.02651,39.659679],[123.032553,39.644896],[123.046375,39.644164],[123.044917,39.651337],[123.035053,39.660996],[123.049015,39.666606],[123.052418,39.661045],[123.06256,39.666264],[123.077494,39.668557],[123.086454,39.659484],[123.08958,39.663386],[123.101388,39.661582],[123.099096,39.674703],[123.106528,39.675824],[123.131951,39.65685],[123.133201,39.645823],[123.14876,39.649824],[123.15529,39.663386],[123.166681,39.674068],[123.181754,39.673727],[123.188006,39.670167],[123.207802,39.670215],[123.21315,39.665972],[123.225862,39.676751],[123.224125,39.685724],[123.214887,39.688357],[123.215581,39.696744],[123.224611,39.698792],[123.249548,39.694452],[123.25309,39.689918],[123.272678,39.697524],[123.284,39.69494],[123.287056,39.704008],[123.270386,39.71483],[123.276082,39.729159],[123.263787,39.738321],[123.244269,39.744314],[123.246839,39.749284],[123.257674,39.747724],[123.263926,39.740855],[123.274415,39.737687],[123.282125,39.741927],[123.274692,39.753814],[123.289696,39.758588],[123.29949,39.753278],[123.324635,39.753376],[123.34061,39.756104],[123.344848,39.75055],[123.369576,39.746848],[123.38826,39.747481],[123.386038,39.733156],[123.392567,39.72375],[123.419518,39.730914],[123.440912,39.734033],[123.447927,39.732327],[123.458068,39.746117],[123.473766,39.74524],[123.479671,39.759222],[123.48488,39.762875],[123.493146,39.758345],[123.502176,39.762485],[123.503009,39.77023],[123.518846,39.770327]]],[[[122.567028,39.273909],[122.578836,39.267188],[122.574738,39.263607],[122.581545,39.255021],[122.591756,39.262724],[122.588977,39.270671],[122.609954,39.270671],[122.62211,39.265815],[122.648366,39.266011],[122.66462,39.256149],[122.678026,39.265422],[122.688584,39.268954],[122.67226,39.270181],[122.650241,39.278961],[122.641003,39.288133],[122.631765,39.288231],[122.628014,39.281708],[122.595437,39.278226],[122.575224,39.284259],[122.560082,39.299952],[122.555011,39.287496],[122.549246,39.289703],[122.546467,39.304561],[122.540841,39.308189],[122.524518,39.298432],[122.519169,39.305345],[122.51521,39.299952],[122.497567,39.30005],[122.50882,39.290536],[122.534451,39.285338],[122.554316,39.274743],[122.567028,39.273909]]],[[[122.383999,39.198374],[122.395252,39.21335],[122.401225,39.211288],[122.408588,39.218309],[122.379067,39.211141],[122.377747,39.205887],[122.362605,39.202941],[122.343781,39.203727],[122.347393,39.194937],[122.335863,39.186342],[122.316483,39.185016],[122.322109,39.177157],[122.320026,39.160601],[122.328986,39.157604],[122.337182,39.146155],[122.348505,39.146351],[122.363647,39.155147],[122.366981,39.165613],[122.362674,39.172147],[122.379901,39.174701],[122.383791,39.16802],[122.396155,39.161928],[122.403101,39.164974],[122.393098,39.173031],[122.390459,39.186882],[122.383374,39.191008],[122.383999,39.198374]]],[[[122.640517,39.225918],[122.651353,39.232593],[122.669135,39.235293],[122.67747,39.232103],[122.685736,39.234851],[122.705463,39.232054],[122.698655,39.215854],[122.691987,39.210994],[122.695947,39.206084],[122.714979,39.217082],[122.723522,39.214283],[122.728246,39.225967],[122.739151,39.224543],[122.753877,39.23387],[122.743388,39.239563],[122.741443,39.247857],[122.700531,39.245795],[122.690181,39.24182],[122.675178,39.240643],[122.654409,39.243195],[122.635724,39.241771],[122.628292,39.232593],[122.640517,39.225918]]],[[[122.762559,39.019349],[122.758878,39.025405],[122.751446,39.024026],[122.749501,39.035053],[122.740957,39.038301],[122.73026,39.035003],[122.72387,39.050063],[122.715673,39.042632],[122.704768,39.044256],[122.715951,39.035594],[122.720397,39.020482],[122.732761,39.013589],[122.737206,39.015214],[122.758322,39.009699],[122.762559,39.019349]]],[[[122.42512,39.174308],[122.411992,39.181922],[122.402684,39.179122],[122.425328,39.172097],[122.42512,39.174308]]],[[[121.826369,38.873868],[121.830815,38.864001],[121.84165,38.873227],[121.834079,38.883932],[121.840331,38.894092],[121.829564,38.896213],[121.825952,38.887828],[121.832343,38.882846],[121.823521,38.881317],[121.826369,38.873868]]],[[[122.418035,39.225574],[122.432552,39.224347],[122.4495,39.227341],[122.445333,39.234066],[122.434983,39.237011],[122.418035,39.225574]]],[[[122.423453,39.270524],[122.44561,39.254824],[122.456307,39.259142],[122.436858,39.268513],[122.423453,39.270524]]],[[[123.022689,39.546411],[123.004699,39.554521],[122.997267,39.551297],[122.984347,39.553691],[122.978999,39.561801],[122.961981,39.552323],[122.949269,39.533412],[122.944338,39.520606],[122.952951,39.521877],[122.970108,39.51826],[122.973094,39.499878],[122.994836,39.495624],[123.023731,39.516158],[123.036373,39.53307],[123.022689,39.546411]]],[[[122.308148,39.20024],[122.312802,39.205936],[122.30016,39.201861],[122.308148,39.20024]]],[[[122.296062,39.277097],[122.284253,39.280433],[122.28474,39.274841],[122.294881,39.266894],[122.303633,39.27489],[122.296062,39.277097]]],[[[123.06506,39.486479],[123.068533,39.508678],[123.058045,39.509607],[123.059364,39.493081],[123.06506,39.486479]]],[[[122.597104,39.206182],[122.612177,39.215412],[122.609815,39.225378],[122.599605,39.224789],[122.595506,39.213792],[122.587796,39.212172],[122.597104,39.206182]]],[[[122.51264,39.222973],[122.537021,39.224445],[122.548482,39.229992],[122.545703,39.237698],[122.534173,39.234753],[122.518683,39.239268],[122.501387,39.241182],[122.491871,39.231759],[122.502151,39.224249],[122.51264,39.222973]]],[[[122.825629,39.058675],[122.825768,39.051933],[122.818614,39.053557],[122.815419,39.04524],[122.823615,39.041353],[122.840425,39.047406],[122.836674,39.055279],[122.825629,39.058675]]],[[[122.809167,39.081649],[122.80243,39.081354],[122.805764,39.072942],[122.817364,39.068515],[122.819378,39.075599],[122.809167,39.081649]]],[[[121.831995,38.91781],[121.83658,38.912584],[121.841234,38.918106],[121.831995,38.91781]]],[[[122.872585,39.055279],[122.877864,39.066793],[122.865361,39.068957],[122.862305,39.06571],[122.850566,39.071319],[122.862791,39.051343],[122.870848,39.049325],[122.872585,39.055279]]],[[[121.476635,39.186784],[121.478163,39.19474],[121.466771,39.198964],[121.462048,39.205986],[121.445239,39.204218],[121.459548,39.201321],[121.476635,39.186784]]],[[[123.086524,39.426937],[123.08694,39.439515],[123.10368,39.44157],[123.088052,39.451259],[123.07541,39.451455],[123.053808,39.457668],[123.055336,39.444506],[123.068186,39.432223],[123.075757,39.434915],[123.077355,39.42865],[123.086524,39.426937]]],[[[121.493097,39.193807],[121.50303,39.202597],[121.50046,39.208244],[121.487401,39.204071],[121.493097,39.193807]]],[[[122.778118,39.23171],[122.770408,39.228863],[122.781661,39.218947],[122.798609,39.225231],[122.80493,39.223365],[122.809167,39.230679],[122.791524,39.229207],[122.778118,39.23171]]],[[[122.78173,39.079682],[122.789996,39.070138],[122.799512,39.072303],[122.790899,39.079337],[122.78173,39.079682]]],[[[123.16043,39.025503],[123.170085,39.027374],[123.18356,39.040368],[123.197244,39.047307],[123.205648,39.056952],[123.206413,39.067678],[123.200856,39.078108],[123.186338,39.083715],[123.187728,39.097043],[123.173974,39.103092],[123.171474,39.09847],[123.176197,39.087797],[123.170224,39.086273],[123.145635,39.091781],[123.140494,39.080075],[123.149663,39.064726],[123.142995,39.048538],[123.144037,39.038646],[123.154248,39.027275],[123.16043,39.025503]]],[[[123.004629,39.248887],[123.01616,39.257081],[123.012687,39.262577],[123.001156,39.263558],[122.988098,39.257965],[122.992057,39.251684],[123.004629,39.248887]]],[[[121.163437,39.084699],[121.178371,39.088535],[121.170105,39.096896],[121.159339,39.092027],[121.163437,39.084699]]],[[[122.343364,39.346226],[122.32329,39.343727],[122.319956,39.328289],[122.331765,39.325446],[122.340864,39.331377],[122.34906,39.330445],[122.354617,39.338189],[122.349338,39.348186],[122.343364,39.346226]]],[[[120.976449,38.960444],[120.978533,38.951131],[120.987076,38.946597],[120.991522,38.950589],[120.986173,38.958424],[120.976449,38.960444]]]]}},{"type":"Feature","properties":{"adcode":130700,"name":"张家口市","center":[114.884091,40.811901],"centroid":[115.038685,40.874645],"childrenNum":16,"level":"city","parent":{"adcode":130000},"subFeatureIndex":6,"acroutes":[100000,130000],"footprintId":"zhangjiakou","footprintName":"张家口","footprintNameEn":"Zhangjiakou","firstVisit":2016},"geometry":{"type":"MultiPolygon","coordinates":[[[[116.365069,40.943216],[116.341747,40.964804],[116.333546,40.984458],[116.29837,40.986641],[116.264733,41.038252],[116.296128,41.062118],[116.277419,41.083154],[116.268769,41.102645],[116.245447,41.114183],[116.233273,41.130845],[116.245895,41.16358],[116.22347,41.174275],[116.221356,41.185928],[116.235195,41.211853],[116.213603,41.233288],[116.198995,41.259578],[116.191627,41.288158],[116.209503,41.307715],[116.203352,41.326117],[116.17484,41.356328],[116.141586,41.373439],[116.08751,41.376951],[116.07713,41.384866],[116.036124,41.397694],[116.03023,41.416645],[116.004473,41.432911],[116.000052,41.454402],[115.97673,41.470913],[115.982112,41.485127],[115.97391,41.529659],[115.958789,41.550353],[115.924767,41.568623],[115.929252,41.596113],[115.909967,41.642921],[115.972885,41.680101],[116.014404,41.715355],[116.056307,41.733705],[116.081039,41.776352],[116.083986,41.781745],[116.03401,41.782633],[116.016646,41.77705],[115.994926,41.828608],[115.978588,41.840841],[115.946936,41.885634],[115.916374,41.945141],[115.853071,41.927738],[115.828852,41.936978],[115.815461,41.928687],[115.810976,41.912356],[115.795855,41.911153],[115.756707,41.886774],[115.727874,41.888421],[115.724415,41.868025],[115.68815,41.867708],[115.659382,41.848319],[115.653871,41.829052],[115.630806,41.824995],[115.598641,41.808003],[115.574102,41.805403],[115.548345,41.783902],[115.519769,41.767787],[115.488758,41.760934],[115.430068,41.728753],[115.366317,41.712561],[115.347031,41.712307],[115.319032,41.691473],[115.336844,41.675145],[115.355489,41.672158],[115.360935,41.661355],[115.345494,41.635673],[115.377594,41.602475],[115.365099,41.595795],[115.311535,41.592677],[115.290328,41.622955],[115.273477,41.622764],[115.26425,41.611889],[115.266429,41.592868],[115.257587,41.581097],[115.204215,41.571423],[115.205753,41.591723],[115.195053,41.602093],[115.167246,41.605973],[115.142386,41.616087],[115.113489,41.615769],[115.099137,41.623973],[115.087796,41.613415],[115.055953,41.602284],[115.025006,41.61526],[114.977849,41.611571],[114.938317,41.613225],[114.89808,41.607182],[114.877449,41.590896],[114.860726,41.600948],[114.895581,41.636436],[114.902885,41.689313],[114.895068,41.736561],[114.896157,41.76766],[114.8663,41.804578],[114.922363,41.825121],[114.939214,41.846165],[114.92153,41.875943],[114.925438,41.899566],[114.916148,41.936978],[114.933255,41.943559],[114.915507,41.958934],[114.916853,41.981008],[114.901796,42.015528],[114.89148,42.012115],[114.889622,42.030316],[114.860854,42.05483],[114.861302,42.101997],[114.823051,42.140867],[114.828369,42.147679],[114.793963,42.149193],[114.78935,42.130963],[114.754879,42.115756],[114.710221,42.115377],[114.704647,42.121435],[114.675494,42.120426],[114.647751,42.109634],[114.624813,42.112222],[114.585537,42.131215],[114.560293,42.132414],[114.510957,42.110897],[114.500706,42.085963],[114.5025,42.067398],[114.479883,42.064304],[114.466107,42.037962],[114.46835,42.025577],[114.485969,42.015338],[114.484752,41.999155],[114.501411,41.99277],[114.510701,41.973292],[114.487443,41.96722],[114.476295,41.953936],[114.421705,41.942167],[114.374036,41.956783],[114.348087,41.947609],[114.343217,41.926915],[114.326751,41.9297],[114.330403,41.916977],[114.287026,41.868658],[114.243457,41.832792],[114.202964,41.793416],[114.200401,41.778509],[114.215266,41.756492],[114.206744,41.738402],[114.232501,41.717705],[114.237563,41.698651],[114.219302,41.700239],[114.215394,41.685057],[114.259347,41.6234],[114.227632,41.620221],[114.237242,41.59624],[114.221673,41.582242],[114.231604,41.547043],[114.231027,41.513671],[114.101218,41.537746],[114.083982,41.528958],[114.032148,41.529595],[113.977559,41.506664],[113.952827,41.483533],[113.930659,41.485573],[113.92124,41.457271],[113.884911,41.438141],[113.8712,41.413327],[113.918229,41.40382],[113.943985,41.390802],[113.93399,41.376823],[113.937514,41.356647],[113.923354,41.33934],[113.926622,41.326309],[113.89952,41.316214],[113.922585,41.291162],[113.936297,41.294805],[113.951226,41.282916],[113.952956,41.254269],[113.971536,41.239814],[113.976854,41.266676],[113.985824,41.270385],[114.007032,41.250752],[114.016259,41.232073],[114.000625,41.224011],[113.996781,41.192458],[113.973651,41.174275],[113.920407,41.172034],[113.877927,41.115593],[113.863383,41.106042],[113.820327,41.101619],[113.823402,41.093093],[113.868445,41.068853],[113.90567,41.034081],[113.922585,41.024391],[113.972946,40.982981],[113.97647,40.961206],[113.991142,40.940195],[114.000753,40.947521],[114.011773,40.935311],[114.057457,40.925092],[114.041375,40.917378],[114.052203,40.893395],[114.052844,40.870304],[114.073539,40.857308],[114.069694,40.846948],[114.044771,40.831115],[114.081163,40.790486],[114.104421,40.797571],[114.104165,40.768068],[114.134727,40.737263],[114.147285,40.73346],[114.18323,40.671675],[114.200081,40.662189],[114.216163,40.63437],[114.209307,40.629721],[114.236153,40.606991],[114.258258,40.610672],[114.282926,40.590778],[114.273379,40.553815],[114.293433,40.551424],[114.296381,40.535973],[114.285617,40.525822],[114.282605,40.495164],[114.267228,40.474199],[114.275429,40.458019],[114.299648,40.440086],[114.28709,40.423444],[114.314449,40.369604],[114.344435,40.36954],[114.382237,40.362085],[114.390374,40.351259],[114.446565,40.372845],[114.470784,40.349703],[114.499296,40.354047],[114.530627,40.3451],[114.526463,40.32357],[114.510957,40.303006],[114.469951,40.268093],[114.406392,40.246149],[114.362567,40.250109],[114.335144,40.245434],[114.293113,40.230108],[114.255247,40.236213],[114.240126,40.221924],[114.235833,40.198341],[114.180026,40.191517],[114.145107,40.177349],[114.123963,40.178129],[114.123387,40.188723],[114.097758,40.193597],[114.068029,40.179754],[114.089108,40.121491],[114.101218,40.10874],[114.091159,40.075288],[114.043809,40.056863],[114.019462,40.102819],[113.989476,40.112383],[113.973843,40.097157],[113.981019,40.073205],[113.975573,40.051068],[113.954878,40.030812],[113.922457,40.026578],[113.914641,40.005924],[113.932004,40.009443],[113.960452,40.000906],[114.021256,39.991782],[114.029457,39.985395],[114.02824,39.959316],[114.047397,39.916135],[114.067772,39.922334],[114.089941,39.910197],[114.102884,39.912873],[114.174132,39.897602],[114.211998,39.918745],[114.229426,39.899495],[114.19944,39.87939],[114.224877,39.851704],[114.276967,39.874494],[114.286065,39.858235],[114.328929,39.865548],[114.349432,39.862806],[114.395436,39.867246],[114.406712,39.83348],[114.390695,39.818584],[114.408827,39.782375],[114.408122,39.651956],[114.431636,39.614021],[114.474757,39.613759],[114.495836,39.608188],[114.515378,39.564983],[114.557025,39.581442],[114.568942,39.573967],[114.563432,39.558162],[114.58432,39.585835],[114.604887,39.567869],[114.633527,39.555866],[114.654991,39.599209],[114.680748,39.588064],[114.712079,39.594358],[114.716756,39.618674],[114.760645,39.617036],[114.783775,39.609499],[114.821642,39.61022],[114.838429,39.589179],[114.891032,39.634728],[114.936331,39.66368],[114.961895,39.666103],[114.987396,39.67802],[115.011487,39.674746],[115.03199,39.702373],[115.050058,39.709245],[115.095293,39.704795],[115.138734,39.688627],[115.168847,39.672651],[115.179163,39.679592],[115.177625,39.700475],[115.215043,39.708067],[115.250859,39.73882],[115.283216,39.745165],[115.312945,39.783551],[115.342867,39.79205],[115.330052,39.80656],[115.345237,39.821851],[115.343251,39.837857],[115.365676,39.867507],[115.364523,39.885331],[115.399891,39.891336],[115.40162,39.903802],[115.426801,39.950056],[115.428531,39.984352],[115.450123,39.99289],[115.442178,40.010876],[115.454544,40.029705],[115.478571,40.036153],[115.528034,40.07633],[115.555457,40.082644],[115.553727,40.091691],[115.575576,40.100997],[115.590697,40.096376],[115.59909,40.119995],[115.641762,40.115897],[115.644581,40.12663],[115.715893,40.133395],[115.734858,40.129492],[115.754849,40.145427],[115.754336,40.163243],[115.773045,40.176179],[115.806555,40.15323],[115.847817,40.147052],[115.844421,40.168053],[115.855506,40.188853],[115.870306,40.186058],[115.886324,40.206657],[115.883121,40.216143],[115.898498,40.234524],[115.911953,40.23446],[115.930085,40.254524],[115.960007,40.256667],[115.968913,40.264263],[115.93976,40.304434],[115.943156,40.311375],[115.922653,40.325905],[115.918296,40.353917],[115.864476,40.359363],[115.861849,40.373428],[115.846856,40.375113],[115.796431,40.426812],[115.770418,40.444165],[115.769841,40.468051],[115.782207,40.492058],[115.736012,40.503832],[115.755041,40.540046],[115.792203,40.561313],[115.819818,40.559374],[115.827378,40.587031],[115.846151,40.593039],[115.885427,40.595235],[115.907788,40.617324],[115.971988,40.602341],[115.981407,40.579665],[116.005113,40.584124],[116.0285,40.607314],[116.030037,40.597367],[116.062714,40.610285],[116.099363,40.630561],[116.121724,40.62914],[116.112562,40.648507],[116.136909,40.667674],[116.162025,40.662383],[116.171316,40.695996],[116.191947,40.724241],[116.218857,40.742807],[116.235003,40.783143],[116.247946,40.791839],[116.269602,40.777152],[116.273446,40.762913],[116.290938,40.763815],[116.307917,40.752152],[116.317015,40.772256],[116.379806,40.77232],[116.414276,40.777925],[116.416519,40.769357],[116.453937,40.765877],[116.465854,40.774511],[116.456564,40.798665],[116.43683,40.820751],[116.40646,40.833368],[116.399988,40.84978],[116.334443,40.904648],[116.334571,40.921749],[116.365069,40.943216]]]]}},{"type":"Feature","properties":{"adcode":370100,"name":"济南市","center":[117.000923,36.675807],"centroid":[117.221211,36.640013],"childrenNum":12,"level":"city","parent":{"adcode":370000},"subFeatureIndex":0,"acroutes":[100000,370000],"footprintId":"jinan","footprintName":"济南","footprintNameEn":"Jinan","firstVisit":2016},"geometry":{"type":"MultiPolygon","coordinates":[[[[116.546202,36.40892],[116.528592,36.387259],[116.519984,36.384158],[116.503717,36.369982],[116.484607,36.336948],[116.449071,36.337149],[116.441411,36.321755],[116.430593,36.318007],[116.406745,36.319015],[116.374526,36.3039],[116.331251,36.290677],[116.322644,36.284669],[116.310799,36.270515],[116.307166,36.259464],[116.28624,36.239174],[116.280159,36.221945],[116.255047,36.203703],[116.234911,36.180935],[116.226066,36.173748],[116.246677,36.149436],[116.261444,36.122693],[116.27171,36.109843],[116.273368,36.093758],[116.267287,36.074233],[116.267998,36.052964],[116.271552,36.043824],[116.294689,36.031407],[116.301244,36.031123],[116.304718,36.046251],[116.310404,36.052196],[116.324855,36.054178],[116.338753,36.060082],[116.352731,36.070797],[116.360233,36.084744],[116.386845,36.090807],[116.398058,36.084582],[116.401059,36.074031],[116.409508,36.068007],[116.427829,36.067441],[116.433357,36.059839],[116.429566,36.052439],[116.436121,36.046534],[116.434541,36.038607],[116.449387,36.047302],[116.452072,36.058019],[116.471182,36.06457],[116.504112,36.064732],[116.532303,36.074274],[116.543359,36.086604],[116.546597,36.101195],[116.554651,36.108187],[116.566891,36.108752],[116.569024,36.118774],[116.562153,36.121643],[116.5586,36.133804],[116.543122,36.13958],[116.525275,36.135298],[116.528513,36.145276],[116.519748,36.141196],[116.507192,36.141277],[116.510192,36.148346],[116.52188,36.157151],[116.525986,36.168297],[116.51035,36.176857],[116.502059,36.192764],[116.481922,36.197002],[116.472604,36.21464],[116.487529,36.228441],[116.485239,36.236067],[116.506402,36.240344],[116.512325,36.253414],[116.525591,36.255229],[116.53641,36.245588],[116.552361,36.247767],[116.558837,36.261037],[116.574393,36.263457],[116.581264,36.255471],[116.587502,36.268862],[116.600611,36.273983],[116.609613,36.291322],[116.632277,36.296321],[116.649018,36.295797],[116.675709,36.276645],[116.686528,36.275435],[116.701058,36.280153],[116.710376,36.279185],[116.732961,36.294144],[116.762574,36.305391],[116.772761,36.312002],[116.786659,36.311357],[116.808612,36.299022],[116.830644,36.294587],[116.855756,36.301642],[116.855519,36.289709],[116.867759,36.28108],[116.873129,36.264062],[116.891133,36.255471],[116.928722,36.26991],[116.932828,36.261925],[116.950201,36.257327],[116.956835,36.259787],[116.975471,36.243208],[116.987632,36.250711],[117.002794,36.254503],[117.003347,36.265353],[117.027353,36.268983],[117.030275,36.277532],[117.0482,36.283701],[117.051201,36.288741],[117.066995,36.296885],[117.074102,36.296724],[117.077655,36.307205],[117.07734,36.321957],[117.088711,36.346013],[117.107347,36.338882],[117.111691,36.340413],[117.137039,36.335135],[117.142567,36.345731],[117.161361,36.351895],[117.179603,36.353144],[117.18292,36.360798],[117.180945,36.37256],[117.191685,36.378762],[117.200924,36.389755],[117.208742,36.405297],[117.218297,36.406182],[117.242145,36.41528],[117.249726,36.436732],[117.263862,36.449206],[117.275786,36.451218],[117.288973,36.468718],[117.288184,36.476039],[117.30682,36.472097],[117.30682,36.467029],[117.335328,36.466345],[117.346383,36.46373],[117.346936,36.455724],[117.339118,36.438181],[117.339434,36.425786],[117.344962,36.403968],[117.35041,36.393379],[117.351753,36.377997],[117.362729,36.360234],[117.387762,36.337915],[117.38871,36.326148],[117.379707,36.315146],[117.38792,36.296361],[117.387604,36.285556],[117.397791,36.283782],[117.394553,36.266522],[117.413901,36.267934],[117.417217,36.243652],[117.392895,36.237439],[117.393211,36.222994],[117.399528,36.215004],[117.412716,36.210927],[117.427878,36.221662],[117.447383,36.218313],[117.447778,36.203541],[117.452437,36.203138],[117.440434,36.191189],[117.446988,36.18691],[117.461202,36.170194],[117.475653,36.173102],[117.487972,36.15921],[117.476601,36.150123],[117.469178,36.154687],[117.459623,36.1498],[117.44683,36.120834],[117.463571,36.116875],[117.454885,36.111177],[117.456148,36.100467],[117.447067,36.09206],[117.451963,36.087412],[117.473758,36.089797],[117.484893,36.10075],[117.491052,36.096587],[117.505898,36.098245],[117.534879,36.111419],[117.547672,36.106166],[117.552884,36.087978],[117.561649,36.079327],[117.575943,36.074516],[117.601844,36.075648],[117.630588,36.059879],[117.656569,36.049729],[117.689972,36.052358],[117.701186,36.04528],[117.720454,36.038243],[117.725824,36.029667],[117.741696,36.036058],[117.757016,36.019392],[117.750304,36.011947],[117.756542,36.002236],[117.756621,35.991916],[117.762307,35.990621],[117.781022,35.995437],[117.782286,36.007294],[117.794763,36.015143],[117.801159,36.012959],[117.825244,36.013363],[117.828719,36.008022],[117.841827,36.011947],[117.854462,36.006889],[117.866386,36.007415],[117.877047,36.016357],[117.895052,36.020363],[117.914557,36.020039],[117.922848,36.015467],[117.926165,36.005068],[117.935088,36.004421],[117.937536,35.99653],[117.950803,35.996489],[117.94338,36.017288],[117.949855,36.018259],[117.946855,36.04253],[117.932798,36.052196],[117.935799,36.061214],[117.948829,36.062589],[117.94188,36.071807],[117.946223,36.08151],[117.953172,36.081833],[117.954041,36.090201],[117.946618,36.100387],[117.939984,36.094324],[117.931535,36.094203],[117.921111,36.110005],[117.923875,36.1174],[117.91203,36.132753],[117.914162,36.140631],[117.90666,36.152708],[117.917873,36.16337],[117.912109,36.171648],[117.903027,36.172092],[117.915899,36.192562],[117.914636,36.200837],[117.921664,36.203662],[117.928534,36.196558],[117.943933,36.207981],[117.959332,36.204308],[117.967781,36.21464],[117.96328,36.224971],[117.96707,36.248251],[117.975362,36.262328],[117.972993,36.268378],[117.943696,36.274064],[117.932719,36.271846],[117.926797,36.277532],[117.93114,36.283742],[117.922533,36.300514],[117.924823,36.313171],[117.918347,36.317725],[117.919611,36.324738],[117.933509,36.334369],[117.933904,36.341219],[117.915346,36.352903],[117.902633,36.352057],[117.893472,36.339446],[117.89521,36.359227],[117.890314,36.366035],[117.882101,36.35673],[117.879732,36.370626],[117.867492,36.386373],[117.859279,36.389433],[117.855094,36.412945],[117.829508,36.417776],[117.826823,36.427114],[117.833062,36.44301],[117.822717,36.44305],[117.817268,36.436129],[117.799343,36.432265],[117.7965,36.43963],[117.786471,36.434277],[117.779838,36.441239],[117.755752,36.445303],[117.763491,36.452868],[117.757016,36.459144],[117.765544,36.469845],[117.748566,36.478694],[117.757332,36.484485],[117.755673,36.496228],[117.743118,36.498439],[117.735853,36.504993],[117.751646,36.509979],[117.765544,36.509496],[117.76586,36.512994],[117.750777,36.524652],[117.742486,36.525737],[117.739406,36.539925],[117.72377,36.54732],[117.720849,36.560057],[117.694315,36.568896],[117.696132,36.575042],[117.706792,36.581469],[117.715321,36.578537],[117.706792,36.593559],[117.715163,36.600546],[117.697869,36.599422],[117.690525,36.604883],[117.705055,36.605807],[117.706555,36.611549],[117.714926,36.610545],[117.715321,36.627527],[117.70853,36.635154],[117.712241,36.642258],[117.709003,36.651569],[117.698027,36.652974],[117.695184,36.666978],[117.701265,36.685191],[117.715637,36.691208],[117.718006,36.697826],[117.71848,36.704724],[117.739959,36.721004],[117.736642,36.729423],[117.747303,36.748584],[117.724165,36.755998],[117.695974,36.754115],[117.687603,36.763853],[117.677811,36.783245],[117.648119,36.805436],[117.608556,36.821815],[117.580523,36.85136],[117.577364,36.862847],[117.579891,36.878093],[117.585024,36.886815],[117.58376,36.894176],[117.56923,36.915736],[117.534248,36.931611],[117.539538,36.941486],[117.551305,36.93385],[117.553674,36.940727],[117.56465,36.945084],[117.56544,36.959954],[117.54933,36.96507],[117.555253,36.970785],[117.549094,36.979817],[117.536854,36.978498],[117.519875,36.957117],[117.509847,36.969267],[117.494527,36.972344],[117.476522,36.968348],[117.477628,36.961154],[117.458754,36.957676],[117.444461,36.958116],[117.416901,36.95264],[117.414927,36.957236],[117.406162,36.950001],[117.40403,36.955038],[117.391632,36.952],[117.378286,36.956997],[117.365335,36.99496],[117.35349,37.003349],[117.328457,37.011218],[117.317323,37.020923],[117.315349,37.030547],[117.326088,37.036178],[117.33667,37.046838],[117.339434,37.056419],[117.336433,37.073941],[117.365256,37.069272],[117.391158,37.083479],[117.409241,37.089425],[117.442092,37.093574],[117.459781,37.109931],[117.455596,37.11767],[117.4507,37.143711],[117.4507,37.153957],[117.444066,37.156868],[117.442724,37.170859],[117.436091,37.184251],[117.417928,37.20003],[117.404977,37.21716],[117.402371,37.224808],[117.408768,37.239703],[117.429141,37.239783],[117.424403,37.243367],[117.431037,37.254396],[117.443908,37.250056],[117.438302,37.25786],[117.43688,37.27235],[117.432379,37.272032],[117.430168,37.285166],[117.417612,37.296587],[117.409005,37.321692],[117.413901,37.349333],[117.407741,37.353667],[117.415401,37.364203],[117.401029,37.379071],[117.368652,37.396399],[117.360202,37.405697],[117.368257,37.419563],[117.369758,37.436048],[117.353332,37.450901],[117.309189,37.447486],[117.295449,37.4538],[117.307768,37.46194],[117.304609,37.466069],[117.283998,37.471587],[117.285894,37.479328],[117.312585,37.487068],[117.317718,37.499371],[117.307215,37.507744],[117.286525,37.510046],[117.284393,37.522266],[117.275549,37.526193],[117.273417,37.532619],[117.260861,37.530081],[117.238197,37.532897],[117.230063,37.528891],[117.22114,37.51318],[117.199345,37.487148],[117.176049,37.486116],[117.163809,37.478971],[117.135618,37.475239],[117.124878,37.483853],[117.109795,37.47901],[117.098819,37.469721],[117.104978,37.455309],[117.102293,37.445778],[117.089264,37.435055],[117.038408,37.435452],[117.03067,37.442958],[117.01843,37.435849],[117.012112,37.419643],[117.019693,37.405379],[117.008164,37.392464],[116.99924,37.376964],[117.009664,37.359671],[117.006663,37.355138],[116.987158,37.342692],[116.986684,37.335335],[116.993397,37.32201],[117.002241,37.285962],[117.024273,37.278918],[117.038961,37.266538],[117.030275,37.264229],[117.032328,37.253241],[117.041251,37.247667],[117.042673,37.238867],[117.036592,37.237393],[117.03596,37.224091],[117.022299,37.215089],[117.037777,37.207361],[117.037382,37.195169],[117.045358,37.197161],[117.05744,37.192141],[117.06352,37.182656],[117.061783,37.16496],[117.050648,37.160894],[117.054676,37.141717],[117.059809,37.137251],[117.047411,37.134739],[117.044884,37.122615],[117.024273,37.119664],[117.004531,37.121219],[116.982578,37.113601],[116.931486,37.100477],[116.919009,37.093056],[116.91972,37.081364],[116.925247,37.069831],[116.928643,37.05103],[116.944279,37.042327],[116.948701,37.036537],[116.943173,37.030907],[116.907796,37.019046],[116.891607,37.00271],[116.875024,36.999274],[116.885764,36.991444],[116.886158,36.983573],[116.899188,36.977499],[116.897767,36.962712],[116.907717,36.963272],[116.933381,36.959595],[116.931881,36.946204],[116.935434,36.93457],[116.922563,36.93453],[116.934408,36.925973],[116.957466,36.916495],[116.963152,36.893896],[116.96181,36.867529],[116.962836,36.842674],[116.948069,36.839231],[116.9442,36.844916],[116.934724,36.845116],[116.935908,36.829743],[116.933223,36.823697],[116.919404,36.822776],[116.892476,36.830023],[116.887106,36.833427],[116.882447,36.824058],[116.887975,36.811404],[116.872813,36.812004],[116.868233,36.801872],[116.865548,36.777877],[116.87076,36.759164],[116.883868,36.758243],[116.88679,36.745538],[116.873997,36.739846],[116.861757,36.730345],[116.842489,36.72786],[116.830881,36.723851],[116.802768,36.706729],[116.799689,36.694417],[116.780657,36.691048],[116.780736,36.671552],[116.777262,36.660718],[116.763126,36.651971],[116.759494,36.632746],[116.742042,36.620381],[116.71314,36.608858],[116.693319,36.607895],[116.694345,36.591149],[116.682421,36.580586],[116.661258,36.578376],[116.662916,36.563111],[116.658968,36.553026],[116.646728,36.544105],[116.629592,36.544587],[116.622801,36.532651],[116.60835,36.52011],[116.610087,36.51609],[116.627223,36.508853],[116.624301,36.497233],[116.602032,36.495223],[116.593267,36.485973],[116.595636,36.480383],[116.613009,36.473425],[116.611429,36.459104],[116.620905,36.44144],[116.6198,36.428522],[116.612377,36.42333],[116.591213,36.416286],[116.546202,36.40892]]]]}},{"type":"Feature","properties":{"adcode":320500,"name":"苏州市","center":[120.619585,31.299379],"centroid":[120.660806,31.382865],"childrenNum":9,"level":"city","parent":{"adcode":320000},"subFeatureIndex":4,"acroutes":[100000,320000],"footprintId":"suzhou","footprintName":"苏州","footprintNameEn":"Suzhou","firstVisit":2017},"geometry":{"type":"MultiPolygon","coordinates":[[[[119.919993,31.17091],[119.921059,31.1612],[119.936775,31.146543],[119.94626,31.106215],[119.969776,31.074298],[119.988522,31.059226],[120.001711,31.027114],[120.017034,31.017791],[120.052449,31.005745],[120.103971,30.965223],[120.111043,30.955894],[120.135121,30.941875],[120.149657,30.937455],[120.221778,30.926873],[120.250739,30.926248],[120.308099,30.932276],[120.343514,30.94],[120.371127,30.948751],[120.359453,30.931919],[120.362709,30.921648],[120.356928,30.908875],[120.360127,30.892795],[120.357994,30.887077],[120.364673,30.880465],[120.372418,30.882163],[120.379434,30.890785],[120.3947,30.890785],[120.423492,30.903069],[120.417992,30.925578],[120.423436,30.927453],[120.434998,30.920799],[120.442294,30.900612],[120.436345,30.896949],[120.439544,30.885201],[120.45234,30.867911],[120.441284,30.856292],[120.454473,30.849634],[120.460422,30.839846],[120.460984,30.828269],[120.455259,30.816825],[120.477204,30.800014],[120.476979,30.785571],[120.489439,30.763432],[120.504425,30.757974],[120.518231,30.773227],[120.563805,30.835511],[120.580867,30.845656],[120.588949,30.854416],[120.60298,30.848919],[120.615496,30.849589],[120.626216,30.856069],[120.644176,30.855354],[120.655401,30.847489],[120.658713,30.865274],[120.66309,30.861342],[120.673642,30.87573],[120.68279,30.882565],[120.699909,30.867821],[120.704286,30.872959],[120.702546,30.884039],[120.713266,30.885067],[120.709843,30.907535],[120.712705,30.919683],[120.70945,30.933169],[120.697551,30.950358],[120.684474,30.95518],[120.698225,30.970803],[120.705521,30.966473],[120.710067,30.971919],[120.725614,30.971517],[120.736109,30.963706],[120.745931,30.9625],[120.760692,30.975445],[120.770177,30.978078],[120.769953,30.996642],[120.802898,31.005388],[120.820914,31.006369],[120.840053,30.997803],[120.847406,30.989592],[120.853692,30.993206],[120.865646,30.989815],[120.86806,30.995348],[120.891352,31.003737],[120.895168,31.017345],[120.901342,31.017479],[120.901959,31.037641],[120.894551,31.053875],[120.902128,31.085666],[120.892193,31.094181],[120.869575,31.097212],[120.856778,31.102828],[120.857901,31.108533],[120.870585,31.119719],[120.872325,31.127161],[120.881305,31.134736],[120.905383,31.134202],[120.930359,31.14142],[120.983902,31.131706],[121.018475,31.134113],[121.025659,31.140751],[121.041823,31.13888],[121.041486,31.14984],[121.062533,31.153137],[121.065733,31.148593],[121.077014,31.158438],[121.075442,31.173449],[121.062646,31.224655],[121.064329,31.246153],[121.060962,31.246509],[121.063263,31.267913],[121.080437,31.270138],[121.084703,31.287622],[121.090147,31.291893],[121.09879,31.276233],[121.105469,31.273653],[121.11501,31.285265],[121.120342,31.286154],[121.143017,31.275477],[121.154242,31.276723],[121.161314,31.283975],[121.151267,31.291937],[121.143803,31.309685],[121.139649,31.302969],[121.12994,31.302613],[121.127246,31.319291],[121.133307,31.325561],[121.130445,31.344191],[121.117985,31.343435],[121.117255,31.351704],[121.108332,31.350637],[121.109286,31.364684],[121.12023,31.368684],[121.113776,31.374462],[121.148461,31.385395],[121.143803,31.392327],[121.158844,31.4101],[121.146272,31.421072],[121.164288,31.427203],[121.162717,31.432222],[121.14689,31.437241],[121.147339,31.443947],[121.160921,31.449676],[121.174952,31.449276],[121.186065,31.454339],[121.186065,31.460822],[121.214352,31.479114],[121.219067,31.475207],[121.230348,31.477427],[121.234725,31.492698],[121.240899,31.493675],[121.247073,31.477072],[121.261441,31.478848],[121.26885,31.48746],[121.298596,31.4915],[121.299943,31.499756],[121.310326,31.505925],[121.319923,31.499711],[121.343496,31.512049],[121.372232,31.553224],[121.345573,31.571676],[121.289111,31.616282],[121.145318,31.753911],[121.11849,31.75909],[121.101204,31.762542],[121.076845,31.777014],[121.060625,31.783077],[120.959488,31.783032],[120.932884,31.786705],[120.916664,31.793652],[120.883831,31.834702],[120.860314,31.873037],[120.853467,31.888641],[120.803123,31.988432],[120.790102,31.998101],[120.78202,32.015979],[120.76159,32.020437],[120.70249,32.013375],[120.652651,32.002383],[120.628405,32.001147],[120.588276,32.009711],[120.553141,32.021143],[120.52463,32.030455],[120.503807,32.041002],[120.465642,32.045811],[120.403736,32.016199],[120.387853,32.006665],[120.370678,31.990817],[120.368882,31.961099],[120.375337,31.941709],[120.390322,31.932211],[120.39049,31.925849],[120.379322,31.91414],[120.392062,31.905302],[120.402389,31.907379],[120.425007,31.898408],[120.449534,31.891955],[120.466484,31.889967],[120.468841,31.879623],[120.490898,31.871313],[120.502067,31.852125],[120.503302,31.841733],[120.514415,31.841512],[120.531309,31.827847],[120.529962,31.814666],[120.522553,31.806305],[120.531533,31.787811],[120.544386,31.787148],[120.555499,31.79405],[120.558361,31.785732],[120.570708,31.793784],[120.584235,31.782147],[120.588556,31.762542],[120.594842,31.760418],[120.600006,31.744616],[120.581709,31.727615],[120.585076,31.71442],[120.600792,31.70884],[120.584908,31.692807],[120.570035,31.688909],[120.562851,31.680493],[120.568744,31.668576],[120.561055,31.655682],[120.571719,31.655771],[120.592148,31.650276],[120.595853,31.643762],[120.589566,31.636538],[120.595572,31.631397],[120.592092,31.625059],[120.600623,31.617124],[120.591475,31.611494],[120.577107,31.614154],[120.566443,31.601918],[120.55707,31.600322],[120.553085,31.605598],[120.543095,31.601741],[120.547978,31.576598],[120.563637,31.579614],[120.567397,31.584004],[120.584235,31.585157],[120.594562,31.576022],[120.599276,31.548477],[120.605787,31.525229],[120.595628,31.517153],[120.592766,31.527536],[120.568576,31.51236],[120.555218,31.507567],[120.548483,31.497403],[120.555218,31.480313],[120.536135,31.467083],[120.523844,31.46837],[120.515986,31.464418],[120.51739,31.457847],[120.501394,31.457536],[120.495781,31.447944],[120.480571,31.449143],[120.460198,31.445501],[120.438197,31.448788],[120.418834,31.448388],[120.355805,31.416452],[120.335544,31.407345],[120.253096,31.366106],[120.209599,31.345658],[120.173735,31.308795],[120.110201,31.263998],[119.919993,31.17091]]]]}},{"type":"Feature","geometry":{"type":"Polygon","coordinates":[[[116.673836,29.709848],[116.687087,29.734798],[116.703055,29.741264],[116.720548,29.763352],[116.739327,29.774179],[116.745857,29.790336],[116.762492,29.802506],[116.780891,29.79249],[116.789804,29.795128],[116.812349,29.811713],[116.830748,29.841482],[116.861301,29.867369],[116.882702,29.893518],[116.891996,29.919337],[116.891853,29.92735],[116.900147,29.949504],[116.887897,29.968805],[116.868688,29.980469],[116.845381,29.969611],[116.835943,29.970686],[116.835276,29.95773],[116.828746,29.963106],[116.829556,30.006534],[116.802816,29.996539],[116.787325,30.020343],[116.783512,30.030712],[116.770309,30.035655],[116.764542,30.048923],[116.753627,30.048976],[116.747335,30.057248],[116.771787,30.073681],[116.816925,30.115075],[116.841901,30.146739],[116.860061,30.17732],[116.867497,30.213576],[116.892711,30.240492],[116.920547,30.257966],[116.927173,30.273455],[116.928793,30.290978],[116.9205,30.314283],[116.910347,30.332869],[116.903341,30.357289],[116.893855,30.381595],[116.888279,30.407019],[116.891949,30.414725],[116.892425,30.431099],[116.9011,30.436503],[116.914446,30.425481],[116.935609,30.440301],[116.950433,30.442816],[116.975552,30.458062],[116.986372,30.470791],[117.01049,30.489294],[117.025457,30.494267],[117.111586,30.495337],[117.135133,30.492075],[117.164017,30.474802],[117.192187,30.465871],[117.213397,30.476941],[117.226315,30.489027],[117.236372,30.504747],[117.241281,30.523083],[117.243807,30.538156],[117.252244,30.563967],[117.247906,30.58929],[117.21783,30.620641],[117.217068,30.630626],[117.272644,30.656626],[117.309489,30.676801],[117.343426,30.688969],[117.366829,30.694251],[117.394379,30.694998],[117.399384,30.690676],[117.422358,30.682885],[117.4511,30.679043],[117.470404,30.678989],[117.485418,30.686514],[117.493616,30.696706],[117.507249,30.726688],[117.576934,30.756662],[117.645523,30.776603],[117.670594,30.781508],[117.701815,30.806614],[117.698526,30.789931],[117.72088,30.791103],[117.742568,30.8072],[117.751529,30.802936],[117.755961,30.792223],[117.748478,30.778522],[117.759918,30.769832],[117.758202,30.761674],[117.781938,30.764127],[117.78375,30.749729],[117.796238,30.748449],[117.803101,30.757462],[117.815733,30.759914],[117.842282,30.773617],[117.846333,30.788438],[117.872787,30.807893],[117.884036,30.812317],[117.903197,30.814022],[117.915828,30.819564],[117.934608,30.835763],[117.94333,30.833099],[117.953626,30.817593],[117.980413,30.843808],[117.989612,30.828836],[117.966781,30.799099],[117.968783,30.794941],[117.983702,30.794035],[117.997477,30.778949],[118.030461,30.774097],[118.051671,30.758635],[118.071357,30.746849],[118.095952,30.738849],[118.115732,30.71938],[118.124979,30.717833],[118.128506,30.701295],[118.134941,30.700281],[118.126075,30.690783],[118.105723,30.662978],[118.099574,30.651341],[118.100956,30.641251],[118.077934,30.623684],[118.073073,30.609533],[118.065923,30.600026],[118.046142,30.597142],[118.022977,30.575454],[117.997048,30.570806],[117.985132,30.561348],[117.987229,30.537675],[117.98108,30.525382],[117.970118,30.512231],[117.963635,30.508436],[117.951481,30.489134],[117.945904,30.466726],[117.945904,30.455066],[117.938564,30.425106],[117.941233,30.413602],[117.952911,30.403594],[117.953197,30.392568],[117.938278,30.378115],[117.91659,30.366552],[117.928125,30.357289],[117.940137,30.33469],[117.925361,30.33078],[117.932034,30.326335],[117.928507,30.319747],[117.920356,30.320014],[117.907677,30.309783],[117.91292,30.299283],[117.902196,30.294246],[117.886419,30.293228],[117.888516,30.269597],[117.863206,30.266435],[117.842997,30.260378],[117.824932,30.241617],[117.829317,30.225212],[117.858345,30.21733],[117.8613,30.209072],[117.852863,30.191749],[117.846953,30.192286],[117.831366,30.182202],[117.820404,30.182577],[117.797811,30.163694],[117.778125,30.156719],[117.743187,30.154037],[117.698955,30.143466],[117.682606,30.132733],[117.68661,30.126132],[117.673264,30.122106],[117.676219,30.107936],[117.662491,30.108902],[117.655866,30.115451],[117.646143,30.114484],[117.642901,30.105627],[117.631176,30.099293],[117.615351,30.111693],[117.61049,30.131499],[117.599765,30.129781],[117.584846,30.118027],[117.572739,30.115719],[117.568736,30.107399],[117.560299,30.103748],[117.571071,30.101762],[117.56845,30.088233],[117.559965,30.0834],[117.554293,30.101601],[117.545618,30.101601],[117.541043,30.11062],[117.528983,30.099561],[117.535371,30.083776],[117.544093,30.086783],[117.53599,30.076581],[117.542091,30.052844],[117.511491,30.037105],[117.492806,30.034903],[117.461777,30.037965],[117.446476,30.02303],[117.433273,30.02072],[117.411538,30.030444],[117.394093,30.029745],[117.386372,30.011048],[117.349813,30.008254],[117.324217,29.99799],[117.309155,29.999065],[117.297668,29.992777],[117.267401,29.98321],[117.260156,29.985253],[117.206152,29.974288],[117.203102,29.965149],[117.206248,29.927511],[117.188946,29.921864],[117.177601,29.921972],[117.148812,29.911323],[117.134704,29.903846],[117.127983,29.895508],[117.133035,29.874256],[117.127697,29.861611],[117.110395,29.855422],[117.092807,29.836853],[117.073312,29.832224],[117.0756,29.822642],[117.092711,29.809559],[117.127983,29.795775],[117.135609,29.780965],[117.135466,29.772024],[117.108679,29.751985],[117.10825,29.745089],[117.122454,29.728548],[117.113016,29.712165],[117.085848,29.696912],[117.070881,29.693732],[117.051243,29.682896],[117.042044,29.680902],[117.015304,29.685753],[116.996048,29.683381],[116.984561,29.674702],[116.971167,29.655668],[116.939613,29.64828],[116.918545,29.634473],[116.873455,29.609282],[116.848955,29.576421],[116.838088,29.569837],[116.818403,29.564764],[116.795762,29.566545],[116.780652,29.570539],[116.779651,29.57804],[116.786944,29.591315],[116.774933,29.595254],[116.770166,29.592232],[116.760443,29.599085],[116.740185,29.585919],[116.729985,29.568542],[116.721596,29.56498],[116.716544,29.590775],[116.688946,29.604103],[116.685657,29.611602],[116.670595,29.625088],[116.651911,29.63717],[116.652244,29.645422],[116.663589,29.659173],[116.677078,29.66904],[116.680509,29.681495],[116.673026,29.687532],[116.656677,29.686346],[116.654151,29.694756],[116.668021,29.700308],[116.673836,29.709848]],[[116.698956,29.7078],[116.705819,29.697128],[116.703388,29.710063],[116.698956,29.7078]],[[116.706534,29.696588],[116.705057,29.688664],[116.717163,29.690767],[116.715876,29.697289],[116.706534,29.696588]],[[117.297144,30.487209],[117.290137,30.4763],[117.274456,30.465229],[117.256724,30.458543],[117.25558,30.45405],[117.267211,30.441746],[117.259203,30.430511],[117.25253,30.428798],[117.251958,30.420558],[117.268545,30.420184],[117.281129,30.414458],[117.299289,30.425374],[117.293378,30.440997],[117.305437,30.445812],[117.31478,30.461859],[117.321882,30.462234],[117.326648,30.470631],[117.324551,30.487637],[117.319784,30.49277],[117.307535,30.494267],[117.297144,30.487209]]]},"properties":{"adcode":341700,"name":"池州市","center":[117.489157,30.656037],"centroid":[117.371465,30.282082],"childrenNum":4,"level":"city","parent":{"adcode":340000},"subFeatureIndex":14,"acroutes":[100000,340000],"footprintId":"chizhou","footprintName":"池州","footprintNameEn":"Chizhou","firstVisit":2017}},{"type":"Feature","properties":{"adcode":510100,"name":"成都市","center":[104.065735,30.659462],"centroid":[103.931804,30.652329],"childrenNum":20,"level":"city","parent":{"adcode":510000},"subFeatureIndex":0,"acroutes":[100000,510000],"footprintId":"chengdu","footprintName":"成都","footprintNameEn":"Chengdu","firstVisit":2017},"geometry":{"type":"MultiPolygon","coordinates":[[[[103.959259,30.320742],[103.965866,30.316774],[103.974713,30.290727],[103.998343,30.264508],[104.030035,30.266245],[104.030035,30.266245],[104.047393,30.270381],[104.091628,30.24879],[104.116601,30.227194],[104.150533,30.245646],[104.152213,30.265335],[104.174051,30.298666],[104.17853,30.318262],[104.192977,30.329836],[104.2016,30.316526],[104.232284,30.313798],[104.2315,30.282209],[104.232732,30.281878],[104.23318,30.281051],[104.231836,30.280472],[104.243371,30.267403],[104.23094,30.256153],[104.243259,30.244239],[104.264537,30.241592],[104.2726,30.217842],[104.282231,30.220904],[104.315379,30.200792],[104.327138,30.204269],[104.364541,30.185974],[104.358158,30.173638],[104.386379,30.161798],[104.39881,30.124776],[104.41012,30.125521],[104.428374,30.089729],[104.450212,30.101081],[104.437109,30.107544],[104.457715,30.120634],[104.449428,30.132894],[104.464994,30.151529],[104.468354,30.157077],[104.485264,30.156001],[104.484368,30.181504],[104.533754,30.193673],[104.541594,30.184236],[104.569254,30.196985],[104.600163,30.220408],[104.599603,30.244488],[104.653133,30.240185],[104.638239,30.268148],[104.643614,30.283036],[104.691993,30.275427],[104.703975,30.301643],[104.723797,30.308341],[104.738579,30.290314],[104.774863,30.30156],[104.795133,30.279397],[104.807228,30.296847],[104.823354,30.293787],[104.848775,30.306852],[104.850455,30.338929],[104.837016,30.361988],[104.855494,30.347194],[104.860982,30.364384],[104.881027,30.360831],[104.895922,30.382315],[104.881699,30.393551],[104.875092,30.437078],[104.8761,30.5131],[104.892786,30.541645],[104.879124,30.550635],[104.858854,30.582385],[104.819098,30.580076],[104.819994,30.598296],[104.847319,30.631101],[104.842728,30.649395],[104.821226,30.643874],[104.818315,30.664307],[104.800956,30.690995],[104.78875,30.694043],[104.788526,30.721299],[104.768032,30.71817],[104.750786,30.726898],[104.732084,30.778257],[104.718086,30.771756],[104.698376,30.825559],[104.640366,30.837895],[104.629952,30.852449],[104.613937,30.847763],[104.596355,30.864535],[104.585269,30.862891],[104.520764,30.882456],[104.533083,30.917875],[104.511917,30.935868],[104.495791,30.935457],[104.465218,30.9509],[104.44506,30.940468],[104.39601,30.942358],[104.389739,30.925681],[104.367117,30.93365],[104.351887,30.902345],[104.322322,30.891743],[104.288726,30.90292],[104.244491,30.896921],[104.21571,30.8984],[104.202384,30.91311],[104.168787,30.918533],[104.149974,30.91311],[104.142582,30.925845],[104.166324,30.951311],[104.166884,30.993438],[104.143478,31.01158],[104.117385,31.017572],[104.10697,31.032263],[104.107194,31.032017],[104.106522,31.031607],[104.10641,31.031771],[104.094876,31.032756],[104.060608,31.0641],[104.057584,31.07821],[104.019844,31.103963],[104.022868,31.142661],[104.009429,31.153235],[104.014693,31.167577],[103.983,31.200925],[103.949404,31.215997],[103.929134,31.234425],[103.928014,31.272497],[103.914128,31.278964],[103.891618,31.308017],[103.894418,31.326018],[103.92835,31.355139],[103.894754,31.408858],[103.897554,31.416377],[103.868437,31.420954],[103.828682,31.412454],[103.816027,31.431906],[103.802588,31.430108],[103.787246,31.434439],[103.75029,31.419156],[103.739876,31.398885],[103.700792,31.391118],[103.669323,31.354812],[103.627104,31.344097],[103.60717,31.351295],[103.569543,31.338453],[103.569991,31.314563],[103.579733,31.291241],[103.569095,31.262019],[103.581413,31.246626],[103.57671,31.215834],[103.583205,31.191422],[103.564839,31.175034],[103.557224,31.149055],[103.525644,31.101092],[103.521164,31.067792],[103.504814,31.041044],[103.517132,31.030129],[103.52094,31.005095],[103.516461,30.971761],[103.465058,30.941536],[103.454644,30.924695],[103.451396,30.892565],[103.409401,30.864946],[103.383084,30.862891],[103.354527,30.850887],[103.337617,30.824655],[103.305252,30.810507],[103.284647,30.829589],[103.25833,30.842418],[103.228653,30.836579],[103.199088,30.845707],[103.165716,30.842171],[103.123945,30.79282],[103.083629,30.812728],[103.037938,30.802364],[102.992919,30.778339],[103.005126,30.74649],[103.033907,30.719076],[103.031331,30.703678],[103.068735,30.716194],[103.103115,30.672957],[103.119017,30.670898],[103.13156,30.65475],[103.135591,30.624096],[103.126856,30.593927],[103.147798,30.585847],[103.166276,30.555749],[103.157765,30.530013],[103.180834,30.525228],[103.185874,30.511945],[103.162244,30.472579],[103.141751,30.470845],[103.12596,30.451115],[103.115993,30.413954],[103.116329,30.380002],[103.127976,30.367111],[103.091132,30.326529],[103.079038,30.324545],[103.062128,30.302553],[103.068623,30.294283],[103.061456,30.270464],[103.071534,30.260951],[103.076798,30.220242],[103.147238,30.207],[103.183634,30.248128],[103.211631,30.232407],[103.215998,30.209235],[103.233356,30.213456],[103.242651,30.243081],[103.282295,30.263598],[103.313875,30.260372],[103.320259,30.23489],[103.350047,30.236048],[103.370317,30.22827],[103.36091,30.168008],[103.372109,30.148382],[103.360574,30.136787],[103.395178,30.094866],[103.439637,30.119474],[103.439637,30.119557],[103.443893,30.120054],[103.443893,30.117486],[103.4505,30.096524],[103.462483,30.096027],[103.468082,30.114255],[103.450948,30.132231],[103.474577,30.131237],[103.486224,30.104147],[103.504142,30.128503],[103.533819,30.146643],[103.544233,30.161218],[103.533819,30.178109],[103.597204,30.203524],[103.617473,30.195412],[103.628,30.214863],[103.649502,30.199799],[103.648046,30.229263],[103.693065,30.245894],[103.681754,30.269885],[103.705271,30.268975],[103.718374,30.283201],[103.736516,30.285848],[103.727893,30.30462],[103.75141,30.307927],[103.769776,30.332068],[103.794749,30.345872],[103.845368,30.34331],[103.87426,30.348104],[103.887699,30.328761],[103.910432,30.330663],[103.913904,30.353972],[103.942237,30.357773],[103.93563,30.346203],[103.959259,30.320742]]],[[[104.107194,31.032017],[104.10697,31.032263],[104.10641,31.031771],[104.106522,31.031607],[104.107194,31.032017]]],[[[103.443893,30.120054],[103.439637,30.119557],[103.439637,30.119474],[103.443893,30.117486],[103.443893,30.120054]]],[[[104.232732,30.281878],[104.2315,30.282209],[104.231836,30.280472],[104.23318,30.281051],[104.232732,30.281878]]]]}},{"type":"Feature","properties":{"adcode":450100,"name":"南宁市","center":[108.320004,22.82402],"centroid":[108.467546,23.055985],"childrenNum":12,"level":"city","parent":{"adcode":450000},"subFeatureIndex":0,"acroutes":[100000,450000],"footprintId":"nanning","footprintName":"南宁","footprintNameEn":"Nanning","firstVisit":2017},"geometry":{"type":"MultiPolygon","coordinates":[[[[109.217018,23.296826],[109.207808,23.299964],[109.192737,23.282074],[109.20758,23.273375],[109.197989,23.266548],[109.187484,23.27321],[109.170738,23.277559],[109.165258,23.28956],[109.148588,23.28912],[109.141433,23.299524],[109.13405,23.297652],[109.131994,23.286202],[109.124078,23.291102],[109.110377,23.290826],[109.086628,23.314384],[109.087161,23.326932],[109.093631,23.331005],[109.099188,23.343991],[109.082898,23.344376],[109.086171,23.334086],[109.063869,23.322585],[109.056562,23.32297],[109.050472,23.337498],[109.051994,23.355821],[109.033193,23.354611],[109.020253,23.360003],[109.01325,23.350759],[108.987675,23.349329],[108.987675,23.357197],[108.979758,23.36897],[108.968265,23.370346],[108.965144,23.35406],[108.956847,23.362973],[108.951671,23.357967],[108.939035,23.360058],[108.930662,23.367375],[108.920767,23.389709],[108.9111,23.394605],[108.920234,23.40302],[108.915667,23.412755],[108.919169,23.417979],[108.906609,23.431837],[108.892375,23.433267],[108.890015,23.441295],[108.869616,23.443879],[108.869464,23.457404],[108.863755,23.469884],[108.857209,23.466145],[108.834373,23.478294],[108.836809,23.485935],[108.822347,23.49396],[108.821357,23.503413],[108.826305,23.518855],[108.820824,23.523196],[108.811995,23.540834],[108.813745,23.546933],[108.810015,23.569347],[108.805448,23.570555],[108.803698,23.588846],[108.782765,23.615426],[108.797075,23.634204],[108.780406,23.645514],[108.777209,23.681029],[108.778883,23.691621],[108.790605,23.692335],[108.796619,23.706274],[108.804307,23.714724],[108.788474,23.726904],[108.777589,23.727289],[108.777513,23.732555],[108.788246,23.740455],[108.781623,23.746051],[108.783603,23.768102],[108.773022,23.778193],[108.761833,23.776109],[108.747675,23.780497],[108.743641,23.796126],[108.734811,23.793055],[108.728798,23.798539],[108.713422,23.783513],[108.689597,23.782745],[108.687846,23.788503],[108.673079,23.785048],[108.6711,23.772818],[108.653289,23.766182],[108.638293,23.769089],[108.62718,23.764701],[108.628017,23.75587],[108.61013,23.751098],[108.60914,23.74638],[108.592927,23.744076],[108.596048,23.736615],[108.581433,23.734311],[108.566819,23.723119],[108.566514,23.707975],[108.554031,23.703804],[108.548931,23.707261],[108.542156,23.687835],[108.52914,23.680151],[108.529064,23.671918],[108.501357,23.662751],[108.50425,23.673126],[108.496866,23.676144],[108.497399,23.690963],[108.503717,23.704188],[108.49816,23.713626],[108.489254,23.713297],[108.482099,23.725478],[108.477228,23.72449],[108.474564,23.740565],[108.485601,23.741169],[108.487123,23.760862],[108.469616,23.768102],[108.474411,23.776054],[108.459112,23.787187],[108.456676,23.780716],[108.446096,23.787516],[108.435667,23.787461],[108.443736,23.802487],[108.434373,23.807641],[108.431405,23.798484],[108.418617,23.800787],[108.425848,23.808847],[108.415953,23.8174],[108.418389,23.824473],[108.430263,23.832312],[108.451043,23.837904],[108.45698,23.842728],[108.446552,23.853965],[108.458198,23.864817],[108.462156,23.874189],[108.460862,23.887012],[108.473346,23.888711],[108.476162,23.89419],[108.465353,23.898355],[108.444954,23.898355],[108.455306,23.912545],[108.443736,23.919777],[108.424326,23.916983],[108.422803,23.924433],[108.437875,23.939442],[108.442061,23.954176],[108.433688,23.962829],[108.448531,23.977999],[108.461243,23.98676],[108.476543,23.977889],[108.487656,23.989771],[108.498769,23.990428],[108.479892,24.019061],[108.472585,24.018952],[108.458274,24.010193],[108.451728,24.023824],[108.432547,24.03291],[108.410092,24.030939],[108.377437,24.014408],[108.36404,24.002528],[108.372261,23.998696],[108.367922,23.981832],[108.357723,23.980791],[108.354602,23.965403],[108.362137,23.968525],[108.368379,23.954833],[108.365334,23.931774],[108.365943,23.916106],[108.348817,23.910847],[108.329407,23.911997],[108.330472,23.905806],[108.321719,23.903505],[108.313117,23.893368],[108.317532,23.881806],[108.292718,23.85676],[108.290663,23.847223],[108.309159,23.839494],[108.303451,23.829133],[108.2915,23.823541],[108.282899,23.814385],[108.282823,23.800403],[108.277114,23.798429],[108.264021,23.817675],[108.249635,23.80457],[108.252223,23.814166],[108.243698,23.805064],[108.232585,23.806873],[108.232737,23.822664],[108.22307,23.825624],[108.225049,23.841796],[108.221319,23.854842],[108.209064,23.854951],[108.203051,23.871613],[108.186914,23.860816],[108.176181,23.844427],[108.183413,23.831326],[108.180368,23.823267],[108.162785,23.825679],[108.154107,23.840864],[108.136219,23.853033],[108.129521,23.851279],[108.118256,23.834889],[108.112242,23.814166],[108.104174,23.809724],[108.096181,23.796784],[108.08895,23.793165],[108.069159,23.796071],[108.058351,23.800677],[108.02189,23.776219],[108.01679,23.760039],[108.021814,23.753127],[108.024174,23.734146],[108.042823,23.72065],[108.038712,23.707755],[108.020901,23.690414],[108.019911,23.677571],[108.01169,23.672741],[108.000729,23.67351],[107.993727,23.649247],[107.996543,23.637059],[107.98307,23.626792],[107.96602,23.62789],[107.95993,23.644032],[107.942195,23.657043],[107.924688,23.63942],[107.905506,23.63695],[107.906952,23.625584],[107.893251,23.620697],[107.891424,23.612955],[107.87445,23.601093],[107.860063,23.601752],[107.846591,23.597414],[107.84621,23.606695],[107.839968,23.610209],[107.824669,23.599995],[107.818046,23.606804],[107.810967,23.595601],[107.799093,23.589066],[107.793917,23.580772],[107.793993,23.56671],[107.778846,23.56704],[107.767808,23.572423],[107.754488,23.571983],[107.742918,23.563139],[107.737894,23.566655],[107.72229,23.553965],[107.716277,23.554075],[107.7213,23.543087],[107.734849,23.533252],[107.738122,23.521053],[107.72975,23.496433],[107.735839,23.491101],[107.733099,23.478294],[107.741548,23.461363],[107.736828,23.450917],[107.749236,23.442669],[107.769026,23.449817],[107.775725,23.440195],[107.794298,23.430627],[107.805791,23.435136],[107.821015,23.430187],[107.827104,23.433542],[107.835325,23.427658],[107.843698,23.436181],[107.853365,23.433102],[107.87072,23.446133],[107.88366,23.438875],[107.864098,23.41468],[107.866914,23.401315],[107.85915,23.395485],[107.848113,23.379423],[107.832433,23.374912],[107.827333,23.367595],[107.832128,23.351584],[107.821396,23.343276],[107.836924,23.342065],[107.829236,23.333591],[107.81797,23.333371],[107.818503,23.34091],[107.800768,23.343496],[107.782347,23.349659],[107.764383,23.344872],[107.748018,23.333866],[107.750834,23.314054],[107.743679,23.30767],[107.716124,23.298092],[107.702423,23.280037],[107.671748,23.282239],[107.656067,23.274642],[107.649673,23.282074],[107.611919,23.292368],[107.584897,23.291047],[107.579188,23.276954],[107.581167,23.265062],[107.57622,23.258675],[107.585506,23.247442],[107.584821,23.230426],[107.569445,23.22178],[107.561681,23.204485],[107.53032,23.204099],[107.51974,23.219356],[107.499949,23.224038],[107.498503,23.230977],[107.490511,23.225855],[107.485106,23.230151],[107.471253,23.223322],[107.463261,23.228113],[107.477571,23.242872],[107.469883,23.250526],[107.462043,23.246561],[107.438979,23.25003],[107.42954,23.260217],[107.413556,23.25394],[107.398256,23.238466],[107.385696,23.244359],[107.379226,23.238246],[107.374126,23.214785],[107.366591,23.211039],[107.369712,23.197985],[107.353575,23.197985],[107.346496,23.18862],[107.355021,23.164323],[107.3468,23.157711],[107.357152,23.155177],[107.356543,23.148123],[107.337742,23.148068],[107.330283,23.137432],[107.333175,23.12911],[107.351063,23.121064],[107.3621,23.110756],[107.363013,23.102102],[107.389046,23.098133],[107.387675,23.091518],[107.376943,23.083579],[107.353422,23.080822],[107.353346,23.06588],[107.339417,23.058767],[107.337666,23.047462],[107.367504,23.031524],[107.381358,23.04476],[107.39346,23.04851],[107.397723,23.042995],[107.413175,23.051102],[107.420863,23.045036],[107.432509,23.044043],[107.436848,23.049613],[107.447352,23.049999],[107.460901,23.04294],[107.468437,23.032516],[107.478256,23.031634],[107.481301,23.02121],[107.475744,23.012108],[107.483736,23.006978],[107.490359,22.986787],[107.499873,22.979945],[107.498351,22.963171],[107.492642,22.950258],[107.499569,22.935632],[107.484345,22.925532],[107.477571,22.92509],[107.478484,22.916369],[107.488836,22.895833],[107.488151,22.871925],[107.49797,22.859831],[107.496905,22.851658],[107.504212,22.845417],[107.517152,22.845528],[107.542804,22.858782],[107.574317,22.860439],[107.575382,22.876066],[107.570587,22.888048],[107.583299,22.889815],[107.613974,22.904169],[107.645944,22.902237],[107.650511,22.899642],[107.648379,22.887109],[107.658427,22.87833],[107.660634,22.8669],[107.673574,22.855137],[107.692376,22.861985],[107.693213,22.869385],[107.702119,22.876011],[107.692985,22.890753],[107.674945,22.902292],[107.667181,22.918577],[107.649521,22.924373],[107.647314,22.932376],[107.635668,22.935025],[107.637799,22.947664],[107.676086,22.941979],[107.680197,22.944573],[107.697704,22.938778],[107.712319,22.949154],[107.730967,22.939937],[107.743907,22.943966],[107.752585,22.931051],[107.752813,22.922386],[107.764307,22.91543],[107.776638,22.898372],[107.793536,22.881091],[107.832433,22.872864],[107.859835,22.873195],[107.879017,22.857236],[107.882899,22.849725],[107.914107,22.846135],[107.943793,22.846411],[107.955591,22.844037],[107.970815,22.834702],[107.9817,22.816695],[107.973327,22.79316],[107.999435,22.788519],[108.023793,22.781999],[108.033308,22.776529],[108.026153,22.76824],[108.019683,22.77045],[108.019302,22.757187],[108.027142,22.747128],[108.019302,22.741601],[108.01169,22.720265],[107.999664,22.716672],[108.002785,22.705062],[107.998674,22.694281],[108.006286,22.68195],[108.022575,22.677471],[108.026686,22.666798],[108.041453,22.655793],[108.048531,22.656401],[108.059569,22.665748],[108.068551,22.667351],[108.074716,22.675536],[108.075477,22.695829],[108.085829,22.701966],[108.094354,22.680734],[108.090396,22.669508],[108.099759,22.662706],[108.104554,22.652585],[108.103336,22.643182],[108.086058,22.621277],[108.073498,22.625703],[108.060254,22.618401],[108.058655,22.623435],[108.027218,22.610711],[108.014126,22.61143],[108.006134,22.607557],[107.995325,22.581607],[108.004307,22.560965],[108.018465,22.547793],[108.013441,22.53329],[107.986191,22.504558],[107.997685,22.491601],[108.010929,22.496972],[108.01405,22.479086],[108.042138,22.477536],[108.037038,22.475487],[108.058884,22.47017],[108.058731,22.461974],[108.068627,22.456712],[108.079283,22.461752],[108.087732,22.458374],[108.08484,22.444804],[108.082937,22.411177],[108.087123,22.406025],[108.100596,22.408241],[108.114145,22.398212],[108.115744,22.388571],[108.095877,22.371668],[108.104935,22.35554],[108.11346,22.356205],[108.123888,22.34645],[108.13523,22.341461],[108.133175,22.328046],[108.136828,22.305093],[108.143831,22.303707],[108.15053,22.288791],[108.163698,22.2899],[108.173365,22.280972],[108.189197,22.273651],[108.206705,22.292173],[108.213175,22.285907],[108.218883,22.291952],[108.236238,22.282524],[108.23464,22.263003],[108.243926,22.257956],[108.246667,22.239207],[108.260672,22.229665],[108.267675,22.230664],[108.280691,22.223341],[108.279854,22.206974],[108.296904,22.212078],[108.3017,22.224506],[108.308703,22.224617],[108.321719,22.237432],[108.335648,22.24309],[108.354373,22.246363],[108.371804,22.242868],[108.382918,22.252631],[108.399435,22.261006],[108.406362,22.258566],[108.409863,22.265887],[108.423184,22.267218],[108.436048,22.249303],[108.468246,22.239207],[108.496181,22.238264],[108.501814,22.25019],[108.498236,22.259509],[108.505011,22.264223],[108.507066,22.275038],[108.521148,22.271932],[108.528151,22.274927],[108.538959,22.302043],[108.546343,22.30964],[108.543907,22.31474],[108.551519,22.326716],[108.541776,22.33043],[108.540558,22.346339],[108.54581,22.346284],[108.547789,22.359198],[108.568569,22.372112],[108.56385,22.385855],[108.547332,22.396217],[108.558674,22.408629],[108.558446,22.419876],[108.573289,22.42331],[108.583869,22.430734],[108.594221,22.415887],[108.60366,22.414003],[108.615306,22.428684],[108.617894,22.438378],[108.633193,22.445302],[108.628855,22.452281],[108.633574,22.460035],[108.653136,22.446632],[108.66189,22.429847],[108.673917,22.431011],[108.676276,22.442422],[108.682366,22.446355],[108.688836,22.462583],[108.698503,22.461309],[108.699873,22.450177],[108.720881,22.450897],[108.716162,22.460922],[108.710605,22.484569],[108.71365,22.488611],[108.733974,22.486396],[108.749121,22.504668],[108.767313,22.507049],[108.782689,22.52089],[108.782765,22.527146],[108.811538,22.524156],[108.820748,22.533844],[108.827218,22.530024],[108.842213,22.541593],[108.857818,22.524378],[108.872356,22.518509],[108.873117,22.512198],[108.896409,22.510869],[108.909273,22.515907],[108.91856,22.512253],[108.931424,22.524488],[108.945962,22.525429],[108.963013,22.518454],[108.977932,22.54259],[108.995591,22.538826],[109.001528,22.527921],[109.008683,22.528142],[109.008683,22.514247],[109.014621,22.510371],[109.041262,22.507271],[109.045829,22.518399],[109.079169,22.522274],[109.096295,22.510648],[109.134506,22.51635],[109.145087,22.511257],[109.152013,22.515852],[109.173403,22.52006],[109.163051,22.537774],[109.15384,22.536833],[109.153231,22.544693],[109.163736,22.553438],[109.167237,22.543475],[109.18581,22.546077],[109.197532,22.538327],[109.19738,22.53163],[109.182689,22.517458],[109.198217,22.516074],[109.216029,22.520281],[109.221129,22.513859],[109.229654,22.520392],[109.22874,22.50644],[109.250206,22.509928],[109.263602,22.494868],[109.265581,22.484569],[109.298464,22.509928],[109.317037,22.511146],[109.321376,22.522551],[109.292223,22.543254],[109.289787,22.559582],[109.294354,22.571148],[109.302879,22.575409],[109.306837,22.5862],[109.321528,22.596824],[109.324649,22.607834],[109.3315,22.609383],[109.351671,22.628082],[109.367047,22.626699],[109.374278,22.636379],[109.386913,22.639034],[109.401833,22.627639],[109.408607,22.633834],[109.417208,22.630073],[109.427865,22.634166],[109.440729,22.630737],[109.438902,22.613422],[109.448341,22.61486],[109.446133,22.625537],[109.45032,22.630681],[109.464173,22.629465],[109.472242,22.633115],[109.478559,22.643404],[109.491652,22.652143],[109.517608,22.635605],[109.534278,22.647718],[109.554601,22.65264],[109.556504,22.659664],[109.563507,22.656014],[109.569064,22.665637],[109.584135,22.681287],[109.611233,22.672439],[109.620139,22.676697],[109.618921,22.686871],[109.607579,22.703293],[109.595553,22.714516],[109.588017,22.709651],[109.581471,22.71728],[109.588398,22.724355],[109.578122,22.735134],[109.581166,22.748676],[109.576371,22.759619],[109.560158,22.765698],[109.559397,22.772826],[109.536257,22.774429],[109.50581,22.771887],[109.511442,22.782165],[109.507256,22.790011],[109.517151,22.805425],[109.518065,22.814596],[109.528797,22.809734],[109.535039,22.815203],[109.520729,22.828295],[109.504744,22.823047],[109.480995,22.823545],[109.471709,22.844257],[109.455267,22.849836],[109.459606,22.856905],[109.452755,22.866127],[109.485182,22.878661],[109.482137,22.891526],[109.429616,22.912946],[109.417437,22.909469],[109.409216,22.914326],[109.40952,22.926581],[109.384554,22.929451],[109.376257,22.937233],[109.377475,22.947885],[109.36149,22.960357],[109.355705,22.970124],[109.356542,22.979614],[109.347256,22.985131],[109.342993,22.993959],[109.331804,23.003503],[109.315515,23.006592],[109.311785,23.016907],[109.333402,23.035164],[109.331652,23.040238],[109.345277,23.041451],[109.33835,23.048731],[109.349463,23.064005],[109.338731,23.074537],[109.325715,23.095762],[109.308969,23.092014],[109.297855,23.099566],[109.287047,23.101661],[109.281033,23.09681],[109.27129,23.099787],[109.254164,23.095487],[109.250206,23.104086],[109.255991,23.109654],[109.247922,23.117646],[109.253098,23.125418],[109.245562,23.146139],[109.239321,23.144321],[109.243203,23.168566],[109.24815,23.178263],[109.248074,23.189446],[109.255382,23.193137],[109.260101,23.210764],[109.253935,23.213848],[109.253403,23.229215],[109.231861,23.236374],[109.242137,23.248984],[109.232546,23.254711],[109.232013,23.263135],[109.213288,23.272054],[109.226609,23.269907],[109.240158,23.285156],[109.220824,23.290331],[109.217018,23.296826]]]]}},{"type":"Feature","properties":{"adcode":410300,"name":"洛阳市","center":[112.434468,34.663041],"centroid":[112.038509,34.293198],"childrenNum":14,"level":"city","parent":{"adcode":410000},"subFeatureIndex":2,"acroutes":[100000,410000],"footprintId":"luoyang","footprintName":"洛阳","footprintNameEn":"Luoyang","firstVisit":2017},"geometry":{"type":"MultiPolygon","coordinates":[[[[111.260813,33.796775],[111.270816,33.781699],[111.288558,33.779702],[111.304223,33.775008],[111.315044,33.764073],[111.322467,33.762974],[111.336245,33.768317],[111.348387,33.764822],[111.390035,33.771264],[111.398906,33.768168],[111.4342,33.747742],[111.469808,33.738052],[111.484529,33.726462],[111.495476,33.725663],[111.516048,33.7405],[111.523975,33.742847],[111.541402,33.733406],[111.567699,33.735005],[111.59148,33.727711],[111.619476,33.730059],[111.645207,33.720517],[111.665151,33.695582],[111.684968,33.677489],[111.719003,33.688885],[111.728629,33.688086],[111.778078,33.666091],[111.819411,33.652892],[111.82759,33.634189],[111.827716,33.606228],[111.832749,33.598723],[111.843444,33.595821],[111.863953,33.599174],[111.884526,33.596121],[111.899184,33.588666],[111.916359,33.572102],[111.930137,33.571051],[111.994182,33.584913],[112.020353,33.587715],[112.028343,33.593019],[112.024191,33.600024],[112.018655,33.59437],[112.012301,33.602626],[112.014943,33.613632],[112.024757,33.622436],[112.038535,33.622386],[112.059044,33.605227],[112.065713,33.607479],[112.087481,33.603076],[112.092199,33.607228],[112.084146,33.628988],[112.076345,33.633689],[112.071312,33.648192],[112.074018,33.653142],[112.104719,33.661392],[112.120573,33.668841],[112.13089,33.676939],[112.141774,33.691634],[112.15033,33.713672],[112.158509,33.720117],[112.168638,33.721766],[112.17776,33.715621],[112.179207,33.703278],[112.184995,33.698731],[112.214752,33.713972],[112.230103,33.71702],[112.239917,33.715321],[112.249354,33.719018],[112.24797,33.72871],[112.263446,33.743596],[112.266907,33.769766],[112.259168,33.776007],[112.260049,33.781849],[112.277413,33.791684],[112.273953,33.801667],[112.285906,33.808755],[112.301383,33.811001],[112.323402,33.828467],[112.351461,33.834605],[112.363854,33.840143],[112.372222,33.838297],[112.40978,33.80591],[112.42381,33.806559],[112.433687,33.810951],[112.45665,33.836451],[112.462312,33.84583],[112.474643,33.855458],[112.48559,33.859848],[112.512768,33.85895],[112.534095,33.880247],[112.541393,33.892165],[112.536423,33.902236],[112.51497,33.906374],[112.502576,33.913004],[112.497858,33.926064],[112.530761,33.937975],[112.538121,33.947344],[112.539065,33.968071],[112.546803,33.979777],[112.547118,33.998304],[112.56964,34.003035],[112.549383,34.016529],[112.533718,34.018122],[112.538625,34.027084],[112.572346,34.043162],[112.577253,34.062373],[112.601222,34.071827],[112.602544,34.088792],[112.608206,34.114209],[112.616196,34.128928],[112.620285,34.143148],[112.611666,34.15816],[112.595623,34.163529],[112.589395,34.18614],[112.583544,34.19096],[112.559763,34.224988],[112.577819,34.246988],[112.575617,34.254336],[112.557876,34.263719],[112.553724,34.27608],[112.569703,34.284815],[112.573226,34.298314],[112.597133,34.317962],[112.613994,34.322328],[112.607262,34.327934],[112.623682,34.337854],[112.650168,34.341078],[112.659605,34.333936],[112.65734,34.320592],[112.669294,34.324908],[112.688356,34.326743],[112.701001,34.335077],[112.73057,34.330414],[112.741265,34.333738],[112.75693,34.330662],[112.776622,34.345046],[112.760076,34.346584],[112.756805,34.357394],[112.732898,34.350898],[112.728117,34.361163],[112.730318,34.377426],[112.721825,34.380152],[112.72409,34.388877],[112.733653,34.39309],[112.735918,34.404242],[112.729626,34.416978],[112.736673,34.422578],[112.741894,34.433973],[112.744285,34.4683],[112.740384,34.491077],[112.767374,34.49479],[112.774609,34.500137],[112.798012,34.487166],[112.806002,34.479243],[112.838024,34.477164],[112.856017,34.478402],[112.862371,34.473648],[112.896155,34.475827],[112.905215,34.468201],[112.922956,34.47657],[112.920125,34.482016],[112.927297,34.499691],[112.925598,34.509789],[112.929813,34.526023],[112.947995,34.531467],[112.976683,34.53117],[112.984736,34.539038],[112.967749,34.541264],[112.952273,34.547647],[112.929562,34.547548],[112.910751,34.545173],[112.890682,34.547102],[112.87898,34.560015],[112.877722,34.567731],[112.864133,34.580146],[112.862183,34.590284],[112.846329,34.58885],[112.839408,34.596514],[112.845574,34.609913],[112.840226,34.623161],[112.82475,34.625188],[112.825001,34.628698],[112.841799,34.628648],[112.847147,34.640362],[112.831041,34.656669],[112.835885,34.667785],[112.829217,34.683346],[112.830223,34.694163],[112.8496,34.699694],[112.867782,34.708089],[112.879735,34.705077],[112.893827,34.694953],[112.901692,34.693521],[112.91635,34.710953],[112.931764,34.711694],[112.939502,34.72384],[112.909933,34.737465],[112.902258,34.753161],[112.908486,34.757405],[112.909367,34.771123],[112.89993,34.780596],[112.887914,34.782718],[112.875017,34.779659],[112.846329,34.780054],[112.837144,34.782915],[112.817263,34.778278],[112.810595,34.784938],[112.80984,34.7951],[112.814118,34.811475],[112.827266,34.819218],[112.813363,34.832877],[112.78782,34.83761],[112.773288,34.835884],[112.753281,34.828587],[112.72214,34.828833],[112.696723,34.840617],[112.676088,34.853188],[112.656648,34.859645],[112.638215,34.854174],[112.636328,34.88266],[112.642115,34.895717],[112.638152,34.896998],[112.638404,34.919756],[112.618209,34.920298],[112.585369,34.926503],[112.579329,34.933398],[112.578134,34.944083],[112.571654,34.948761],[112.5692,34.958608],[112.563853,34.949696],[112.551207,34.938569],[112.527867,34.932019],[112.519436,34.940341],[112.505155,34.942459],[112.496914,34.921726],[112.511447,34.92084],[112.515976,34.929212],[112.527426,34.929163],[112.537304,34.916013],[112.534221,34.893746],[112.521072,34.892761],[112.505659,34.898821],[112.496536,34.895717],[112.489616,34.90286],[112.462501,34.915668],[112.433247,34.920987],[112.39097,34.918574],[112.384993,34.924533],[112.360268,34.931428],[112.334537,34.941425],[112.3212,34.941375],[112.301068,34.945462],[112.28188,34.960232],[112.267284,34.953537],[112.258099,34.942212],[112.247844,34.940735],[112.226831,34.956589],[112.212047,34.965007],[112.1877,34.972981],[112.169896,35.00241],[112.1514,35.015399],[112.125857,35.021204],[112.108242,35.029222],[112.09352,35.029911],[112.042436,35.027845],[112.035075,35.033845],[112.038912,35.045501],[112.035264,35.053714],[112.023814,35.060843],[112.021171,35.067973],[112.006009,35.065367],[111.973358,35.070234],[111.958699,35.062908],[111.958573,35.0486],[111.939511,35.0366],[111.940203,35.030599],[111.967067,35.014169],[111.991917,35.005018],[111.978139,34.997195],[111.981033,34.990059],[111.967192,34.989912],[111.95763,34.986221],[111.961153,34.975689],[111.983235,34.970471],[111.981914,34.960626],[111.950835,34.947776],[111.933975,34.947678],[111.921707,34.934038],[111.906168,34.929606],[111.890062,34.920347],[111.88396,34.911974],[111.883267,34.894239],[111.898744,34.885912],[111.922336,34.883941],[111.949829,34.863391],[111.948948,34.852301],[111.957944,34.851167],[111.981411,34.857624],[111.990722,34.853779],[111.982858,34.846139],[111.986003,34.837856],[112.01444,34.817985],[112.020731,34.811327],[112.012804,34.803781],[112.016327,34.797073],[112.030105,34.792584],[112.031992,34.782965],[112.031174,34.777735],[112.017459,34.769939],[112.019347,34.762587],[112.011042,34.750644],[111.997831,34.750693],[112.000536,34.745017],[111.995692,34.736823],[112.014125,34.731048],[112.01488,34.724235],[111.997642,34.717125],[111.993238,34.693866],[111.982921,34.695052],[111.984997,34.686013],[111.972855,34.66739],[111.980089,34.654],[111.971408,34.65069],[111.967444,34.64308],[111.953666,34.639521],[111.943223,34.629637],[111.94165,34.620492],[111.928879,34.600272],[111.905664,34.6198],[111.888867,34.61891],[111.863953,34.647082],[111.830736,34.649207],[111.823752,34.646242],[111.821362,34.634431],[111.811296,34.633887],[111.797078,34.626028],[111.778393,34.608331],[111.764112,34.609171],[111.758764,34.597454],[111.740079,34.600272],[111.702835,34.584943],[111.696292,34.575744],[111.687044,34.571886],[111.672008,34.572232],[111.681445,34.547647],[111.692643,34.535673],[111.683584,34.533298],[111.670058,34.540571],[111.619099,34.55576],[111.608089,34.56229],[111.594437,34.565308],[111.584434,34.556057],[111.574305,34.564467],[111.562037,34.558728],[111.544736,34.544925],[111.538634,34.543342],[111.525045,34.54829],[111.5029,34.545074],[111.489437,34.533842],[111.484655,34.525528],[111.45754,34.512561],[111.451689,34.505928],[111.418346,34.490829],[111.394816,34.482016],[111.385065,34.473103],[111.370595,34.473301],[111.358642,34.480333],[111.344424,34.472955],[111.324732,34.471717],[111.306676,34.474193],[111.300008,34.488948],[111.289313,34.485581],[111.271383,34.470677],[111.272012,34.447547],[111.244708,34.453788],[111.227533,34.459732],[111.220235,34.457949],[111.213252,34.437441],[111.21344,34.429812],[111.197712,34.418762],[111.191232,34.41792],[111.188967,34.399286],[111.171415,34.394974],[111.156819,34.394677],[111.147949,34.38853],[111.141217,34.373113],[111.138449,34.35675],[111.141217,34.353031],[111.159839,34.350799],[111.166634,34.344798],[111.16915,34.334878],[111.185444,34.31697],[111.191547,34.301837],[111.181921,34.27876],[111.182488,34.256421],[111.187772,34.250265],[111.180915,34.230203],[111.166571,34.228962],[111.158958,34.223101],[111.175819,34.209541],[111.207401,34.197419],[111.214699,34.181221],[111.234516,34.178537],[111.248671,34.162882],[111.253201,34.15309],[111.267922,34.146528],[111.276856,34.148318],[111.281889,34.138524],[111.296925,34.145137],[111.305292,34.140165],[111.306362,34.125149],[111.313408,34.116546],[111.334735,34.115601],[111.344738,34.109037],[111.358768,34.108788],[111.367198,34.092473],[111.354301,34.084464],[111.342096,34.056053],[111.342285,34.037936],[111.355119,34.015185],[111.353609,33.996263],[111.356,33.984509],[111.344109,33.973351],[111.324795,33.963039],[111.305921,33.941364],[111.303342,33.928207],[111.29013,33.926662],[111.276793,33.935533],[111.259366,33.929852],[111.239989,33.933141],[111.230049,33.924768],[111.226652,33.913104],[111.234768,33.901738],[111.234516,33.894857],[111.212811,33.884087],[111.206017,33.891616],[111.203689,33.883438],[111.21948,33.872766],[111.216397,33.865135],[111.232062,33.856805],[111.240304,33.842488],[111.261568,33.822878],[111.260813,33.796775]]],[[[112.028784,34.778968],[112.030231,34.782668],[112.018466,34.785678],[112.021171,34.777537],[112.028784,34.778968]]]]}},{"type":"Feature","properties":{"adcode":410100,"name":"郑州市","center":[113.665412,34.757975],"centroid":[113.477391,34.626256],"childrenNum":12,"level":"city","parent":{"adcode":410000},"subFeatureIndex":0,"acroutes":[100000,410000],"footprintId":"zhengzhou","footprintName":"郑州","footprintNameEn":"Zhengzhou","firstVisit":2017},"geometry":{"type":"MultiPolygon","coordinates":[[[[114.22071,34.919066],[114.208505,34.926602],[114.200704,34.939504],[114.172834,34.931871],[114.160566,34.933496],[114.120491,34.956638],[114.101869,34.954768],[114.080542,34.944527],[114.051225,34.944527],[114.028451,34.959346],[114.018385,34.958608],[113.985293,34.928276],[113.973654,34.910447],[113.953585,34.898082],[113.905331,34.901333],[113.870163,34.885666],[113.826062,34.877683],[113.800456,34.87995],[113.78649,34.890445],[113.777116,34.905028],[113.766106,34.91488],[113.749057,34.919017],[113.725528,34.917392],[113.716846,34.913402],[113.684824,34.906358],[113.670731,34.910299],[113.665069,34.918525],[113.650348,34.928769],[113.631348,34.929311],[113.592091,34.933743],[113.57479,34.950583],[113.552582,34.965155],[113.543271,34.96801],[113.515086,34.965992],[113.495835,34.959937],[113.477339,34.957278],[113.449658,34.960232],[113.429463,34.964761],[113.427198,34.983563],[113.407821,34.989518],[113.37561,34.98002],[113.362587,34.970323],[113.343462,34.950533],[113.333018,34.944871],[113.315277,34.942212],[113.28986,34.952601],[113.260543,34.953586],[113.243934,34.946201],[113.239342,34.939504],[113.236951,34.925174],[113.227703,34.908427],[113.197631,34.900299],[113.179512,34.893697],[113.139815,34.884631],[113.14793,34.856096],[113.119431,34.853977],[113.107666,34.844709],[113.06023,34.83756],[113.039595,34.841948],[113.025063,34.854913],[113.004364,34.864081],[112.992851,34.863539],[112.989077,34.856343],[112.976117,34.847765],[112.943025,34.831102],[112.938181,34.831595],[112.914148,34.84747],[112.902321,34.852301],[112.884516,34.853089],[112.879106,34.849688],[112.873192,34.832827],[112.866461,34.829524],[112.853501,34.810736],[112.838653,34.812116],[112.827266,34.819218],[112.814118,34.811475],[112.80984,34.7951],[112.810595,34.784938],[112.817263,34.778278],[112.837144,34.782915],[112.846329,34.780054],[112.875017,34.779659],[112.887914,34.782718],[112.89993,34.780596],[112.909367,34.771123],[112.908486,34.757405],[112.902258,34.753161],[112.909933,34.737465],[112.939502,34.72384],[112.931764,34.711694],[112.91635,34.710953],[112.901692,34.693521],[112.893827,34.694953],[112.879735,34.705077],[112.867782,34.708089],[112.8496,34.699694],[112.830223,34.694163],[112.829217,34.683346],[112.835885,34.667785],[112.831041,34.656669],[112.847147,34.640362],[112.841799,34.628648],[112.825001,34.628698],[112.82475,34.625188],[112.840226,34.623161],[112.845574,34.609913],[112.839408,34.596514],[112.846329,34.58885],[112.862183,34.590284],[112.864133,34.580146],[112.877722,34.567731],[112.87898,34.560015],[112.890682,34.547102],[112.910751,34.545173],[112.929562,34.547548],[112.952273,34.547647],[112.967749,34.541264],[112.984736,34.539038],[112.976683,34.53117],[112.947995,34.531467],[112.929813,34.526023],[112.925598,34.509789],[112.927297,34.499691],[112.920125,34.482016],[112.922956,34.47657],[112.905215,34.468201],[112.896155,34.475827],[112.862371,34.473648],[112.856017,34.478402],[112.838024,34.477164],[112.806002,34.479243],[112.798012,34.487166],[112.774609,34.500137],[112.767374,34.49479],[112.740384,34.491077],[112.744285,34.4683],[112.741894,34.433973],[112.736673,34.422578],[112.729626,34.416978],[112.735918,34.404242],[112.733653,34.39309],[112.72409,34.388877],[112.721825,34.380152],[112.730318,34.377426],[112.728117,34.361163],[112.732898,34.350898],[112.756805,34.357394],[112.760076,34.346584],[112.776622,34.345046],[112.787002,34.343261],[112.788953,34.331158],[112.81223,34.340037],[112.824184,34.33344],[112.83318,34.333638],[112.854633,34.316325],[112.842114,34.311612],[112.84117,34.297818],[112.856458,34.302185],[112.87357,34.298016],[112.884516,34.30144],[112.91245,34.293749],[112.936293,34.295535],[112.954097,34.302135],[112.960829,34.297867],[112.992977,34.296478],[113.013235,34.300398],[113.020847,34.290424],[113.027642,34.289282],[113.037142,34.280299],[113.059476,34.280944],[113.075518,34.276527],[113.082439,34.26645],[113.097726,34.26223],[113.109365,34.263471],[113.142583,34.272804],[113.15202,34.266351],[113.175297,34.281639],[113.184356,34.290225],[113.18379,34.295634],[113.196436,34.312257],[113.210276,34.312009],[113.223362,34.325057],[113.224557,34.33473],[113.235567,34.339045],[113.267904,34.337805],[113.276334,34.342814],[113.276586,34.351444],[113.314648,34.352287],[113.314019,34.373856],[113.320436,34.383375],[113.315969,34.391157],[113.32528,34.404986],[113.348809,34.404738],[113.353968,34.396411],[113.370388,34.389918],[113.366991,34.379805],[113.389828,34.375988],[113.401655,34.377525],[113.414867,34.374947],[113.406751,34.355213],[113.414175,34.349361],[113.429085,34.350303],[113.459409,34.334432],[113.471425,34.330811],[113.482875,34.342864],[113.498729,34.338598],[113.510871,34.342715],[113.518169,34.335771],[113.516848,34.328579],[113.529619,34.317913],[113.556608,34.311513],[113.566737,34.318359],[113.579697,34.319897],[113.600836,34.313299],[113.608951,34.3132],[113.624805,34.303375],[113.634494,34.290026],[113.643994,34.288488],[113.658589,34.275037],[113.669851,34.275385],[113.679728,34.282532],[113.70332,34.276725],[113.7003,34.289381],[113.71326,34.29092],[113.713386,34.301391],[113.727227,34.305757],[113.736852,34.317863],[113.756732,34.313795],[113.777242,34.314589],[113.793159,34.328083],[113.791208,34.331803],[113.803791,34.33721],[113.832353,34.32342],[113.848584,34.322725],[113.85022,34.32719],[113.880481,34.32972],[113.885451,34.327785],[113.888093,34.348369],[113.879978,34.356056],[113.885199,34.370485],[113.878531,34.394577],[113.878153,34.411478],[113.891616,34.437342],[113.903507,34.454185],[113.912126,34.452352],[113.915586,34.444922],[113.929993,34.443485],[113.938108,34.454729],[113.948929,34.452699],[113.948615,34.435063],[113.968495,34.439324],[113.990326,34.435707],[114.006557,34.439225],[114.019894,34.445368],[114.021719,34.458989],[114.01851,34.46721],[114.008256,34.470082],[114.009577,34.480135],[114.0226,34.488552],[114.035119,34.503998],[114.062486,34.490532],[114.07035,34.481472],[114.083373,34.480927],[114.094383,34.492265],[114.093942,34.50182],[114.100296,34.535178],[114.107217,34.557887],[114.118478,34.570155],[114.129802,34.575348],[114.127852,34.584943],[114.133451,34.591025],[114.136848,34.605711],[114.125461,34.607886],[114.127726,34.61718],[114.14553,34.61456],[114.145153,34.604277],[114.15459,34.60576],[114.15157,34.618268],[114.157547,34.625979],[114.150375,34.656669],[114.160441,34.665611],[114.157547,34.686507],[114.158113,34.704336],[114.141189,34.7191],[114.138484,34.73475],[114.158364,34.759379],[114.172331,34.768311],[114.161762,34.781238],[114.134143,34.802154],[114.122504,34.81833],[114.133703,34.825628],[114.162517,34.828883],[114.185354,34.825628],[114.199824,34.832729],[114.211085,34.860877],[114.220522,34.906801],[114.22071,34.919066]]]]}},{"type":"Feature","properties":{"adcode":130300,"name":"秦皇岛市","center":[119.586579,39.942531],"centroid":[119.193332,40.088346],"childrenNum":7,"level":"city","parent":{"adcode":130000},"subFeatureIndex":2,"acroutes":[100000,130000],"footprintId":"qinhuangdao","footprintName":"秦皇岛","footprintNameEn":"Qinhuangdao","firstVisit":2018},"geometry":{"type":"MultiPolygon","coordinates":[[[[119.319039,39.429554],[119.304238,39.459972],[119.270024,39.498582],[119.31276,39.605894],[119.334928,39.656148],[119.358122,39.721744],[119.3735,39.739671],[119.395925,39.74425],[119.396886,39.761124],[119.464738,39.809239],[119.506641,39.816493],[119.53778,39.810154],[119.537652,39.831259],[119.520352,39.838183],[119.541048,39.888138],[119.559564,39.901518],[119.587948,39.909936],[119.612936,39.898907],[119.637027,39.923182],[119.666436,39.92018],[119.674317,39.933424],[119.683543,39.921942],[119.726279,39.941056],[119.787212,39.950382],[119.816877,39.978224],[119.836739,39.985786],[119.835522,39.964468],[119.862432,39.951556],[119.872363,39.960621],[119.841032,40.011789],[119.854231,40.03231],[119.835009,40.050286],[119.817069,40.052826],[119.795285,40.040387],[119.770873,40.048788],[119.76043,40.065653],[119.771578,40.082253],[119.736723,40.104836],[119.76248,40.144776],[119.755496,40.153165],[119.745949,40.207957],[119.716797,40.196066],[119.676239,40.224522],[119.671562,40.23959],[119.625174,40.224132],[119.633503,40.249395],[119.651892,40.272377],[119.642153,40.291327],[119.621458,40.30359],[119.598136,40.334206],[119.599801,40.356575],[119.586667,40.375437],[119.600442,40.406863],[119.593458,40.435683],[119.604927,40.454976],[119.553542,40.501762],[119.555464,40.516833],[119.568855,40.520778],[119.571033,40.540887],[119.534256,40.554203],[119.520288,40.547416],[119.503886,40.553945],[119.491007,40.536167],[119.477809,40.533322],[119.441864,40.539852],[119.361839,40.537331],[119.338068,40.531253],[119.302188,40.530283],[119.25612,40.543279],[119.220624,40.569133],[119.232862,40.589421],[119.230812,40.603891],[119.178209,40.609316],[119.162575,40.600015],[119.158474,40.614418],[119.105487,40.603632],[119.086394,40.588775],[119.063392,40.606151],[119.013095,40.577081],[118.998359,40.578955],[118.983366,40.56364],[118.952676,40.558469],[118.966003,40.536102],[118.919038,40.53093],[118.886938,40.542438],[118.864,40.527244],[118.821328,40.531964],[118.794867,40.510753],[118.792112,40.492382],[118.772954,40.479765],[118.723491,40.473746],[118.702795,40.491411],[118.657176,40.450574],[118.624179,40.437626],[118.618349,40.425193],[118.643785,40.380946],[118.640197,40.354566],[118.608225,40.328305],[118.596949,40.308456],[118.580098,40.305861],[118.568949,40.287564],[118.571384,40.269845],[118.628472,40.249915],[118.665634,40.242577],[118.708562,40.216078],[118.746108,40.208087],[118.743609,40.191777],[118.775581,40.194182],[118.794482,40.204838],[118.849135,40.178974],[118.867652,40.180599],[118.888924,40.168768],[118.906736,40.169679],[118.92474,40.149653],[118.918269,40.092211],[118.900521,40.086549],[118.866307,40.061942],[118.865602,40.023777],[118.88508,40.005403],[118.884247,39.961794],[118.875149,39.941121],[118.859643,39.93362],[118.853556,39.88409],[118.835232,39.859018],[118.838179,39.847981],[118.816843,39.825836],[118.825429,39.799436],[118.797942,39.790415],[118.800185,39.775706],[118.774428,39.764198],[118.787242,39.71592],[118.804157,39.679985],[118.822225,39.668984],[118.824596,39.648681],[118.850097,39.622737],[118.844586,39.615004],[118.861309,39.574754],[118.882261,39.566557],[118.895139,39.547011],[118.938452,39.557572],[118.945243,39.544781],[118.983302,39.538942],[118.966067,39.529494],[118.961453,39.51591],[119.008098,39.509347],[119.015658,39.482103],[119.004894,39.467459],[119.048399,39.459052],[119.064545,39.473763],[119.185769,39.458986],[119.212295,39.463453],[119.257401,39.429752],[119.280403,39.422852],[119.319039,39.429554]]]]}},{"type":"Feature","properties":{"adcode":130100,"name":"石家庄市","center":[114.502461,38.045474],"centroid":[114.444982,38.133034],"childrenNum":22,"level":"city","parent":{"adcode":130000},"subFeatureIndex":0,"acroutes":[100000,130000],"footprintId":"shijiazhuang","footprintName":"石家庄","footprintNameEn":"Shijiazhuang","firstVisit":2018},"geometry":{"type":"MultiPolygon","coordinates":[[[[113.839548,38.758413],[113.802899,38.763321],[113.78041,38.728355],[113.775669,38.709836],[113.745363,38.701538],[113.729024,38.71196],[113.709995,38.698284],[113.713839,38.663684],[113.702114,38.65166],[113.667067,38.646943],[113.632596,38.653122],[113.612862,38.646013],[113.604212,38.616107],[113.602803,38.586854],[113.562053,38.558321],[113.557248,38.504016],[113.546548,38.493031],[113.583517,38.465992],[113.573202,38.449205],[113.538026,38.418017],[113.525468,38.383016],[113.53431,38.365208],[113.557248,38.34346],[113.546035,38.293067],[113.544818,38.270495],[113.566282,38.252393],[113.570318,38.237427],[113.598894,38.227136],[113.636761,38.232682],[113.657072,38.225599],[113.679112,38.205413],[113.711725,38.213702],[113.715057,38.193713],[113.738507,38.189501],[113.720631,38.174656],[113.731139,38.168369],[113.756575,38.171713],[113.796876,38.162884],[113.828848,38.168971],[113.83359,38.147431],[113.822505,38.150442],[113.810075,38.112566],[113.824235,38.106676],[113.854733,38.077082],[113.856015,38.065898],[113.876261,38.055047],[113.878376,38.032402],[113.872353,37.990375],[113.90125,37.98481],[113.922842,37.952082],[113.929185,37.932022],[113.956864,37.911419],[113.971536,37.868786],[113.970191,37.833923],[113.982557,37.812823],[114.006648,37.813495],[114.018821,37.794876],[114.043873,37.777463],[114.041182,37.756817],[114.000817,37.735358],[113.993769,37.706893],[114.068029,37.721564],[114.088275,37.708845],[114.128256,37.69821],[114.139725,37.675927],[114.131139,37.648315],[114.115378,37.619884],[114.118325,37.590634],[114.059635,37.515906],[114.036762,37.494175],[114.028304,37.474598],[114.022666,37.435496],[114.06899,37.447384],[114.096477,37.490935],[114.113263,37.493837],[114.126526,37.481957],[114.133766,37.498899],[114.156191,37.505244],[114.166123,37.528186],[114.184575,37.530817],[114.215009,37.51125],[114.255439,37.504096],[114.27293,37.494445],[114.303621,37.507808],[114.310861,37.499979],[114.334632,37.502949],[114.358274,37.519212],[114.370192,37.513612],[114.37269,37.52967],[114.412095,37.549907],[114.433495,37.552537],[114.483471,37.576814],[114.519927,37.574656],[114.585217,37.55301],[114.64679,37.556247],[114.680171,37.565283],[114.698816,37.589353],[114.707338,37.615774],[114.725983,37.630665],[114.764618,37.624399],[114.797423,37.628239],[114.808571,37.659832],[114.841504,37.676129],[114.847783,37.69673],[114.871041,37.702114],[114.881357,37.716113],[114.895965,37.712547],[114.904038,37.729302],[114.931846,37.728899],[114.960165,37.720084],[114.987524,37.742691],[115.001748,37.734685],[115.012512,37.75157],[115.041024,37.733541],[115.070049,37.745651],[115.068703,37.773428],[115.085298,37.779211],[115.072291,37.794136],[115.097215,37.797498],[115.097471,37.807849],[115.122972,37.811479],[115.131173,37.799783],[115.150523,37.808521],[115.160262,37.780287],[115.152765,37.759507],[115.172564,37.749351],[115.227281,37.732599],[115.243235,37.722641],[115.261431,37.68818],[115.253807,37.671415],[115.255088,37.645621],[115.258356,37.639625],[115.297376,37.629587],[115.301412,37.660169],[115.316853,37.660102],[115.325567,37.682458],[115.317046,37.695383],[115.333768,37.71322],[115.380989,37.707432],[115.394316,37.712143],[115.386179,37.727082],[115.360294,37.731994],[115.344468,37.74814],[115.371635,37.770335],[115.352349,37.784052],[115.349722,37.805765],[115.360166,37.820215],[115.363049,37.849845],[115.388614,37.853003],[115.389831,37.874629],[115.360294,37.880068],[115.365484,37.906318],[115.385795,37.917191],[115.408668,37.918936],[115.412769,37.943293],[115.448585,37.936584],[115.457555,37.95074],[115.456017,37.974551],[115.444997,37.989168],[115.464219,37.99299],[115.438205,38.001102],[115.45134,38.017323],[115.466782,38.063554],[115.482992,38.08398],[115.468063,38.095161],[115.439871,38.082038],[115.420522,38.089671],[115.383232,38.0886],[115.364843,38.13793],[115.346903,38.13967],[115.342418,38.196254],[115.35094,38.210493],[115.323645,38.220586],[115.324734,38.248184],[115.302758,38.235289],[115.273605,38.2403],[115.263994,38.260543],[115.265788,38.287658],[115.252205,38.29093],[115.225871,38.269894],[115.210174,38.236491],[115.19422,38.236759],[115.168591,38.259608],[115.152317,38.256802],[115.108107,38.264551],[115.085874,38.276773],[115.073765,38.293134],[115.056722,38.288326],[115.066204,38.264684],[115.056465,38.258472],[115.031862,38.267089],[114.989062,38.258138],[114.990087,38.272165],[114.970096,38.281114],[114.927681,38.283385],[114.915059,38.263348],[114.886162,38.265286],[114.883343,38.284854],[114.902565,38.294936],[114.906986,38.309624],[114.922875,38.315631],[114.942994,38.343193],[114.932871,38.344194],[114.923388,38.388217],[114.910381,38.393751],[114.882254,38.424149],[114.853998,38.435879],[114.858163,38.448605],[114.840992,38.460797],[114.837852,38.435745],[114.819143,38.449871],[114.830868,38.46033],[114.81075,38.492365],[114.765259,38.496626],[114.731237,38.48191],[114.702084,38.489102],[114.6737,38.473452],[114.651851,38.504682],[114.635257,38.514801],[114.595724,38.568897],[114.58432,38.596429],[114.56324,38.590644],[114.527616,38.590644],[114.552284,38.612983],[114.536907,38.632324],[114.53633,38.649268],[114.522106,38.65372],[114.498463,38.678297],[114.452652,38.699413],[114.437787,38.692773],[114.413504,38.703928],[114.366411,38.6862],[114.341167,38.690184],[114.311502,38.706517],[114.212831,38.688192],[114.182205,38.67657],[114.129153,38.669596],[114.125053,38.659632],[114.086097,38.65837],[114.052139,38.686399],[114.028624,38.688524],[113.991655,38.676769],[113.964617,38.699811],[113.929697,38.702467],[113.932324,38.71362],[113.883245,38.74667],[113.864664,38.746006],[113.839548,38.758413]]]]}},{"type":"Feature","properties":{"adcode":330900,"name":"舟山市","center":[122.106863,30.016028],"centroid":[122.146805,30.056563],"childrenNum":4,"level":"city","parent":{"adcode":330000},"subFeatureIndex":8,"acroutes":[100000,330000],"footprintId":"zhoushan","footprintName":"舟山","footprintNameEn":"Zhoushan","firstVisit":2018},"geometry":{"type":"MultiPolygon","coordinates":[[[[122.256887,30.065104],[122.256543,30.071828],[122.265943,30.076214],[122.281642,30.077403],[122.283413,30.073467],[122.300195,30.074984],[122.301671,30.086503],[122.293896,30.100316],[122.279525,30.102857],[122.258315,30.098595],[122.240746,30.108103],[122.191631,30.108677],[122.182429,30.117036],[122.169486,30.117118],[122.156641,30.112611],[122.144879,30.118798],[122.133019,30.136622],[122.121454,30.141088],[122.119978,30.14924],[122.110922,30.154811],[122.095716,30.158088],[122.072684,30.154114],[122.048767,30.147233],[122.036808,30.148912],[121.996306,30.161405],[121.977211,30.174471],[121.955164,30.184012],[121.949997,30.176068],[121.936414,30.167795],[121.935085,30.16161],[121.948471,30.147888],[121.983461,30.100316],[121.992221,30.074656],[121.978196,30.059282],[121.981247,30.048826],[121.99857,30.037548],[122.012005,30.021184],[122.026424,29.992426],[122.038875,29.989595],[122.073422,30.005145],[122.092468,30.006786],[122.108806,30.00494],[122.120863,29.98381],[122.139958,29.987092],[122.168944,29.989103],[122.192616,29.978886],[122.239958,29.962593],[122.279033,29.937514],[122.308955,29.943466],[122.324112,29.941291],[122.331986,29.962183],[122.341287,29.976834],[122.344289,29.995257],[122.340303,30.006539],[122.346898,30.011544],[122.343896,30.020446],[122.334102,30.021266],[122.32677,30.031848],[122.31176,30.038656],[122.291632,30.065145],[122.269929,30.062439],[122.256887,30.065104]]],[[[122.625097,30.817539],[122.637745,30.814447],[122.636269,30.819939],[122.622243,30.826001],[122.615845,30.82474],[122.625097,30.817539]]],[[[122.150932,30.190073],[122.1436,30.166935],[122.150686,30.146659],[122.162891,30.137933],[122.170125,30.139121],[122.176474,30.155138],[122.190696,30.161078],[122.184495,30.163453],[122.197586,30.175904],[122.208118,30.175167],[122.204181,30.18176],[122.218206,30.188885],[122.196356,30.193635],[122.178196,30.191752],[122.176621,30.199982],[122.166484,30.198385],[122.150932,30.190073]]],[[[122.207773,29.70316],[122.229082,29.693489],[122.24611,29.67999],[122.250391,29.688139],[122.270864,29.685135],[122.277606,29.677933],[122.281642,29.688633],[122.262301,29.688057],[122.229624,29.701637],[122.232773,29.706122],[122.226179,29.714105],[122.217813,29.711759],[122.208216,29.715627],[122.207773,29.70316]]],[[[122.427607,30.738538],[122.441681,30.733082],[122.442518,30.716345],[122.430264,30.706529],[122.427607,30.69602],[122.437055,30.691743],[122.444241,30.697079],[122.4499,30.691457],[122.487154,30.701193],[122.490501,30.695775],[122.499605,30.70323],[122.510136,30.69492],[122.513778,30.702049],[122.535186,30.698301],[122.539664,30.703678],[122.526672,30.713983],[122.536268,30.717567],[122.528345,30.724897],[122.50615,30.720051],[122.504871,30.713249],[122.486514,30.711132],[122.473621,30.715204],[122.467075,30.730272],[122.460432,30.730272],[122.450441,30.743017],[122.432183,30.742325],[122.427607,30.738538]]],[[[122.163088,30.329809],[122.144043,30.315538],[122.137743,30.32159],[122.133019,30.314515],[122.124357,30.319995],[122.092812,30.299996],[122.06791,30.301714],[122.058511,30.304618],[122.051867,30.300078],[122.057822,30.291775],[122.101031,30.275084],[122.134446,30.251884],[122.146356,30.246237],[122.194141,30.24374],[122.199604,30.234327],[122.208413,30.235514],[122.208856,30.229129],[122.230116,30.23269],[122.229427,30.260436],[122.237202,30.277007],[122.231395,30.277989],[122.224456,30.290425],[122.239466,30.296479],[122.248177,30.304496],[122.231887,30.305968],[122.221602,30.324657],[122.228344,30.329564],[122.213383,30.33443],[122.209003,30.32985],[122.191287,30.329155],[122.191877,30.337414],[122.18174,30.340971],[122.178147,30.350579],[122.173816,30.337578],[122.163088,30.329809]]],[[[122.317468,30.249593],[122.278,30.243004],[122.275982,30.23535],[122.284545,30.226837],[122.29173,30.226509],[122.298472,30.234082],[122.305559,30.228883],[122.309004,30.23531],[122.318403,30.236455],[122.32923,30.230193],[122.336809,30.23576],[122.34862,30.233222],[122.362055,30.239566],[122.363236,30.254871],[122.380707,30.253889],[122.381986,30.238134],[122.391534,30.239893],[122.397193,30.225241],[122.408217,30.227778],[122.407725,30.236005],[122.417174,30.23887],[122.418798,30.246278],[122.429477,30.250861],[122.409595,30.25704],[122.407233,30.27267],[122.400343,30.275657],[122.385727,30.270993],[122.358807,30.271238],[122.349457,30.267392],[122.322685,30.26997],[122.318699,30.26551],[122.317468,30.249593]]],[[[122.675245,30.848779],[122.669192,30.845566],[122.687991,30.838082],[122.695472,30.839018],[122.698523,30.848128],[122.690108,30.849105],[122.679133,30.861102],[122.675245,30.848779]]],[[[122.782824,30.789748],[122.775689,30.788038],[122.782135,30.7823],[122.782824,30.789748]]],[[[122.331002,29.938089],[122.327213,29.923103],[122.341337,29.908198],[122.362744,29.8944],[122.372341,29.893209],[122.376327,29.88676],[122.376819,29.871151],[122.369978,29.862031],[122.378345,29.84309],[122.386366,29.834009],[122.416189,29.828995],[122.413236,29.84835],[122.398079,29.853609],[122.401819,29.870042],[122.41929,29.873082],[122.418601,29.881462],[122.434053,29.883557],[122.432085,29.893989],[122.43489,29.906227],[122.41363,29.912551],[122.410923,29.91793],[122.430215,29.916904],[122.420618,29.937309],[122.424309,29.945765],[122.408955,29.951429],[122.410235,29.94478],[122.401573,29.945806],[122.397882,29.939648],[122.377164,29.949008],[122.372734,29.954139],[122.356691,29.950321],[122.351868,29.959105],[122.331002,29.938089]]],[[[122.430412,30.408653],[122.440796,30.413556],[122.432725,30.420092],[122.428542,30.430549],[122.432282,30.445376],[122.411268,30.452686],[122.402459,30.458281],[122.381445,30.455953],[122.373817,30.46167],[122.383414,30.472858],[122.372734,30.47886],[122.35615,30.464651],[122.337006,30.465794],[122.314959,30.470245],[122.303984,30.46657],[122.287596,30.47739],[122.278689,30.474369],[122.281838,30.460118],[122.279378,30.444477],[122.280411,30.420337],[122.285923,30.417028],[122.318305,30.407182],[122.348079,30.410696],[122.352409,30.421971],[122.365156,30.417151],[122.375441,30.419357],[122.378295,30.413556],[122.387695,30.417477],[122.404821,30.4176],[122.41112,30.411268],[122.430412,30.408653]]],[[[122.327163,30.519474],[122.317518,30.518046],[122.31924,30.512781],[122.343699,30.504006],[122.34611,30.528044],[122.340008,30.522371],[122.327163,30.519474]]],[[[122.450737,30.426097],[122.469634,30.414413],[122.485727,30.415762],[122.474211,30.429528],[122.476081,30.436023],[122.46427,30.436799],[122.459693,30.426424],[122.450737,30.426097]]],[[[122.477361,30.229784],[122.481445,30.221147],[122.503197,30.215907],[122.503493,30.22565],[122.489516,30.231298],[122.477361,30.229784]]],[[[122.264762,29.845391],[122.248374,29.848761],[122.234446,29.846542],[122.221257,29.835817],[122.23046,29.822707],[122.24109,29.820323],[122.248571,29.804334],[122.267862,29.792782],[122.28484,29.779667],[122.296799,29.778968],[122.310136,29.766796],[122.317222,29.774198],[122.328443,29.777693],[122.309447,29.794098],[122.31614,29.806389],[122.297045,29.811486],[122.297882,29.81798],[122.318354,29.817857],[122.323768,29.821844],[122.319289,29.829447],[122.302951,29.83368],[122.302065,29.838488],[122.282527,29.845515],[122.264762,29.845391]]],[[[122.302951,30.499108],[122.31427,30.491066],[122.321848,30.49425],[122.302951,30.499108]]],[[[122.217222,29.638577],[122.21983,29.629971],[122.231002,29.634748],[122.217222,29.638577]]],[[[122.703247,30.19732],[122.70807,30.188476],[122.711564,30.209357],[122.704724,30.207065],[122.703247,30.19732]]],[[[122.426918,30.032094],[122.433463,30.022004],[122.428197,30.038656],[122.426918,30.032094]]],[[[122.189564,29.810007],[122.195618,29.804704],[122.201179,29.815227],[122.190598,29.820652],[122.183708,29.815186],[122.189564,29.810007]]],[[[122.52554,30.221557],[122.529428,30.230439],[122.516682,30.231339],[122.52554,30.221557]]],[[[121.943697,30.77709],[121.955607,30.75686],[121.958609,30.740493],[121.961119,30.705877],[121.968205,30.688361],[121.997044,30.658821],[122.015007,30.645291],[122.024406,30.643701],[122.052851,30.625399],[122.071011,30.611294],[122.090745,30.600325],[122.123078,30.598368],[122.133265,30.595514],[122.136907,30.600244],[122.134298,30.612394],[122.12672,30.609826],[122.113629,30.613781],[122.11358,30.621078],[122.102113,30.622994],[122.07918,30.634775],[122.081592,30.639666],[122.072536,30.649448],[122.063284,30.650222],[122.034495,30.661633],[122.024357,30.662489],[122.010971,30.669497],[121.992812,30.695368],[121.988235,30.711172],[121.990794,30.739353],[121.987989,30.753318],[121.969731,30.789178],[121.943697,30.77709]]],[[[122.636072,30.204281],[122.643848,30.197853],[122.646308,30.18692],[122.654527,30.189704],[122.650344,30.210995],[122.640895,30.210913],[122.636072,30.204281]]],[[[122.269683,30.222621],[122.282823,30.227942],[122.274653,30.230234],[122.269683,30.222621]]],[[[122.18233,29.650764],[122.192517,29.655334],[122.211366,29.692255],[122.200785,29.711183],[122.182133,29.728833],[122.146651,29.749647],[122.141385,29.75779],[122.137842,29.774527],[122.131395,29.78863],[122.120863,29.790973],[122.10856,29.783655],[122.083659,29.783203],[122.071405,29.7728],[122.065155,29.749893],[122.047881,29.717972],[122.073816,29.701802],[122.079968,29.70139],[122.095962,29.716491],[122.109052,29.713899],[122.111168,29.70032],[122.125686,29.693119],[122.133117,29.683036],[122.132822,29.668548],[122.141484,29.660521],[122.158117,29.655293],[122.174358,29.659945],[122.18233,29.650764]]],[[[122.232626,29.682666],[122.234594,29.672005],[122.24296,29.675298],[122.232626,29.682666]]],[[[122.466239,30.74318],[122.470077,30.752585],[122.452607,30.757592],[122.452115,30.743343],[122.466239,30.74318]]],[[[122.358807,30.600081],[122.356543,30.593353],[122.374358,30.587399],[122.358807,30.600081]]],[[[122.077901,30.596411],[122.055164,30.591681],[122.055607,30.585482],[122.071749,30.572553],[122.085233,30.578834],[122.082231,30.587236],[122.100096,30.592415],[122.077901,30.596411]]],[[[122.36176,29.839556],[122.369289,29.828091],[122.375933,29.825748],[122.378788,29.834379],[122.371209,29.835529],[122.376868,29.841734],[122.36176,29.839556]]],[[[122.229968,29.661056],[122.245913,29.654716],[122.243502,29.661015],[122.229968,29.661056]]],[[[122.461367,29.943877],[122.459546,29.948638],[122.449162,29.939238],[122.456987,29.92569],[122.461367,29.943877]]],[[[122.570717,30.644313],[122.568798,30.65442],[122.582922,30.655113],[122.587893,30.665341],[122.575639,30.66583],[122.558709,30.679072],[122.555757,30.667419],[122.54803,30.663467],[122.547046,30.650752],[122.570717,30.644313]]],[[[122.179377,30.226428],[122.179082,30.214884],[122.186415,30.21779],[122.190942,30.212264],[122.204574,30.214106],[122.200244,30.226755],[122.186956,30.230644],[122.179377,30.226428]]],[[[122.424949,30.6212],[122.423965,30.612272],[122.432725,30.61745],[122.424949,30.6212]]],[[[122.209003,30.222375],[122.215746,30.218036],[122.228295,30.220451],[122.245322,30.218405],[122.23735,30.232322],[122.225441,30.229293],[122.216681,30.22082],[122.209003,30.222375]]],[[[122.15546,29.619429],[122.14419,29.608474],[122.152704,29.60695],[122.160824,29.619346],[122.15546,29.619429]]],[[[122.065204,30.179631],[122.065696,30.192202],[122.055755,30.200309],[122.04291,30.201497],[122.040056,30.196051],[122.030115,30.198057],[122.017664,30.186469],[122.024013,30.162593],[122.033068,30.161201],[122.059003,30.17832],[122.065204,30.179631]]],[[[122.391484,29.970309],[122.398571,29.975151],[122.393502,29.985123],[122.39675,29.999114],[122.414418,29.998458],[122.41801,30.006293],[122.403345,30.0154],[122.41053,30.024301],[122.40861,30.031725],[122.397784,30.026721],[122.380018,30.024506],[122.373128,30.001658],[122.372291,29.988364],[122.367813,29.980486],[122.376819,29.973305],[122.391484,29.970309]]],[[[121.888087,30.092078],[121.885774,30.094742],[121.85979,30.10171],[121.848667,30.101218],[121.854081,30.068179],[121.839809,30.047268],[121.843156,30.02869],[121.844041,30.007893],[121.835232,29.993001],[121.837004,29.987174],[121.85039,29.977285],[121.850882,29.969652],[121.874258,29.96481],[121.890941,29.974495],[121.915646,29.984097],[121.932821,29.994806],[121.934199,30.011749],[121.924849,30.037877],[121.92475,30.052598],[121.915597,30.057273],[121.906935,30.055797],[121.89537,30.073303],[121.893402,30.082691],[121.880114,30.085274],[121.888087,30.092078]]],[[[122.325638,30.226919],[122.332183,30.220247],[122.335628,30.227778],[122.325638,30.226919]]],[[[121.830803,30.066375],[121.847437,30.06166],[121.852506,30.065596],[121.844927,30.077239],[121.833264,30.082855],[121.821994,30.082076],[121.830803,30.066375]]],[[[122.32239,29.83257],[122.332872,29.826652],[122.323965,29.839515],[122.32239,29.83257]]],[[[122.038235,29.759229],[122.024357,29.756844],[122.011365,29.74611],[122.016335,29.714475],[122.029721,29.716944],[122.031837,29.736814],[122.043599,29.742654],[122.043944,29.753801],[122.038235,29.759229]]],[[[122.514516,30.649],[122.514221,30.641786],[122.522784,30.643579],[122.514516,30.649]]],[[[122.1436,30.610927],[122.149997,30.619081],[122.13607,30.61533],[122.1436,30.610927]]],[[[122.716486,30.17574],[122.718553,30.168368],[122.728051,30.17271],[122.72185,30.181965],[122.716486,30.17574]]],[[[122.526278,30.666767],[122.540894,30.657884],[122.544881,30.663344],[122.533365,30.672268],[122.526278,30.666767]]],[[[121.940351,30.114537],[121.923323,30.106628],[121.911266,30.095685],[121.916483,30.083265],[121.929623,30.078469],[121.928638,30.06658],[121.945961,30.064448],[121.957674,30.084659],[121.963481,30.10339],[121.950341,30.113594],[121.940351,30.114537]]],[[[121.957428,30.287684],[121.968304,30.294556],[121.979869,30.288502],[121.989022,30.289525],[122.000883,30.308504],[121.992763,30.328092],[121.986168,30.331036],[121.989121,30.340031],[121.981001,30.343384],[121.976079,30.337619],[121.940252,30.331731],[121.921502,30.307563],[121.931542,30.304414],[121.957428,30.287684]]],[[[122.680856,30.190523],[122.688434,30.191301],[122.689222,30.180982],[122.694094,30.187698],[122.687007,30.205345],[122.673178,30.208334],[122.680856,30.190523]]],[[[122.226572,29.808856],[122.224702,29.801867],[122.239023,29.801867],[122.226572,29.808856]]],[[[122.41678,30.682047],[122.408807,30.672472],[122.425737,30.668886],[122.435431,30.674672],[122.41678,30.682047]]],[[[121.618106,30.604811],[121.637397,30.608847],[121.617712,30.60848],[121.618106,30.604811]]],[[[122.127802,30.218364],[122.129476,30.207433],[122.140647,30.214393],[122.151917,30.21603],[122.146946,30.222007],[122.127802,30.218364]]],[[[121.863825,30.116955],[121.861168,30.104292],[121.870567,30.106628],[121.863825,30.116955]]],[[[122.225047,29.738294],[122.233561,29.731013],[122.241287,29.731918],[122.234299,29.739775],[122.225047,29.738294]]],[[[122.178492,29.978393],[122.16924,29.988241],[122.141877,29.974823],[122.14355,29.968462],[122.154426,29.971253],[122.170765,29.966164],[122.182921,29.955288],[122.19611,29.954713],[122.199309,29.960623],[122.178492,29.978393]]],[[[122.197734,29.726776],[122.217124,29.717355],[122.219683,29.724102],[122.206789,29.728833],[122.197734,29.726776]]],[[[122.287941,29.723938],[122.296848,29.729985],[122.313187,29.731466],[122.309545,29.743518],[122.296602,29.749606],[122.280017,29.746233],[122.258364,29.753307],[122.255706,29.76108],[122.261021,29.773622],[122.246159,29.783367],[122.233856,29.784477],[122.21422,29.780366],[122.213285,29.771525],[122.238236,29.741996],[122.251573,29.731178],[122.269978,29.730725],[122.287941,29.723938]]],[[[122.153836,30.578957],[122.167862,30.583687],[122.156739,30.584503],[122.153836,30.578957]]],[[[122.259053,30.519882],[122.25738,30.511842],[122.275244,30.513148],[122.277901,30.524493],[122.267567,30.526901],[122.259053,30.519882]]],[[[122.759941,30.137073],[122.767126,30.12347],[122.787943,30.128223],[122.775639,30.139203],[122.763435,30.142112],[122.759941,30.137073]]],[[[122.192468,29.796194],[122.175686,29.797181],[122.182429,29.788013],[122.198324,29.785217],[122.202015,29.790891],[122.192468,29.796194]]],[[[122.146257,29.96247],[122.132232,29.956519],[122.140696,29.943712],[122.166336,29.94634],[122.170273,29.957833],[122.163088,29.965713],[122.146257,29.96247]]],[[[122.452115,29.973469],[122.444683,29.968216],[122.450244,29.964728],[122.452115,29.973469]]],[[[122.467469,30.408857],[122.476376,30.403587],[122.477853,30.410491],[122.467469,30.408857]]],[[[122.331199,30.595677],[122.326031,30.590131],[122.341337,30.593597],[122.343207,30.599632],[122.331199,30.595677]]],[[[122.264122,30.269888],[122.254574,30.253235],[122.25423,30.237356],[122.261612,30.234736],[122.276277,30.244232],[122.291878,30.248324],[122.315844,30.250165],[122.312941,30.265142],[122.304821,30.262523],[122.30177,30.270052],[122.264122,30.269888]]],[[[122.283019,29.860388],[122.293403,29.852089],[122.309004,29.849582],[122.323915,29.852541],[122.329968,29.85895],[122.343305,29.86047],[122.342961,29.870782],[122.348423,29.878833],[122.340057,29.883598],[122.319191,29.878792],[122.301474,29.883844],[122.284545,29.875588],[122.283019,29.860388]]],[[[122.648375,30.812494],[122.660629,30.819858],[122.643355,30.826733],[122.640255,30.816318],[122.648375,30.812494]]],[[[122.78125,30.694187],[122.791732,30.698423],[122.787647,30.711498],[122.7906,30.717444],[122.799508,30.716467],[122.792815,30.729499],[122.782086,30.730028],[122.75748,30.713901],[122.758218,30.70213],[122.775196,30.704167],[122.78125,30.694187]]],[[[121.977999,30.100275],[121.966483,30.097447],[121.973865,30.084905],[121.982822,30.095234],[121.977999,30.100275]]],[[[122.069436,29.992385],[122.072241,29.972853],[122.078147,29.97273],[122.093796,29.985492],[122.076867,30.000714],[122.069436,29.992385]]],[[[122.145322,29.966328],[122.128393,29.96641],[122.129033,29.960541],[122.146454,29.963496],[122.145322,29.966328]]],[[[121.981001,30.06699],[121.99045,30.07109],[121.988579,30.083634],[121.981739,30.083224],[121.975538,30.075148],[121.981001,30.06699]]],[[[122.391583,30.740615],[122.395274,30.760523],[122.386366,30.759384],[122.391583,30.740615]]],[[[122.284988,30.635835],[122.295766,30.640726],[122.292616,30.650548],[122.284742,30.648714],[122.277212,30.638933],[122.284988,30.635835]]],[[[122.16422,29.799278],[122.174948,29.797222],[122.180017,29.802361],[122.174259,29.807664],[122.161218,29.8038],[122.16422,29.799278]]],[[[122.452804,29.956889],[122.444831,29.955042],[122.450687,29.945929],[122.458955,29.95106],[122.452804,29.956889]]],[[[122.83627,30.698708],[122.839911,30.703759],[122.836811,30.719155],[122.831053,30.728521],[122.814616,30.732879],[122.804232,30.723024],[122.810777,30.712476],[122.826821,30.709136],[122.83627,30.698708]]],[[[122.132379,29.983769],[122.143108,29.978311],[122.143206,29.987051],[122.132379,29.983769]]],[[[122.096208,29.944862],[122.090942,29.956314],[122.081542,29.953687],[122.079672,29.939566],[122.083511,29.935625],[122.097733,29.938745],[122.096208,29.944862]]],[[[122.227852,29.715627],[122.233364,29.70999],[122.235382,29.717725],[122.227852,29.715627]]],[[[122.213137,29.958161],[122.237399,29.944739],[122.273374,29.932259],[122.274604,29.93891],[122.239811,29.960049],[122.20482,29.973879],[122.19296,29.975972],[122.213137,29.958161]]],[[[122.108314,29.963086],[122.110922,29.958735],[122.125883,29.96087],[122.128245,29.973797],[122.112842,29.978434],[122.108314,29.963086]]],[[[121.969091,30.064038],[121.964071,30.053787],[121.974997,30.049523],[121.974406,30.062111],[121.969091,30.064038]]],[[[122.028983,29.955042],[122.031198,29.935215],[122.037005,29.929508],[122.047782,29.93423],[122.058462,29.952907],[122.05108,29.964974],[122.042271,29.964522],[122.028983,29.955042]]],[[[122.2561,29.864702],[122.274161,29.862401],[122.278246,29.867701],[122.267222,29.875793],[122.249899,29.875588],[122.2561,29.864702]]],[[[122.193747,29.766262],[122.189171,29.75524],[122.201277,29.755487],[122.200342,29.765151],[122.193747,29.766262]]],[[[122.288827,29.93074],[122.291435,29.924623],[122.30674,29.922118],[122.315352,29.931027],[122.311809,29.942029],[122.301573,29.941865],[122.288138,29.936118],[122.288827,29.93074]]],[[[122.212399,29.69172],[122.215844,29.684312],[122.229673,29.685423],[122.228836,29.690732],[122.212399,29.69172]]],[[[122.042418,29.981635],[122.051424,29.976834],[122.054672,29.988693],[122.046749,29.988693],[122.042418,29.981635]]],[[[122.300687,29.894646],[122.299899,29.890539],[122.314713,29.88943],[122.309496,29.896084],[122.300687,29.894646]]]]}},{"type":"Feature","properties":{"adcode":360100,"name":"南昌市","center":[115.892151,28.676493],"centroid":[116.023468,28.647424],"childrenNum":9,"level":"city","parent":{"adcode":360000},"subFeatureIndex":0,"acroutes":[100000,360000],"footprintId":"nanchang","footprintName":"南昌","footprintNameEn":"Nanchang","firstVisit":2018},"geometry":{"type":"MultiPolygon","coordinates":[[[[115.475552,29.006186],[115.476092,28.994019],[115.463427,28.983943],[115.472067,28.966376],[115.479872,28.960979],[115.506233,28.92253],[115.504073,28.913769],[115.512173,28.896632],[115.52258,28.892278],[115.521402,28.883074],[115.530581,28.861742],[115.517818,28.842501],[115.505791,28.832741],[115.493764,28.844155],[115.487333,28.829433],[115.48969,28.823091],[115.48213,28.810847],[115.481639,28.797058],[115.467943,28.795017],[115.46647,28.787459],[115.453756,28.766107],[115.453167,28.773225],[115.440109,28.771184],[115.444871,28.760589],[115.438686,28.759982],[115.453167,28.732333],[115.460187,28.733271],[115.463672,28.724881],[115.473392,28.724605],[115.477025,28.73156],[115.489052,28.734762],[115.514824,28.731781],[115.526654,28.739508],[115.535589,28.732995],[115.550905,28.73294],[115.559495,28.729408],[115.546094,28.70821],[115.55385,28.69518],[115.553703,28.683694],[115.546879,28.673257],[115.543738,28.649341],[115.539761,28.642767],[115.547076,28.632325],[115.541676,28.631497],[115.547076,28.62122],[115.537454,28.61155],[115.525673,28.607737],[115.527538,28.582479],[115.553457,28.580213],[115.574811,28.589554],[115.587329,28.573524],[115.582126,28.568273],[115.566319,28.565675],[115.56303,28.55904],[115.569411,28.542342],[115.568626,28.530287],[115.572406,28.514525],[115.562343,28.514746],[115.560133,28.503075],[115.567791,28.497875],[115.54575,28.481333],[115.55115,28.453832],[115.541823,28.442763],[115.553408,28.430475],[115.551003,28.409715],[115.53873,28.4075],[115.531661,28.39255],[115.540645,28.393325],[115.552721,28.387179],[115.559348,28.389061],[115.565926,28.399139],[115.576529,28.396758],[115.588311,28.399139],[115.589931,28.409161],[115.598522,28.417299],[115.618108,28.418019],[115.616685,28.409161],[115.622085,28.398032],[115.638824,28.397257],[115.648249,28.392771],[115.654582,28.381253],[115.652324,28.375604],[115.63853,28.366133],[115.630332,28.348407],[115.621986,28.345582],[115.635535,28.337549],[115.648888,28.334446],[115.659,28.34464],[115.669996,28.346247],[115.672549,28.337383],[115.694296,28.354723],[115.690958,28.362145],[115.668278,28.363198],[115.674218,28.374995],[115.681238,28.374275],[115.686883,28.363253],[115.692332,28.367629],[115.707304,28.367407],[115.721688,28.360151],[115.727038,28.350457],[115.757278,28.368515],[115.76847,28.361591],[115.77765,28.362145],[115.790757,28.376269],[115.801409,28.380422],[115.800575,28.398586],[115.814222,28.40296],[115.836067,28.392328],[115.847897,28.381585],[115.863213,28.343145],[115.859875,28.312726],[115.872049,28.303249],[115.879364,28.286899],[115.908818,28.315108],[115.916525,28.302695],[115.922121,28.314942],[115.929779,28.315164],[115.940284,28.30735],[115.957662,28.300644],[115.960018,28.292774],[115.949709,28.2813],[115.966105,28.275978],[115.973861,28.278861],[115.979949,28.291056],[115.994577,28.287785],[115.99659,28.281743],[116.021135,28.283905],[116.044305,28.295989],[116.073513,28.289005],[116.083626,28.275812],[116.098107,28.264447],[116.101151,28.249477],[116.111362,28.246095],[116.116025,28.237167],[116.130408,28.23029],[116.142386,28.229125],[116.155788,28.223136],[116.16428,28.208659],[116.163004,28.195734],[116.167717,28.188799],[116.182002,28.180587],[116.209001,28.178423],[116.225495,28.158558],[116.229815,28.160278],[116.233202,28.188854],[116.244198,28.201836],[116.274388,28.218199],[116.294957,28.225243],[116.306837,28.219253],[116.312875,28.225631],[116.314789,28.243045],[116.330154,28.24554],[116.352147,28.232619],[116.35627,28.22663],[116.359265,28.207605],[116.370555,28.211044],[116.37625,28.221472],[116.376053,28.233229],[116.395885,28.244819],[116.412281,28.247703],[116.444926,28.249089],[116.459948,28.248035],[116.466967,28.25236],[116.480271,28.293716],[116.496667,28.303637],[116.50241,28.312559],[116.505405,28.326966],[116.502459,28.348075],[116.520573,28.378152],[116.53638,28.392938],[116.559845,28.407057],[116.55906,28.419901],[116.56549,28.43684],[116.559649,28.444977],[116.559011,28.468164],[116.551402,28.484321],[116.554887,28.496879],[116.532306,28.523263],[116.509381,28.544775],[116.497697,28.552682],[116.473938,28.58364],[116.465789,28.600719],[116.462746,28.615142],[116.44311,28.635972],[116.449393,28.653649],[116.447871,28.665028],[116.441293,28.667789],[116.446742,28.690817],[116.446497,28.701198],[116.429708,28.717429],[116.412281,28.724053],[116.392204,28.727807],[116.379931,28.744034],[116.380471,28.750105],[116.363192,28.741219],[116.355337,28.754188],[116.339629,28.750325],[116.32014,28.73846],[116.323969,28.753581],[116.319846,28.76699],[116.301781,28.785804],[116.287103,28.7879],[116.274241,28.800091],[116.253967,28.798547],[116.246407,28.801801],[116.240026,28.82458],[116.245818,28.831859],[116.245867,28.841288],[116.238111,28.851433],[116.240026,28.860805],[116.250236,28.869019],[116.259907,28.871279],[116.278954,28.866373],[116.324215,28.872381],[116.330891,28.877838],[116.342083,28.877673],[116.344439,28.88831],[116.358725,28.910298],[116.366972,28.927158],[116.380766,28.943684],[116.40428,28.953929],[116.407225,28.967973],[116.40806,29.003818],[116.402365,29.016314],[116.409778,29.031561],[116.4005,29.053023],[116.373157,29.049666],[116.318127,29.091424],[116.290784,29.108969],[116.27105,29.102149],[116.262018,29.082513],[116.265307,29.066448],[116.273898,29.0462],[116.278217,29.025231],[116.274732,29.006956],[116.27051,29.001121],[116.249893,28.999414],[116.236884,28.991982],[116.234479,29.004369],[116.237817,29.012241],[116.236049,29.025727],[116.227901,29.034368],[116.191869,29.03866],[116.175227,29.045484],[116.165606,29.054344],[116.153235,29.074041],[116.142288,29.084493],[116.155199,29.103359],[116.173509,29.118098],[116.132519,29.122387],[116.111951,29.117768],[116.092757,29.119473],[116.086179,29.112764],[116.065659,29.116503],[116.018631,29.088563],[116.008421,29.099289],[116.003315,29.111334],[115.987852,29.089279],[115.980685,29.099729],[115.958005,29.096594],[115.937486,29.089664],[115.930024,29.093789],[115.915101,29.072115],[115.921385,29.060451],[115.914463,29.041852],[115.906019,29.03057],[115.886924,29.020057],[115.882702,29.008388],[115.866944,28.980969],[115.858304,28.969626],[115.838865,28.967092],[115.823549,28.970341],[115.819671,28.965715],[115.825905,28.946163],[115.825021,28.935972],[115.816578,28.930078],[115.815989,28.909527],[115.7992,28.899387],[115.777503,28.900379],[115.764199,28.892444],[115.756149,28.896246],[115.754185,28.90622],[115.740538,28.918838],[115.738378,28.92848],[115.726793,28.929967],[115.726302,28.920877],[115.719626,28.9168],[115.666364,28.928921],[115.664645,28.936633],[115.681876,28.943133],[115.68109,28.954976],[115.668425,28.943849],[115.660915,28.948752],[115.645157,28.942032],[115.635437,28.948642],[115.622968,28.95123],[115.619287,28.962852],[115.571228,28.971112],[115.54251,29.001011],[115.525329,29.014993],[115.512811,29.018461],[115.483603,29.010314],[115.475552,29.006186]]]]}},{"type":"Feature","properties":{"adcode":330200,"name":"宁波市","center":[121.549792,29.868388],"centroid":[121.479174,29.733017],"childrenNum":10,"level":"city","parent":{"adcode":330000},"subFeatureIndex":1,"acroutes":[100000,330000],"footprintId":"ningbo","footprintName":"宁波","footprintNameEn":"Ningbo","firstVisit":2018},"geometry":{"type":"MultiPolygon","coordinates":[[[[120.86702,30.271729],[120.893447,30.228843],[120.916233,30.188394],[120.92765,30.165215],[120.931194,30.146618],[120.939461,30.125723],[120.930455,30.115192],[120.93828,30.113021],[120.950141,30.091012],[120.959737,30.094537],[120.96766,30.089987],[120.973861,30.078305],[120.969924,30.07027],[120.98144,30.067359],[120.986656,30.054402],[120.992562,30.050425],[120.986509,30.044274],[120.990151,30.027787],[121.018202,30.010765],[121.039511,30.013923],[121.034737,30.003955],[121.038133,29.998704],[121.05142,30.006786],[121.064413,30.006827],[121.075781,30.001986],[121.082621,29.991072],[121.091627,29.987257],[121.085869,29.972648],[121.07647,29.970391],[121.066135,29.960829],[121.045072,29.955616],[121.042021,29.933203],[121.0308,29.918792],[121.031637,29.911073],[121.023172,29.897357],[121.016578,29.894934],[121.031096,29.874602],[121.060574,29.854143],[121.063133,29.859032],[121.077011,29.849007],[121.085771,29.849295],[121.10649,29.836228],[121.096499,29.815966],[121.104964,29.805485],[121.096007,29.797839],[121.092612,29.788959],[121.08208,29.778433],[121.055111,29.760669],[121.045515,29.76729],[121.033999,29.76877],[121.024796,29.763918],[121.03518,29.746439],[121.014954,29.741667],[121.010722,29.73525],[121.019727,29.723403],[121.035869,29.72114],[121.034787,29.715997],[121.009639,29.709003],[121.006785,29.698592],[121.01397,29.693119],[121.010229,29.68674],[120.992956,29.685259],[120.992414,29.675833],[121.017759,29.669742],[121.038428,29.675751],[121.054226,29.68567],[121.058802,29.683859],[121.068399,29.66686],[121.074895,29.66085],[121.074206,29.637259],[121.08774,29.628077],[121.101716,29.626265],[121.113281,29.613745],[121.110181,29.607444],[121.117562,29.605508],[121.105702,29.585447],[121.115643,29.586724],[121.120417,29.575601],[121.113478,29.56596],[121.112986,29.554834],[121.130948,29.554174],[121.140348,29.543006],[121.155702,29.54177],[121.169334,29.537112],[121.183557,29.538802],[121.20585,29.536947],[121.213183,29.530311],[121.225585,29.532908],[121.231539,29.51308],[121.216726,29.496795],[121.228488,29.490733],[121.219827,29.477785],[121.216972,29.452666],[121.224059,29.449242],[121.217514,29.439217],[121.209197,29.436742],[121.218252,29.421146],[121.215102,29.417267],[121.226815,29.414749],[121.231441,29.393825],[121.226421,29.384662],[121.230063,29.362658],[121.213134,29.353575],[121.20024,29.342384],[121.193399,29.341434],[121.194187,29.322189],[121.190742,29.312358],[121.201077,29.312482],[121.196992,29.303229],[121.180899,29.292033],[121.175289,29.278274],[121.179325,29.258727],[121.166824,29.258892],[121.158852,29.244756],[121.174403,29.223095],[121.164708,29.2116],[121.173517,29.20639],[121.202701,29.203578],[121.225338,29.203868],[121.233705,29.196797],[121.232966,29.186623],[121.238872,29.175745],[121.251028,29.163542],[121.253045,29.157172],[121.264364,29.1544],[121.257622,29.149311],[121.258754,29.129243],[121.256096,29.114055],[121.270713,29.11033],[121.271746,29.101803],[121.295221,29.092696],[121.298616,29.114593],[121.308213,29.11451],[121.316973,29.105653],[121.323813,29.117159],[121.336609,29.121959],[121.348715,29.135574],[121.345418,29.145173],[121.361904,29.173305],[121.356343,29.186044],[121.366924,29.189146],[121.378784,29.199236],[121.385378,29.196921],[121.403833,29.17864],[121.401225,29.160978],[121.407032,29.156882],[121.431048,29.159778],[121.450044,29.159612],[121.470517,29.147615],[121.484542,29.142856],[121.508361,29.140622],[121.529719,29.136277],[121.53592,29.139795],[121.555802,29.168961],[121.564267,29.173056],[121.60846,29.169127],[121.648814,29.150924],[121.715596,29.12498],[121.749947,29.136691],[121.768008,29.166686],[121.769386,29.148277],[121.780557,29.109626],[121.794238,29.105197],[121.811167,29.109916],[121.827014,29.101845],[121.842368,29.08835],[121.860036,29.086404],[121.884494,29.105446],[121.898077,29.103956],[121.909642,29.085866],[121.899406,29.076426],[121.903835,29.069056],[121.931591,29.070713],[121.935085,29.05183],[121.951621,29.04744],[121.966138,29.052866],[121.969829,29.075888],[121.984396,29.086942],[121.983314,29.091454],[121.968747,29.093028],[121.983363,29.101224],[121.98853,29.110992],[121.985381,29.137601],[121.979278,29.144842],[121.988284,29.149269],[121.98666,29.154855],[121.96043,29.170575],[121.949111,29.183314],[121.9373,29.182859],[121.948619,29.19324],[121.971896,29.193364],[121.977457,29.224087],[121.968008,29.243888],[121.968304,29.250006],[121.990991,29.260793],[122.001965,29.26009],[121.99852,29.266124],[122.000243,29.278811],[121.981099,29.2841],[121.967566,29.281414],[121.944829,29.284182],[121.940892,29.298271],[121.946552,29.316695],[121.958363,29.334373],[121.952064,29.344119],[121.935971,29.348124],[121.932231,29.353451],[121.938579,29.369512],[121.937693,29.384125],[121.945814,29.395311],[121.959642,29.407156],[121.975538,29.411159],[121.981493,29.429934],[121.991729,29.445942],[121.992074,29.461411],[121.973127,29.477991],[121.96668,29.506566],[121.968993,29.515595],[121.986414,29.541193],[121.995076,29.545108],[121.985774,29.563776],[121.987201,29.570616],[122.000292,29.58244],[121.999751,29.593686],[121.985381,29.606291],[121.966089,29.635859],[121.937595,29.642571],[121.923422,29.65167],[121.909593,29.650105],[121.893845,29.636559],[121.872486,29.632483],[121.858953,29.636601],[121.833559,29.653111],[121.863234,29.67925],[121.906443,29.719247],[121.925538,29.741256],[121.937595,29.748536],[121.959199,29.750017],[122.003146,29.762273],[122.015991,29.771936],[122.037595,29.813747],[122.04857,29.826036],[122.08479,29.844528],[122.102212,29.859649],[122.135922,29.872261],[122.143058,29.877724],[122.140155,29.901751],[122.11673,29.909964],[122.096257,29.905036],[122.080115,29.892634],[122.00979,29.891114],[122.003442,29.898999],[122.0029,29.923186],[121.994534,29.934599],[121.984396,29.937637],[121.981739,29.947037],[121.968008,29.956519],[121.9529,29.950732],[121.927113,29.931151],[121.919534,29.920804],[121.901817,29.923678],[121.859986,29.944],[121.835183,29.957956],[121.814366,29.974331],[121.784051,29.993493],[121.771453,29.99497],[121.724996,29.992221],[121.69975,30.008016],[121.667466,30.048867],[121.653096,30.071131],[121.63533,30.069819],[121.626029,30.07769],[121.619927,30.088512],[121.61471,30.108308],[121.591678,30.143546],[121.561462,30.184176],[121.527554,30.224913],[121.49778,30.258595],[121.476274,30.279421],[121.452701,30.298565],[121.395073,30.338437],[121.371894,30.370894],[121.328046,30.397131],[121.278784,30.405057],[121.225486,30.404649],[121.183212,30.434348],[121.119236,30.48976],[121.099501,30.443661],[121.086952,30.397131],[121.06018,30.376371],[121.040102,30.352868],[121.032572,30.337006],[121.01392,30.323635],[120.99517,30.319914],[120.954373,30.306418],[120.916036,30.285762],[120.86702,30.271729]]],[[[122.026375,29.178351],[122.013383,29.151504],[122.027605,29.155806],[122.037645,29.151959],[122.039859,29.163253],[122.056739,29.158454],[122.06791,29.165611],[122.074505,29.178144],[122.063235,29.174008],[122.049013,29.175083],[122.044534,29.1841],[122.057576,29.188939],[122.050095,29.193488],[122.056198,29.200518],[122.036217,29.207383],[122.031247,29.196342],[122.037005,29.190552],[122.029771,29.187367],[122.040843,29.17955],[122.026375,29.178351]]],[[[122.231297,28.859829],[122.238679,28.853315],[122.243797,28.861322],[122.231297,28.859829]]],[[[122.181936,29.407693],[122.190204,29.415905],[122.205362,29.418092],[122.207921,29.429645],[122.223866,29.428366],[122.22485,29.438392],[122.21112,29.44095],[122.199358,29.436247],[122.197242,29.425478],[122.187497,29.421806],[122.179771,29.424694],[122.181936,29.407693]]],[[[121.790892,29.082264],[121.791089,29.074232],[121.808559,29.059243],[121.817319,29.063052],[121.82352,29.051043],[121.832329,29.050381],[121.838628,29.057752],[121.840941,29.081519],[121.831591,29.095015],[121.820272,29.099402],[121.793795,29.099444],[121.788677,29.094601],[121.790892,29.082264]]],[[[122.184299,29.460627],[122.183216,29.455595],[122.194141,29.45345],[122.19483,29.465453],[122.184299,29.460627]]],[[[122.026473,29.621859],[122.022389,29.620211],[122.025686,29.604314],[122.037645,29.613457],[122.033855,29.624741],[122.026473,29.621859]]],[[[122.258807,28.886586],[122.267321,28.880364],[122.267025,28.886835],[122.258807,28.886586]]],[[[121.983461,29.227808],[121.991089,29.221441],[122.001818,29.221441],[121.993451,29.227808],[121.983461,29.227808]]],[[[121.980705,29.472671],[121.990843,29.467845],[121.987792,29.474898],[121.980705,29.472671]]],[[[121.976178,29.501124],[121.983806,29.497042],[121.984741,29.503886],[122.004574,29.500299],[122.004967,29.503763],[121.989908,29.510071],[121.976178,29.501124]]],[[[121.952064,29.187616],[121.951719,29.183107],[121.971404,29.163294],[121.983511,29.165404],[121.981788,29.175911],[121.971601,29.185093],[121.975636,29.192123],[121.952064,29.187616]]],[[[121.930459,29.036051],[121.940991,29.03369],[121.954524,29.043961],[121.948766,29.047233],[121.931,29.041394],[121.930459,29.036051]]],[[[122.006641,29.234877],[122.00103,29.227394],[122.008609,29.222971],[122.013826,29.23281],[122.006641,29.234877]]],[[[122.001621,29.410416],[122.003835,29.405051],[122.016286,29.404185],[122.018944,29.409674],[122.001621,29.410416]]],[[[121.981444,29.332638],[121.978688,29.340485],[121.985135,29.348454],[121.970223,29.340856],[121.981444,29.332638]]],[[[122.178295,29.406001],[122.173866,29.399769],[122.184348,29.399604],[122.178295,29.406001]]],[[[122.009987,29.902654],[122.02165,29.901546],[122.02416,29.909594],[122.011513,29.917027],[122.005312,29.913044],[122.009987,29.902654]]],[[[122.006247,29.899574],[122.014367,29.892634],[122.017221,29.900806],[122.006247,29.899574]]]]}},{"type":"Feature","properties":{"adcode":370200,"name":"青岛市","center":[120.355173,36.082982],"centroid":[120.150883,36.451227],"childrenNum":10,"level":"city","parent":{"adcode":370000},"subFeatureIndex":1,"acroutes":[100000,370000],"footprintId":"qingdao","footprintName":"青岛","footprintNameEn":"Qingdao","firstVisit":2019},"geometry":{"type":"MultiPolygon","coordinates":[[[[120.850108,36.612271],[120.786223,36.589663],[120.779747,36.591551],[120.777062,36.600546],[120.765533,36.607011],[120.757557,36.606088],[120.751556,36.615042],[120.725733,36.624436],[120.708281,36.621385],[120.70836,36.612914],[120.699121,36.60665],[120.702991,36.598338],[120.679695,36.589181],[120.665402,36.587454],[120.664059,36.583478],[120.637763,36.574199],[120.635947,36.597775],[120.643449,36.613436],[120.644712,36.626524],[120.657426,36.626644],[120.660585,36.647998],[120.648977,36.655863],[120.652135,36.663327],[120.642027,36.666095],[120.627339,36.659836],[120.625128,36.671231],[120.631446,36.673357],[120.619206,36.681541],[120.616521,36.689764],[120.589751,36.694497],[120.586118,36.698829],[120.596542,36.708052],[120.58525,36.728501],[120.584065,36.735236],[120.562586,36.736479],[120.560375,36.742492],[120.546397,36.744616],[120.544502,36.76213],[120.540791,36.7679],[120.5554,36.778718],[120.56377,36.795343],[120.563454,36.802953],[120.590382,36.801552],[120.601517,36.804996],[120.612336,36.829223],[120.609809,36.832906],[120.589751,36.838791],[120.58754,36.843635],[120.595989,36.852681],[120.588408,36.859045],[120.57988,36.858885],[120.576642,36.879894],[120.592909,36.882134],[120.622838,36.890856],[120.622838,36.907377],[120.617389,36.911136],[120.592909,36.912216],[120.574984,36.927053],[120.571114,36.948682],[120.563218,36.95172],[120.560296,36.960674],[120.566534,36.96559],[120.568508,36.983293],[120.574036,36.987568],[120.575931,36.999074],[120.582328,37.001791],[120.593857,36.991244],[120.606413,37.001192],[120.601754,37.012696],[120.613915,37.023839],[120.606176,37.047157],[120.586513,37.048515],[120.58446,37.058136],[120.570877,37.046399],[120.558953,37.047437],[120.549793,37.041288],[120.541738,37.044163],[120.533289,37.053944],[120.539843,37.060371],[120.536368,37.081963],[120.547661,37.113003],[120.542528,37.128677],[120.527998,37.136733],[120.527129,37.143352],[120.517258,37.148974],[120.506834,37.148854],[120.505729,37.143551],[120.493805,37.1345],[120.493015,37.126723],[120.478643,37.124211],[120.462928,37.115157],[120.440265,37.122655],[120.439475,37.116912],[120.415153,37.110569],[120.407098,37.112803],[120.412942,37.103149],[120.408914,37.09517],[120.398096,37.096447],[120.388225,37.104227],[120.369667,37.104626],[120.362244,37.100477],[120.357822,37.084357],[120.348583,37.077094],[120.34574,37.087789],[120.336343,37.092058],[120.336896,37.104267],[120.331684,37.111966],[120.320628,37.10654],[120.315337,37.113043],[120.300176,37.119584],[120.303413,37.130153],[120.280828,37.13111],[120.264087,37.114718],[120.245688,37.118906],[120.236606,37.125965],[120.231237,37.106301],[120.229894,37.089544],[120.220497,37.08711],[120.214101,37.07019],[120.21647,37.056699],[120.205335,37.038374],[120.193411,37.034261],[120.189621,37.038094],[120.180697,37.032544],[120.173037,37.034421],[120.166404,37.025795],[120.167273,37.017968],[120.159929,37.013375],[120.142319,37.015292],[120.138134,37.022201],[120.123051,37.01645],[120.101571,37.014293],[120.09249,37.017928],[120.049374,37.020045],[120.035238,36.998395],[120.024104,36.999913],[120.002309,37.013494],[119.993543,37.012176],[119.980198,37.018088],[119.975618,37.011098],[119.961561,37.013654],[119.949716,37.006185],[119.939608,37.004108],[119.923341,36.993961],[119.902257,36.9948],[119.900045,36.997556],[119.85148,37.002031],[119.829606,37.002031],[119.820209,36.999594],[119.804968,37.013814],[119.771881,37.006984],[119.769906,36.996597],[119.750559,36.990844],[119.743057,36.992483],[119.731133,36.988487],[119.722289,36.993401],[119.716998,37.007144],[119.681699,36.998475],[119.66251,37.008262],[119.629344,37.01621],[119.61971,37.012895],[119.619078,37.017848],[119.60976,37.013894],[119.604548,36.996038],[119.598072,36.989406],[119.5837,36.950441],[119.599968,36.920614],[119.599652,36.878253],[119.597757,36.857244],[119.56767,36.805717],[119.563721,36.802753],[119.550613,36.80868],[119.539162,36.799949],[119.539162,36.787732],[119.532766,36.78008],[119.530555,36.765256],[119.534977,36.743333],[119.547059,36.725454],[119.561036,36.720884],[119.567433,36.713065],[119.579831,36.711581],[119.587412,36.696101],[119.596651,36.689884],[119.607154,36.667379],[119.61355,36.66453],[119.617025,36.652532],[119.625079,36.638807],[119.651297,36.623633],[119.670328,36.616246],[119.681857,36.606891],[119.701125,36.602634],[119.730107,36.581027],[119.72758,36.562749],[119.74748,36.571788],[119.755929,36.565521],[119.784516,36.554673],[119.798019,36.551619],[119.826763,36.54101],[119.917576,36.525858],[119.920261,36.522079],[119.923025,36.495464],[119.936687,36.496389],[119.936292,36.511507],[119.951375,36.519788],[119.971985,36.522441],[119.974749,36.515688],[119.997571,36.504431],[120.010364,36.509255],[120.004204,36.489512],[120.010758,36.484445],[120.004125,36.477447],[120.006889,36.468799],[120.012812,36.467833],[120.011864,36.454236],[119.996623,36.446309],[119.994175,36.450333],[119.968432,36.450051],[119.953981,36.444217],[119.949795,36.446511],[119.935976,36.427436],[119.933923,36.42007],[119.925236,36.419346],[119.926421,36.403324],[119.941425,36.39503],[119.945452,36.384682],[119.936371,36.380655],[119.93029,36.385165],[119.909837,36.384359],[119.90431,36.38154],[119.904784,36.369942],[119.895939,36.34827],[119.896966,36.334047],[119.891991,36.318773],[119.865379,36.308898],[119.862773,36.302368],[119.854402,36.302328],[119.848795,36.292692],[119.83387,36.278822],[119.82929,36.258859],[119.820446,36.257367],[119.82092,36.244499],[119.808048,36.232839],[119.819498,36.211856],[119.828816,36.210685],[119.823131,36.19894],[119.831738,36.180612],[119.82242,36.177987],[119.821315,36.171285],[119.81326,36.175242],[119.813023,36.167691],[119.792333,36.171648],[119.782778,36.165308],[119.772354,36.167691],[119.748111,36.158645],[119.733818,36.163572],[119.732792,36.172536],[119.723473,36.175565],[119.691728,36.176292],[119.681305,36.18045],[119.671039,36.177866],[119.660852,36.154122],[119.649954,36.137157],[119.651218,36.130531],[119.643716,36.127178],[119.657614,36.108631],[119.657061,36.100872],[119.632187,36.091535],[119.633608,36.067683],[119.666695,36.062993],[119.675698,36.064085],[119.695677,36.053045],[119.704126,36.055269],[119.717314,36.044229],[119.706495,36.028292],[119.681068,36.012068],[119.689122,36.000212],[119.684858,35.982648],[119.690149,35.963702],[119.701757,35.944469],[119.701362,35.923732],[119.716208,35.927337],[119.721262,35.906718],[119.727738,35.902544],[119.738003,35.873123],[119.736898,35.86303],[119.72221,35.865138],[119.725211,35.856746],[119.71834,35.853138],[119.704047,35.863962],[119.68699,35.861814],[119.676014,35.842515],[119.664326,35.841015],[119.649796,35.845191],[119.629344,35.833878],[119.622631,35.816114],[119.612445,35.812707],[119.60897,35.799279],[119.617972,35.789623],[119.611576,35.776597],[119.596256,35.773756],[119.591992,35.753218],[119.605495,35.747454],[119.627843,35.722077],[119.624685,35.712817],[119.614182,35.716675],[119.601231,35.709446],[119.588833,35.715701],[119.576988,35.71237],[119.566485,35.714523],[119.560563,35.721752],[119.545085,35.726747],[119.527317,35.723214],[119.525422,35.730604],[119.517762,35.723742],[119.521079,35.716879],[119.518473,35.700632],[119.51484,35.697992],[119.519105,35.68552],[119.528265,35.674305],[119.524474,35.632279],[119.517762,35.625774],[119.518157,35.615446],[119.536872,35.606011],[119.538215,35.589294],[119.556535,35.592508],[119.57762,35.586243],[119.592308,35.600683],[119.600599,35.590271],[119.609286,35.59202],[119.614972,35.606336],[119.634713,35.598731],[119.651455,35.588766],[119.662115,35.589294],[119.682173,35.590027],[119.717946,35.615649],[119.729949,35.618943],[119.751349,35.617845],[119.752849,35.588684],[119.762483,35.578351],[119.76967,35.577212],[119.780172,35.58486],[119.786174,35.576073],[119.800862,35.581891],[119.792649,35.59385],[119.800467,35.59869],[119.802994,35.609183],[119.792649,35.615446],[119.802204,35.620244],[119.800625,35.626465],[119.818472,35.63858],[119.824315,35.646304],[119.829606,35.643702],[119.831422,35.618333],[119.844768,35.623619],[119.851717,35.622074],[119.868379,35.608817],[119.877619,35.610972],[119.894597,35.628742],[119.902493,35.63297],[119.925157,35.63736],[119.927921,35.65045],[119.912285,35.660651],[119.910864,35.674305],[119.923894,35.696529],[119.94482,35.705506],[119.952954,35.713142],[119.953349,35.72561],[119.949321,35.729873],[119.930369,35.728899],[119.920735,35.737548],[119.924841,35.758252],[119.937081,35.763407],[119.959982,35.759104],[119.969932,35.749078],[119.967879,35.74108],[119.978461,35.739496],[119.986041,35.729711],[119.981224,35.715335],[120.001519,35.720209],[120.011074,35.713223],[120.020235,35.722239],[120.031369,35.752244],[120.037529,35.753908],[120.03745,35.763041],[120.043135,35.776759],[120.049453,35.782278],[120.041319,35.799198],[120.033264,35.806013],[120.036423,35.824753],[120.062798,35.87134],[120.07875,35.885768],[120.084041,35.880378],[120.102203,35.881918],[120.118392,35.888524],[120.123998,35.895291],[120.12542,35.906718],[120.135843,35.905421],[120.142714,35.909392],[120.141924,35.919438],[120.147768,35.907852],[120.15677,35.909149],[120.167983,35.918426],[120.179276,35.936653],[120.207862,35.947344],[120.210784,35.938435],[120.194438,35.93402],[120.184172,35.915671],[120.172169,35.904408],[120.169405,35.888565],[120.185198,35.88747],[120.202098,35.89205],[120.204388,35.910404],[120.209284,35.917616],[120.222076,35.924947],[120.233132,35.941553],[120.246477,35.947466],[120.251531,35.95937],[120.261718,35.965484],[120.284619,35.965565],[120.305072,35.97184],[120.316522,36.002155],[120.309494,36.014132],[120.291173,36.017611],[120.27459,36.004664],[120.278775,35.996368],[120.271273,35.99394],[120.265588,36.001062],[120.254927,35.980826],[120.247662,35.982567],[120.248768,35.992078],[120.256427,36.005433],[120.265509,36.014011],[120.25698,36.024813],[120.244977,36.020444],[120.213232,35.998351],[120.19886,35.99572],[120.223577,36.016398],[120.223656,36.022385],[120.23479,36.030638],[120.230605,36.044916],[120.24095,36.047828],[120.241345,36.060445],[120.231868,36.063842],[120.19499,36.064206],[120.181645,36.066511],[120.173906,36.077225],[120.161903,36.082682],[120.152111,36.095254],[120.116891,36.102852],[120.116023,36.114046],[120.1086,36.12742],[120.128105,36.129723],[120.142556,36.143539],[120.140345,36.173304],[120.164351,36.188767],[120.181566,36.203945],[120.20723,36.211613],[120.217338,36.211412],[120.224445,36.19131],[120.235027,36.189211],[120.244819,36.199384],[120.260929,36.198415],[120.262982,36.182267],[120.276564,36.185699],[120.28075,36.17932],[120.291489,36.185941],[120.310283,36.185295],[120.313205,36.196316],[120.29828,36.203783],[120.293305,36.219241],[120.297412,36.225455],[120.319997,36.232234],[120.336896,36.213954],[120.35877,36.200312],[120.369509,36.177745],[120.358217,36.174757],[120.356953,36.166076],[120.347004,36.155818],[120.333658,36.134652],[120.326235,36.111662],[120.317549,36.108106],[120.312653,36.100185],[120.311231,36.087614],[120.30136,36.071282],[120.290147,36.060526],[120.286119,36.047181],[120.297649,36.045361],[120.296069,36.052439],[120.307993,36.050214],[120.315969,36.059677],[120.324814,36.059515],[120.324577,36.051104],[120.337527,36.054986],[120.342897,36.05167],[120.337922,36.044633],[120.345661,36.043541],[120.35798,36.04892],[120.365166,36.041398],[120.371089,36.044835],[120.37022,36.053409],[120.389172,36.059394],[120.38783,36.051711],[120.404413,36.051589],[120.415311,36.057413],[120.42226,36.054986],[120.437185,36.0655],[120.441923,36.063236],[120.449662,36.07302],[120.467587,36.087169],[120.479827,36.091656],[120.497832,36.08624],[120.526261,36.093435],[120.547345,36.092141],[120.552241,36.097881],[120.547187,36.10952],[120.567087,36.105964],[120.573325,36.114248],[120.580827,36.111419],[120.579248,36.103943],[120.599859,36.101801],[120.607834,36.107217],[120.612099,36.117521],[120.621259,36.119259],[120.632235,36.113319],[120.650951,36.117885],[120.672667,36.129844],[120.695647,36.123744],[120.71223,36.126572],[120.719811,36.13441],[120.716257,36.142085],[120.705439,36.139702],[120.704333,36.152344],[120.698332,36.158887],[120.707018,36.159331],[120.707255,36.165066],[120.697147,36.168579],[120.693041,36.190624],[120.696752,36.204026],[120.689171,36.230176],[120.681038,36.238932],[120.689724,36.251437],[120.685855,36.260231],[120.686249,36.279104],[120.677326,36.281443],[120.659716,36.27483],[120.65482,36.27983],[120.656005,36.28862],[120.665718,36.29749],[120.66635,36.309342],[120.656005,36.322158],[120.663033,36.33179],[120.692093,36.325544],[120.707966,36.328929],[120.73821,36.32373],[120.744449,36.328163],[120.739632,36.3386],[120.729603,36.349801],[120.72676,36.359831],[120.716494,36.360516],[120.709703,36.368089],[120.700385,36.37123],[120.694383,36.390158],[120.71144,36.408678],[120.72597,36.413912],[120.726997,36.422928],[120.736868,36.432829],[120.751003,36.431299],[120.760084,36.434559],[120.761664,36.443211],[120.756768,36.458098],[120.759453,36.462604],[120.828471,36.466627],[120.843001,36.457736],[120.842369,36.441601],[120.838342,36.436974],[120.858952,36.424578],[120.859505,36.412422],[120.851134,36.406021],[120.854925,36.381903],[120.87443,36.373244],[120.872061,36.367001],[120.895909,36.376104],[120.891645,36.389675],[120.903332,36.406142],[120.918415,36.418742],[120.927812,36.410047],[120.935077,36.421036],[120.925522,36.419909],[120.91881,36.425383],[120.917388,36.435364],[120.907833,36.445987],[120.920152,36.455201],[120.934524,36.454678],[120.938315,36.44812],[120.947238,36.449287],[120.952371,36.459184],[120.963585,36.464334],[120.967691,36.47797],[120.954977,36.489311],[120.95861,36.498721],[120.954345,36.507567],[120.962716,36.519225],[120.983958,36.540809],[120.983326,36.545913],[120.969349,36.559495],[120.962163,36.562789],[120.936341,36.56532],[120.923785,36.572029],[120.91265,36.568414],[120.893382,36.57918],[120.891961,36.58898],[120.884854,36.60143],[120.86598,36.605606],[120.850108,36.612271]]],[[[120.584381,36.096183],[120.579485,36.091535],[120.595042,36.090282],[120.587461,36.099457],[120.584381,36.096183]]],[[[120.990039,36.413348],[120.978115,36.428643],[120.969823,36.431581],[120.9639,36.424618],[120.948502,36.421117],[120.950318,36.414757],[120.963663,36.41363],[120.981431,36.417494],[120.990039,36.413348]]],[[[121.004253,36.488306],[120.989881,36.492367],[120.988538,36.485249],[121.004253,36.488306]]],[[[120.877352,35.89359],[120.875377,35.888443],[120.888802,35.897277],[120.877352,35.89359]]],[[[119.73524,35.595762],[119.741873,35.583884],[119.743689,35.591328],[119.738872,35.599666],[119.73524,35.595762]]],[[[120.158823,35.76499],[120.155428,35.751838],[120.158665,35.744896],[120.173037,35.741405],[120.187962,35.748712],[120.192858,35.757156],[120.184725,35.766978],[120.180539,35.788649],[120.17209,35.785727],[120.158823,35.76499]]],[[[120.775088,36.237963],[120.76806,36.230701],[120.777457,36.222308],[120.775088,36.237963]]]]}},{"type":"Feature","properties":{"adcode":331000,"name":"台州市","center":[121.428599,28.661378],"centroid":[121.136679,28.757098],"childrenNum":9,"level":"city","parent":{"adcode":330000},"subFeatureIndex":9,"acroutes":[100000,330000],"footprintId":"taizhou-zj","footprintName":"台州","footprintNameEn":"Taizhou","firstVisit":2019},"geometry":{"type":"MultiPolygon","coordinates":[[[[121.60846,29.169127],[121.564267,29.173056],[121.555802,29.168961],[121.53592,29.139795],[121.529719,29.136277],[121.508361,29.140622],[121.484542,29.142856],[121.470517,29.147615],[121.450044,29.159612],[121.431048,29.159778],[121.407032,29.156882],[121.401225,29.160978],[121.403833,29.17864],[121.385378,29.196921],[121.378784,29.199236],[121.366924,29.189146],[121.356343,29.186044],[121.361904,29.173305],[121.345418,29.145173],[121.348715,29.135574],[121.336609,29.121959],[121.323813,29.117159],[121.316973,29.105653],[121.308213,29.11451],[121.298616,29.114593],[121.295221,29.092696],[121.271746,29.101803],[121.270713,29.11033],[121.256096,29.114055],[121.258754,29.129243],[121.257622,29.149311],[121.264364,29.1544],[121.253045,29.157172],[121.251028,29.163542],[121.238872,29.175745],[121.232966,29.186623],[121.233705,29.196797],[121.225338,29.203868],[121.202701,29.203578],[121.173517,29.20639],[121.164708,29.2116],[121.174403,29.223095],[121.158852,29.244756],[121.166824,29.258892],[121.179325,29.258727],[121.175289,29.278274],[121.180899,29.292033],[121.196992,29.303229],[121.201077,29.312482],[121.190742,29.312358],[121.194187,29.322189],[121.180456,29.32921],[121.175092,29.323097],[121.163084,29.325039],[121.160574,29.340154],[121.149846,29.330903],[121.133704,29.338337],[121.122041,29.336396],[121.117956,29.33111],[121.120368,29.318719],[121.117513,29.304509],[121.096155,29.305707],[121.099501,29.317893],[121.074698,29.322106],[121.056539,29.322891],[121.04084,29.309549],[121.024009,29.308103],[121.020515,29.317728],[121.005554,29.319421],[120.990889,29.309219],[120.964806,29.306327],[120.956883,29.282447],[120.942611,29.289595],[120.928093,29.291702],[120.915347,29.303311],[120.904225,29.295462],[120.903782,29.276042],[120.891627,29.270009],[120.890692,29.260462],[120.897335,29.253478],[120.900042,29.240788],[120.882227,29.239217],[120.867266,29.24455],[120.862148,29.252362],[120.853634,29.253519],[120.838428,29.237895],[120.82391,29.229503],[120.806144,29.234009],[120.776518,29.225079],[120.783063,29.221193],[120.773171,29.205687],[120.77824,29.19965],[120.759884,29.189022],[120.749648,29.176035],[120.731095,29.164494],[120.712295,29.143767],[120.722187,29.130236],[120.734441,29.13127],[120.746843,29.122911],[120.736606,29.11331],[120.723614,29.119145],[120.709884,29.098409],[120.701222,29.097457],[120.694382,29.086942],[120.704864,29.075888],[120.702207,29.060195],[120.691626,29.052079],[120.70073,29.044334],[120.693151,29.040565],[120.701714,29.022713],[120.713575,29.035264],[120.724451,29.023873],[120.720317,29.012356],[120.72824,29.009829],[120.72952,28.99711],[120.72199,28.995245],[120.726665,28.98128],[120.717315,28.973779],[120.69886,28.972992],[120.696695,28.980037],[120.677699,28.977302],[120.673319,28.973158],[120.673417,28.959895],[120.659638,28.937136],[120.664953,28.923786],[120.663771,28.916488],[120.64699,28.90048],[120.619086,28.895628],[120.60447,28.890692],[120.590051,28.881111],[120.579962,28.869371],[120.56323,28.861696],[120.542757,28.867048],[120.533604,28.866301],[120.533948,28.879534],[120.525484,28.878663],[120.514706,28.890734],[120.509982,28.874888],[120.494972,28.86601],[120.502206,28.857215],[120.498466,28.849207],[120.486802,28.846012],[120.481143,28.828167],[120.473909,28.839206],[120.441773,28.841406],[120.426713,28.831985],[120.415099,28.822315],[120.408111,28.806626],[120.409883,28.798572],[120.40068,28.785494],[120.386064,28.787114],[120.368987,28.763861],[120.369971,28.740893],[120.362934,28.734538],[120.347481,28.730218],[120.343101,28.721909],[120.351861,28.723986],[120.355503,28.712187],[120.349499,28.704334],[120.331585,28.701301],[120.324056,28.686341],[120.32253,28.6698],[120.336211,28.654378],[120.357471,28.646853],[120.356733,28.637665],[120.349745,28.633008],[120.353288,28.626896],[120.368839,28.618205],[120.371644,28.606394],[120.381733,28.599864],[120.3807,28.581852],[120.371152,28.573615],[120.361359,28.580188],[120.349597,28.574198],[120.332963,28.580563],[120.322481,28.573449],[120.326221,28.56388],[120.322087,28.554143],[120.311556,28.557639],[120.290935,28.539037],[120.292658,28.511983],[120.304223,28.506988],[120.313376,28.522181],[120.324252,28.512358],[120.336802,28.509236],[120.341034,28.49633],[120.36628,28.499785],[120.379715,28.498037],[120.387786,28.479467],[120.398957,28.465017],[120.405995,28.480425],[120.419135,28.491875],[120.414952,28.496871],[120.414952,28.512358],[120.422186,28.522223],[120.422727,28.533627],[120.430503,28.534293],[120.434145,28.553727],[120.4307,28.568165],[120.441871,28.573324],[120.446349,28.584307],[120.471891,28.586928],[120.493495,28.577776],[120.501566,28.56001],[120.524056,28.55535],[120.528781,28.548359],[120.541232,28.543365],[120.549204,28.533585],[120.554716,28.535958],[120.567856,28.531879],[120.572236,28.537498],[120.583358,28.530797],[120.598811,28.53396],[120.624303,28.533377],[120.627157,28.547402],[120.621202,28.55639],[120.631291,28.564005],[120.640002,28.557847],[120.649647,28.563006],[120.63946,28.577443],[120.653043,28.585014],[120.669234,28.579606],[120.687344,28.582476],[120.701026,28.592751],[120.70201,28.606352],[120.709096,28.611509],[120.729372,28.603773],[120.743496,28.611592],[120.757817,28.604314],[120.758703,28.591586],[120.782916,28.590547],[120.793644,28.583766],[120.798713,28.588758],[120.798221,28.576528],[120.802601,28.572201],[120.825829,28.566335],[120.829225,28.555558],[120.843054,28.542034],[120.83267,28.524595],[120.845071,28.514189],[120.854323,28.515313],[120.86953,28.491167],[120.894481,28.485546],[120.91082,28.48921],[120.914412,28.495997],[120.92765,28.505031],[120.944776,28.503449],[120.954028,28.498911],[120.954471,28.509027],[120.962198,28.509027],[120.95767,28.494831],[120.965593,28.482965],[120.98705,28.481715],[120.99517,28.473346],[121.002946,28.478717],[121.01771,28.478592],[121.025436,28.472763],[121.036115,28.481715],[121.049895,28.478259],[121.070417,28.480341],[121.076864,28.484089],[121.078734,28.495331],[121.085131,28.500993],[121.088182,28.51727],[121.104816,28.537289],[121.121352,28.532503],[121.129866,28.521723],[121.145565,28.523929],[121.156736,28.520475],[121.16958,28.505905],[121.180949,28.478343],[121.195171,28.473012],[121.19463,28.467099],[121.209098,28.458853],[121.206096,28.455979],[121.214413,28.43836],[121.226815,28.435569],[121.222829,28.422029],[121.236165,28.422696],[121.25772,28.408113],[121.251274,28.405279],[121.246155,28.385776],[121.227553,28.384818],[121.222041,28.372897],[121.204866,28.368437],[121.21589,28.351512],[121.205949,28.318654],[121.173911,28.277485],[121.155358,28.274064],[121.147385,28.263132],[121.146401,28.236133],[121.136805,28.168583],[121.123271,28.148117],[121.108409,28.139011],[121.121106,28.125266],[121.135279,28.070522],[121.13587,28.050581],[121.140988,28.031389],[121.149797,28.025284],[121.176175,28.022315],[121.238675,28.028838],[121.261165,28.034442],[121.282278,28.054636],[121.297829,28.06446],[121.307425,28.088494],[121.310083,28.110726],[121.328144,28.134165],[121.33774,28.135961],[121.343154,28.127397],[121.361215,28.126144],[121.37214,28.131282],[121.3778,28.150289],[121.391333,28.159102],[121.402357,28.197311],[121.419581,28.218018],[121.446402,28.238595],[121.456048,28.250322],[121.459739,28.271853],[121.477652,28.284327],[121.488774,28.301429],[121.499306,28.305934],[121.525979,28.303598],[121.564365,28.28804],[121.571452,28.279404],[121.571944,28.258709],[121.579523,28.24185],[121.624208,28.250489],[121.634297,28.259461],[121.637053,28.269767],[121.649011,28.278319],[121.645665,28.296674],[121.656935,28.318613],[121.669336,28.333375],[121.672633,28.347801],[121.666433,28.344091],[121.66033,28.355639],[121.635871,28.347468],[121.63656,28.359558],[121.646403,28.365102],[121.658854,28.378441],[121.658903,28.392403],[121.687151,28.400904],[121.692761,28.407321],[121.691826,28.418446],[121.681935,28.440318],[121.664513,28.444858],[121.671108,28.472596],[121.667811,28.485713],[121.652653,28.502616],[121.64222,28.520808],[121.63907,28.549108],[121.634247,28.562715],[121.615054,28.571743],[121.596157,28.575238],[121.586216,28.586553],[121.568844,28.626563],[121.557082,28.644982],[121.540842,28.655583],[121.587397,28.67221],[121.646305,28.682809],[121.679129,28.698891],[121.689415,28.719167],[121.694582,28.772872],[121.70472,28.804633],[121.702899,28.825262],[121.69222,28.855265],[121.687348,28.863355],[121.660084,28.869661],[121.668352,28.872939],[121.704228,28.863646],[121.738677,28.856592],[121.759051,28.85597],[121.774602,28.863895],[121.776423,28.879783],[121.772043,28.898365],[121.743352,28.954257],[121.718352,28.970422],[121.711265,28.986005],[121.71535,29.012274],[121.712643,29.028926],[121.699454,29.039985],[121.658952,29.058497],[121.651915,29.075888],[121.65536,29.092738],[121.661511,29.106108],[121.659936,29.118359],[121.616531,29.143518],[121.60846,29.169127]]],[[[121.84911,28.733666],[121.846797,28.729055],[121.859642,28.727891],[121.865547,28.721992],[121.873077,28.727518],[121.866089,28.738027],[121.880508,28.748702],[121.893008,28.752108],[121.896109,28.757341],[121.909544,28.761867],[121.893008,28.762532],[121.875833,28.749034],[121.851177,28.748868],[121.846994,28.741433],[121.855557,28.736075],[121.84911,28.733666]]],[[[121.749651,28.69058],[121.75226,28.683349],[121.768254,28.690746],[121.778687,28.687629],[121.781689,28.680066],[121.794041,28.679608],[121.800045,28.695317],[121.808559,28.699431],[121.801571,28.702423],[121.790006,28.690913],[121.772732,28.694195],[121.780508,28.699182],[121.765252,28.705124],[121.761856,28.689333],[121.749651,28.69058]]],[[[121.387347,28.119292],[121.401569,28.122968],[121.401323,28.129862],[121.387347,28.119292]]],[[[121.919928,28.707285],[121.920617,28.704916],[121.942664,28.720663],[121.916581,28.717215],[121.919928,28.707285]]],[[[121.837349,28.770505],[121.843254,28.770629],[121.862693,28.78209],[121.865498,28.799361],[121.872388,28.807871],[121.861561,28.813765],[121.850734,28.808286],[121.857034,28.803637],[121.852949,28.793092],[121.844386,28.788816],[121.850538,28.784747],[121.837349,28.770505]]],[[[121.687397,28.384526],[121.686118,28.374648],[121.69532,28.381317],[121.687397,28.384526]]],[[[121.889563,28.471513],[121.908313,28.479092],[121.918943,28.497371],[121.899455,28.500701],[121.896994,28.514231],[121.8873,28.511359],[121.880065,28.501909],[121.87037,28.500035],[121.871305,28.49429],[121.883658,28.495456],[121.883116,28.484089],[121.874111,28.47701],[121.876128,28.472554],[121.889563,28.471513]]],[[[121.678588,28.278319],[121.688775,28.273939],[121.686413,28.2895],[121.677604,28.285954],[121.678588,28.278319]]],[[[121.410674,28.079425],[121.410526,28.101617],[121.400831,28.092506],[121.40718,28.089873],[121.404227,28.077627],[121.410674,28.079425]]],[[[121.869534,28.423946],[121.88602,28.433986],[121.893451,28.430278],[121.910823,28.440068],[121.920617,28.45273],[121.889711,28.451189],[121.871256,28.433111],[121.869534,28.423946]]],[[[121.687397,29.09667],[121.697092,29.094062],[121.691777,29.11124],[121.681885,29.109336],[121.687397,29.09667]]],[[[121.695271,29.088474],[121.694385,29.084707],[121.710084,29.082719],[121.695271,29.088474]]],[[[121.672633,29.062224],[121.665842,29.059615],[121.680507,29.054688],[121.672633,29.062224]]],[[[121.67908,28.371063],[121.687348,28.366269],[121.688431,28.373064],[121.67908,28.371063]]],[[[121.851227,28.423487],[121.860872,28.426737],[121.855607,28.431819],[121.851227,28.423487]]],[[[121.634592,28.225448],[121.644828,28.222985],[121.644927,28.232836],[121.634592,28.225448]]],[[[121.502062,28.072235],[121.511068,28.077084],[121.516137,28.087199],[121.527111,28.086363],[121.532279,28.093426],[121.528834,28.101742],[121.504867,28.085736],[121.502062,28.072235]]],[[[121.346353,28.087784],[121.356786,28.089121],[121.372091,28.099903],[121.373961,28.10989],[121.359443,28.098065],[121.345565,28.096059],[121.346353,28.087784]]],[[[121.81727,28.610428],[121.803933,28.599115],[121.823274,28.607267],[121.81727,28.610428]]],[[[121.685576,29.115917],[121.694385,29.113061],[121.690153,29.120883],[121.685576,29.115917]]],[[[121.145122,28.013239],[121.166185,28.021771],[121.149649,28.019805],[121.145122,28.013239]]],[[[121.940105,28.441526],[121.945174,28.436652],[121.94355,28.450731],[121.940105,28.441526]]]]}},{"type":"Feature","properties":{"adcode":330300,"name":"温州市","center":[120.672111,28.000575],"centroid":[120.463912,27.894726],"childrenNum":12,"level":"city","parent":{"adcode":330000},"subFeatureIndex":2,"acroutes":[100000,330000],"footprintId":"wenzhou","footprintName":"温州","footprintNameEn":"Wenzhou","firstVisit":2019},"geometry":{"type":"MultiPolygon","coordinates":[[[[121.108409,28.139011],[121.123271,28.148117],[121.136805,28.168583],[121.146401,28.236133],[121.147385,28.263132],[121.155358,28.274064],[121.173911,28.277485],[121.205949,28.318654],[121.21589,28.351512],[121.204866,28.368437],[121.222041,28.372897],[121.227553,28.384818],[121.246155,28.385776],[121.251274,28.405279],[121.25772,28.408113],[121.236165,28.422696],[121.222829,28.422029],[121.226815,28.435569],[121.214413,28.43836],[121.206096,28.455979],[121.209098,28.458853],[121.19463,28.467099],[121.195171,28.473012],[121.180949,28.478343],[121.16958,28.505905],[121.156736,28.520475],[121.145565,28.523929],[121.129866,28.521723],[121.121352,28.532503],[121.104816,28.537289],[121.088182,28.51727],[121.085131,28.500993],[121.078734,28.495331],[121.076864,28.484089],[121.070417,28.480341],[121.049895,28.478259],[121.036115,28.481715],[121.025436,28.472763],[121.01771,28.478592],[121.002946,28.478717],[120.99517,28.473346],[120.98705,28.481715],[120.965593,28.482965],[120.95767,28.494831],[120.962198,28.509027],[120.954471,28.509027],[120.954028,28.498911],[120.944776,28.503449],[120.92765,28.505031],[120.914412,28.495997],[120.91082,28.48921],[120.894481,28.485546],[120.86953,28.491167],[120.854323,28.515313],[120.845071,28.514189],[120.83267,28.524595],[120.843054,28.542034],[120.829225,28.555558],[120.825829,28.566335],[120.802601,28.572201],[120.798221,28.576528],[120.798713,28.588758],[120.793644,28.583766],[120.782916,28.590547],[120.758703,28.591586],[120.757817,28.604314],[120.743496,28.611592],[120.729372,28.603773],[120.709096,28.611509],[120.70201,28.606352],[120.701026,28.592751],[120.687344,28.582476],[120.669234,28.579606],[120.653043,28.585014],[120.63946,28.577443],[120.649647,28.563006],[120.640002,28.557847],[120.631291,28.564005],[120.621202,28.55639],[120.627157,28.547402],[120.624303,28.533377],[120.598811,28.53396],[120.583358,28.530797],[120.572236,28.537498],[120.567856,28.531879],[120.554716,28.535958],[120.549204,28.533585],[120.541232,28.543365],[120.528781,28.548359],[120.524056,28.55535],[120.501566,28.56001],[120.493495,28.577776],[120.471891,28.586928],[120.446349,28.584307],[120.441871,28.573324],[120.4307,28.568165],[120.434145,28.553727],[120.430503,28.534293],[120.422727,28.533627],[120.422186,28.522223],[120.414952,28.512358],[120.414952,28.496871],[120.419135,28.491875],[120.405995,28.480425],[120.398957,28.465017],[120.387786,28.479467],[120.384341,28.458894],[120.372137,28.446982],[120.381044,28.436277],[120.381684,28.42557],[120.374302,28.410821],[120.366723,28.424279],[120.34379,28.431903],[120.33818,28.427112],[120.338819,28.412363],[120.331684,28.407571],[120.337638,28.395528],[120.344725,28.392444],[120.33503,28.384484],[120.334686,28.371355],[120.353485,28.367228],[120.359883,28.359391],[120.360768,28.3453],[120.346595,28.335126],[120.357914,28.32883],[120.369971,28.331332],[120.377698,28.31757],[120.394971,28.315485],[120.402796,28.305976],[120.414164,28.302931],[120.417019,28.288832],[120.426418,28.268056],[120.421448,28.253827],[120.433505,28.246984],[120.438426,28.234463],[120.415788,28.213927],[120.41195,28.199482],[120.425188,28.196351],[120.431044,28.186915],[120.422087,28.182823],[120.413672,28.172633],[120.421546,28.160188],[120.385916,28.147365],[120.38567,28.14206],[120.408013,28.131617],[120.405601,28.124222],[120.411851,28.11457],[120.390542,28.094303],[120.383652,28.09539],[120.368446,28.088912],[120.362294,28.080093],[120.37381,28.066174],[120.372432,28.054929],[120.357176,28.050581],[120.350286,28.052588],[120.344922,28.040003],[120.34881,28.034902],[120.348711,28.021018],[120.344479,28.019011],[120.335522,27.990444],[120.349154,27.987683],[120.336064,27.970697],[120.328928,27.966681],[120.324646,27.978981],[120.295168,27.977057],[120.276516,27.959609],[120.265591,27.95714],[120.257471,27.96735],[120.248957,27.964003],[120.24561,27.943415],[120.241575,27.934961],[120.229961,27.931361],[120.218691,27.93563],[120.202057,27.935965],[120.187835,27.948562],[120.178337,27.952956],[120.174842,27.960404],[120.176713,27.972203],[120.171939,27.978563],[120.145758,27.979692],[120.143888,27.976596],[120.11746,27.982621],[120.096889,27.980613],[120.084389,27.967099],[120.074301,27.972287],[120.064311,27.961241],[120.063572,27.951073],[120.043001,27.951115],[120.031781,27.941322],[120.020511,27.939606],[120.009389,27.947892],[120.001269,27.941029],[119.966919,27.937597],[119.962145,27.950236],[119.968739,27.962496],[119.96244,27.97622],[119.928631,27.968814],[119.90683,27.954253],[119.892115,27.951366],[119.875235,27.974128],[119.86554,27.966388],[119.865688,27.950864],[119.861997,27.949525],[119.854861,27.961911],[119.833601,27.956178],[119.831436,27.951617],[119.85117,27.932198],[119.843099,27.92705],[119.83306,27.911353],[119.825284,27.911771],[119.815146,27.92073],[119.804713,27.922111],[119.786455,27.909302],[119.791032,27.898584],[119.800186,27.890545],[119.790097,27.867095],[119.785077,27.861651],[119.788965,27.85319],[119.785766,27.833503],[119.793886,27.826381],[119.785766,27.822485],[119.787882,27.808993],[119.785077,27.795793],[119.773069,27.794075],[119.768148,27.805306],[119.756189,27.795625],[119.734831,27.766622],[119.725874,27.767712],[119.719427,27.76046],[119.696986,27.753626],[119.680205,27.744193],[119.678581,27.734005],[119.665982,27.721886],[119.650726,27.717147],[119.650923,27.695547],[119.65614,27.69345],[119.646937,27.685732],[119.643,27.673188],[119.635569,27.668405],[119.644033,27.663496],[119.639654,27.652671],[119.647528,27.640543],[119.64113,27.625392],[119.626465,27.620481],[119.630894,27.582698],[119.645461,27.578205],[119.675038,27.574383],[119.672036,27.556409],[119.668837,27.556493],[119.659339,27.539693],[119.670559,27.536584],[119.690589,27.537256],[119.689506,27.534064],[119.708551,27.514276],[119.702892,27.500285],[119.709634,27.496797],[119.710717,27.482508],[119.706681,27.470656],[119.709929,27.46246],[119.704024,27.458508],[119.703433,27.447284],[119.693886,27.438665],[119.685471,27.438413],[119.689506,27.430845],[119.704713,27.424706],[119.704319,27.416927],[119.71303,27.402838],[119.724349,27.401703],[119.733847,27.388706],[119.739555,27.386813],[119.740294,27.375708],[119.750481,27.373226],[119.740491,27.362203],[119.74743,27.359973],[119.751022,27.350086],[119.769132,27.345415],[119.768394,27.335736],[119.781485,27.330476],[119.784979,27.323574],[119.777991,27.320164],[119.769772,27.324373],[119.77056,27.305685],[119.790491,27.302612],[119.795756,27.310441],[119.819526,27.296045],[119.822331,27.301433],[119.840146,27.298908],[119.844822,27.306653],[119.835077,27.312967],[119.8462,27.324037],[119.856731,27.314819],[119.871298,27.315408],[119.865589,27.306232],[119.887637,27.313304],[119.899054,27.311494],[119.903286,27.317597],[119.933503,27.316545],[119.944035,27.314146],[119.937932,27.3346],[119.960176,27.351853],[119.964015,27.360478],[119.960275,27.366116],[119.988326,27.371375],[119.994232,27.379199],[120.005206,27.376675],[120.009586,27.363928],[120.015984,27.36477],[120.026614,27.350801],[120.027549,27.342259],[120.052303,27.338682],[120.077007,27.369187],[120.09684,27.37962],[120.09625,27.390347],[120.107175,27.395562],[120.121594,27.397413],[120.128878,27.391608],[120.137195,27.402334],[120.131437,27.416716],[120.141821,27.422183],[120.163376,27.424874],[120.176909,27.419954],[120.202402,27.428364],[120.213228,27.420291],[120.221595,27.420291],[120.24689,27.434587],[120.249006,27.439885],[120.262441,27.432905],[120.26377,27.41802],[120.258209,27.412679],[120.273366,27.389421],[120.289508,27.395941],[120.302697,27.392197],[120.315148,27.393165],[120.315985,27.406708],[120.319823,27.399684],[120.331733,27.396025],[120.340739,27.399642],[120.351566,27.383574],[120.343249,27.366242],[120.355257,27.353873],[120.351467,27.346761],[120.358357,27.337546],[120.374794,27.329255],[120.383406,27.312714],[120.401369,27.298571],[120.4088,27.276636],[120.43006,27.258866],[120.422383,27.250822],[120.415395,27.256381],[120.401763,27.250864],[120.398515,27.242483],[120.413918,27.230942],[120.400926,27.211564],[120.404371,27.20398],[120.42568,27.183333],[120.426172,27.173472],[120.43759,27.161039],[120.445267,27.16087],[120.461655,27.142576],[120.467757,27.143166],[120.492462,27.136168],[120.522285,27.142154],[120.545956,27.156824],[120.55324,27.17343],[120.556143,27.204065],[120.564116,27.220243],[120.571497,27.228204],[120.576173,27.241135],[120.554765,27.252044],[120.552944,27.257771],[120.563427,27.277941],[120.574057,27.286699],[120.57573,27.293645],[120.571645,27.309978],[120.580307,27.321385],[120.612246,27.336915],[120.657079,27.352316],[120.670071,27.362834],[120.675041,27.382312],[120.673614,27.419954],[120.676813,27.431055],[120.699648,27.465654],[120.702797,27.478726],[120.686311,27.4923],[120.678191,27.516419],[120.662295,27.519612],[120.642807,27.556577],[120.637049,27.561449],[120.634884,27.577281],[120.652059,27.586854],[120.674992,27.609105],[120.685376,27.622999],[120.700681,27.669412],[120.708949,27.682585],[120.739658,27.702175],[120.761114,27.717692],[120.771646,27.734466],[120.777699,27.774712],[120.798713,27.762137],[120.809638,27.77555],[120.840642,27.758741],[120.883703,27.820934],[120.910869,27.864708],[120.941774,27.896784],[120.951469,27.895905],[120.974255,27.887196],[121.012149,27.846237],[121.020072,27.835891],[121.027798,27.832623],[121.069875,27.834215],[121.089856,27.817541],[121.107671,27.813686],[121.133015,27.813183],[121.152504,27.815362],[121.13144,27.797595],[121.13149,27.788836],[121.143842,27.791728],[121.15772,27.813895],[121.167169,27.811675],[121.184344,27.814105],[121.196647,27.833964],[121.200535,27.855159],[121.19586,27.869817],[121.185181,27.874801],[121.166775,27.876895],[121.160378,27.884641],[121.16274,27.902519],[121.157917,27.910306],[121.137395,27.908841],[121.116726,27.899798],[121.099452,27.895067],[121.075584,27.894439],[121.055899,27.900133],[120.991824,27.949734],[121.015249,27.981617],[121.02455,28.003745],[121.030948,28.033647],[121.039413,28.055849],[121.059098,28.096351],[121.07086,28.110517],[121.0902,28.127146],[121.108409,28.139011]]],[[[120.971745,27.649859],[120.974747,27.645033],[120.986509,27.655104],[120.988281,27.662783],[120.97957,27.670419],[120.967759,27.658042],[120.971745,27.649859]]],[[[121.199945,27.62493],[121.191677,27.62195],[121.198321,27.614646],[121.209,27.61855],[121.220811,27.630303],[121.213577,27.633324],[121.199945,27.62493]]],[[[121.113133,27.918344],[121.108163,27.910934],[121.113379,27.904403],[121.123911,27.911353],[121.123812,27.921274],[121.113133,27.918344]]],[[[121.131047,27.762472],[121.133114,27.753123],[121.144383,27.758531],[121.139118,27.765155],[121.131047,27.762472]]],[[[121.131047,27.770143],[121.136952,27.766999],[121.149846,27.772029],[121.138281,27.776682],[121.131047,27.770143]]],[[[121.107277,27.444005],[121.105407,27.454893],[121.089364,27.462628],[121.084147,27.472379],[121.066234,27.478222],[121.070515,27.471161],[121.055013,27.473893],[121.058852,27.463847],[121.050043,27.464688],[121.047976,27.458046],[121.066283,27.444972],[121.071942,27.444972],[121.063379,27.458298],[121.066381,27.461325],[121.086066,27.452413],[121.09399,27.453001],[121.107277,27.444005]]],[[[120.903388,27.69387],[120.911951,27.689171],[120.912099,27.699238],[120.903388,27.69387]]],[[[121.217415,27.613681],[121.224945,27.607048],[121.228685,27.616409],[121.217415,27.613681]]],[[[121.083655,27.791896],[121.073566,27.778023],[121.090545,27.776221],[121.096893,27.783053],[121.091037,27.793237],[121.083655,27.791896]]],[[[121.145761,27.760669],[121.146696,27.754171],[121.155013,27.756645],[121.145761,27.760669]]],[[[120.826223,27.686193],[120.832473,27.67688],[120.842758,27.675537],[120.833113,27.687368],[120.826223,27.686193]]],[[[121.224108,27.817876],[121.225043,27.824496],[121.213281,27.820096],[121.224108,27.817876]]],[[[120.824943,27.646208],[120.821991,27.634835],[120.8339,27.649985],[120.824943,27.646208]]],[[[121.204325,27.609735],[121.210033,27.608476],[121.216923,27.618928],[121.208951,27.618172],[121.204325,27.609735]]],[[[121.098173,27.937514],[121.125978,27.944126],[121.147385,27.953374],[121.152946,27.961576],[121.134049,27.980529],[121.120663,27.986637],[121.094334,27.984127],[121.076027,27.986344],[121.040544,27.964296],[121.03833,27.948939],[121.049993,27.94128],[121.063527,27.947809],[121.080259,27.947181],[121.098173,27.937514]]],[[[120.896548,27.711444],[120.887394,27.704523],[120.899451,27.706033],[120.896548,27.711444]]],[[[121.18587,27.962957],[121.206195,27.976889],[121.237543,27.988143],[121.24025,27.993748],[121.220122,27.991489],[121.194974,28.000148],[121.177356,27.990527],[121.171352,27.978605],[121.18587,27.962957]]],[[[121.04394,27.979316],[121.075436,27.990025],[121.08961,27.998684],[121.089068,28.004916],[121.074108,28.007426],[121.043251,27.993372],[121.04394,27.979316]]],[[[121.079029,27.428743],[121.090397,27.424538],[121.088084,27.431602],[121.076962,27.434125],[121.079029,27.428743]]],[[[121.112986,27.473136],[121.106539,27.473178],[121.112346,27.463511],[121.12337,27.466327],[121.112986,27.473136]]],[[[121.09458,27.494023],[121.085673,27.4923],[121.09458,27.486333],[121.09458,27.494023]]]]}},{"type":"Feature","properties":{"adcode":330700,"name":"金华市","center":[119.649506,29.089524],"centroid":[119.957007,29.115117],"childrenNum":9,"level":"city","parent":{"adcode":330000},"subFeatureIndex":6,"acroutes":[100000,330000],"footprintId":"jinhua","footprintName":"金华","footprintNameEn":"Jinhua","firstVisit":2019},"geometry":{"type":"MultiPolygon","coordinates":[[[[119.322428,28.800897],[119.328629,28.800565],[119.327694,28.779806],[119.338422,28.761161],[119.346247,28.757008],[119.358206,28.761037],[119.359534,28.768304],[119.368737,28.774118],[119.371887,28.784789],[119.387684,28.786948],[119.412438,28.76166],[119.413619,28.751983],[119.421198,28.749159],[119.430696,28.755596],[119.470854,28.765356],[119.473019,28.749782],[119.479663,28.739647],[119.463767,28.742306],[119.460814,28.73944],[119.46421,28.70824],[119.458895,28.683848],[119.462241,28.661237],[119.455696,28.650886],[119.461208,28.634879],[119.468442,28.633632],[119.482025,28.639453],[119.488423,28.626438],[119.507911,28.615335],[119.509879,28.603357],[119.498068,28.584848],[119.494427,28.554018],[119.498413,28.54865],[119.514653,28.561675],[119.53488,28.555724],[119.535175,28.543782],[119.542458,28.532628],[119.568492,28.532295],[119.574201,28.523888],[119.613374,28.5278],[119.629171,28.525386],[119.638276,28.528508],[119.644722,28.541867],[119.660224,28.539953],[119.674742,28.530006],[119.703581,28.533211],[119.707813,28.545738],[119.717705,28.553769],[119.720461,28.56596],[119.739309,28.584848],[119.7399,28.591462],[119.754122,28.592668],[119.767065,28.588009],[119.773955,28.603233],[119.772725,28.608556],[119.749398,28.622696],[119.752449,28.635253],[119.764949,28.638704],[119.777252,28.630887],[119.794969,28.632883],[119.811751,28.65392],[119.813867,28.68684],[119.826367,28.695317],[119.849644,28.716591],[119.86618,28.718503],[119.874448,28.73541],[119.87179,28.742306],[119.882371,28.7492],[119.886751,28.744632],[119.89807,28.750363],[119.906731,28.768553],[119.921003,28.784],[119.921298,28.796164],[119.942164,28.793009],[119.948562,28.787197],[119.967607,28.787819],[119.971643,28.794255],[119.982421,28.796662],[120.005304,28.780886],[120.010669,28.772207],[120.025679,28.764151],[120.028976,28.758047],[120.049202,28.763155],[120.083946,28.787031],[120.097037,28.768553],[120.109882,28.767224],[120.111309,28.762324],[120.131437,28.759708],[120.145561,28.784],[120.165344,28.774325],[120.178435,28.775239],[120.183553,28.785162],[120.198858,28.783958],[120.209341,28.795832],[120.200335,28.80181],[120.20186,28.810029],[120.215148,28.825885],[120.216526,28.832608],[120.236506,28.844808],[120.241821,28.857256],[120.260719,28.865471],[120.261752,28.911429],[120.250729,28.913792],[120.258603,28.927103],[120.255453,28.931],[120.264951,28.93896],[120.271004,28.950112],[120.277894,28.930544],[120.303977,28.931664],[120.314312,28.9191],[120.303239,28.892808],[120.315394,28.887042],[120.316428,28.876879],[120.331388,28.868914],[120.338278,28.860244],[120.347284,28.858252],[120.357914,28.839372],[120.368446,28.838044],[120.388475,28.829454],[120.392855,28.834558],[120.392954,28.847132],[120.404715,28.853813],[120.406881,28.845182],[120.418101,28.851655],[120.426713,28.831985],[120.441773,28.841406],[120.473909,28.839206],[120.481143,28.828167],[120.486802,28.846012],[120.498466,28.849207],[120.502206,28.857215],[120.494972,28.86601],[120.509982,28.874888],[120.514706,28.890734],[120.525484,28.878663],[120.533948,28.879534],[120.533604,28.866301],[120.542757,28.867048],[120.56323,28.861696],[120.579962,28.869371],[120.590051,28.881111],[120.60447,28.890692],[120.619086,28.895628],[120.64699,28.90048],[120.663771,28.916488],[120.664953,28.923786],[120.659638,28.937136],[120.673417,28.959895],[120.673319,28.973158],[120.677699,28.977302],[120.696695,28.980037],[120.69886,28.972992],[120.717315,28.973779],[120.726665,28.98128],[120.72199,28.995245],[120.72952,28.99711],[120.72824,29.009829],[120.720317,29.012356],[120.724451,29.023873],[120.713575,29.035264],[120.701714,29.022713],[120.693151,29.040565],[120.70073,29.044334],[120.691626,29.052079],[120.702207,29.060195],[120.704864,29.075888],[120.694382,29.086942],[120.701222,29.097457],[120.709884,29.098409],[120.723614,29.119145],[120.736606,29.11331],[120.746843,29.122911],[120.734441,29.13127],[120.722187,29.130236],[120.712295,29.143767],[120.731095,29.164494],[120.749648,29.176035],[120.759884,29.189022],[120.77824,29.19965],[120.773171,29.205687],[120.783063,29.221193],[120.776518,29.225079],[120.773171,29.231859],[120.776567,29.242111],[120.772384,29.262859],[120.775091,29.276951],[120.759047,29.281125],[120.756784,29.28629],[120.773024,29.304633],[120.76141,29.313391],[120.749894,29.31591],[120.738723,29.30959],[120.725927,29.310251],[120.720415,29.303187],[120.711508,29.302113],[120.699844,29.318843],[120.707866,29.341311],[120.704667,29.347587],[120.697433,29.341847],[120.687935,29.341889],[120.670218,29.325534],[120.653683,29.33429],[120.645218,29.328054],[120.624106,29.336355],[120.600976,29.334166],[120.590986,29.348496],[120.579125,29.340113],[120.571399,29.34288],[120.57819,29.357704],[120.566675,29.367324],[120.553781,29.371493],[120.55949,29.379626],[120.550484,29.390936],[120.53823,29.391514],[120.523761,29.401461],[120.511163,29.419412],[120.511852,29.44029],[120.515592,29.451593],[120.522186,29.456997],[120.515247,29.468546],[120.496448,29.466773],[120.497777,29.474361],[120.474844,29.492877],[120.461458,29.48496],[120.427796,29.477207],[120.410375,29.450645],[120.398465,29.45576],[120.383997,29.456172],[120.367314,29.445571],[120.36441,29.433854],[120.369971,29.428655],[120.372825,29.414915],[120.361999,29.415038],[120.343692,29.41021],[120.334243,29.403483],[120.333308,29.395146],[120.325335,29.380658],[120.317953,29.379791],[120.307619,29.365714],[120.289902,29.355598],[120.278288,29.363443],[120.266723,29.376571],[120.261359,29.390358],[120.264016,29.400842],[120.277992,29.416771],[120.281536,29.440785],[120.267215,29.452253],[120.261801,29.469165],[120.269676,29.481042],[120.282077,29.489249],[120.268494,29.49865],[120.250925,29.496052],[120.249449,29.504793],[120.241821,29.512008],[120.227057,29.514441],[120.223809,29.52182],[120.207864,29.528951],[120.2119,29.535711],[120.200728,29.549476],[120.186506,29.548776],[120.185472,29.541357],[120.17125,29.521614],[120.157421,29.512544],[120.13877,29.508463],[120.127057,29.494279],[120.114212,29.497496],[120.102893,29.506608],[120.093346,29.500299],[120.079616,29.504711],[120.07558,29.513163],[120.085029,29.514523],[120.091722,29.532249],[120.08808,29.536412],[120.073612,29.537648],[120.05875,29.542635],[120.051122,29.549682],[120.054714,29.558213],[120.040147,29.570162],[120.02996,29.56596],[120.007076,29.57247],[120.006486,29.593563],[120.019232,29.617864],[120.035078,29.617452],[120.045216,29.626389],[120.044625,29.631618],[120.031732,29.636806],[120.024744,29.647923],[120.036702,29.653852],[120.037194,29.663979],[120.029468,29.667807],[120.029074,29.653275],[120.021692,29.647964],[120.002598,29.655087],[119.991082,29.654346],[119.988818,29.661179],[119.973119,29.674804],[119.936161,29.666531],[119.924792,29.669906],[119.921249,29.66402],[119.911702,29.66649],[119.895708,29.660644],[119.879271,29.66793],[119.859536,29.671347],[119.852499,29.668877],[119.835422,29.678138],[119.824448,29.671841],[119.817607,29.673076],[119.79118,29.654963],[119.776514,29.626841],[119.779319,29.603984],[119.764949,29.594675],[119.769182,29.579556],[119.761652,29.566536],[119.764211,29.557347],[119.750678,29.550713],[119.741081,29.551908],[119.722626,29.542759],[119.74492,29.516419],[119.735422,29.510936],[119.726908,29.511555],[119.718837,29.505288],[119.719575,29.491146],[119.70678,29.472382],[119.707124,29.464215],[119.715835,29.448995],[119.707272,29.433235],[119.691179,29.438763],[119.688916,29.421764],[119.676317,29.419206],[119.673413,29.425024],[119.664408,29.424075],[119.642508,29.432946],[119.624939,29.417762],[119.625529,29.410499],[119.606238,29.388088],[119.617606,29.380369],[119.616277,29.368273],[119.604565,29.369636],[119.592901,29.377686],[119.582075,29.379131],[119.574594,29.372773],[119.558551,29.372154],[119.545411,29.367365],[119.536061,29.373145],[119.523905,29.366003],[119.522724,29.350024],[119.510421,29.333464],[119.500037,29.335735],[119.49231,29.331069],[119.480204,29.332968],[119.471493,29.349033],[119.461454,29.350932],[119.45481,29.365259],[119.457566,29.370379],[119.451858,29.385611],[119.451365,29.397292],[119.443147,29.404556],[119.437143,29.424116],[119.427793,29.422177],[119.43232,29.415162],[119.426759,29.405547],[119.404761,29.400677],[119.399938,29.411242],[119.39354,29.411242],[119.388521,29.429728],[119.378137,29.42981],[119.368294,29.415699],[119.360223,29.416276],[119.346395,29.408724],[119.337093,29.411159],[119.328629,29.393413],[119.340145,29.38235],[119.333058,29.355061],[119.348462,29.336231],[119.344278,29.324378],[119.348806,29.319504],[119.3242,29.307979],[119.328629,29.299263],[119.322625,29.296164],[119.318294,29.279885],[119.286011,29.279348],[119.288077,29.268852],[119.270656,29.251659],[119.260912,29.247815],[119.244918,29.228634],[119.234928,29.221937],[119.233353,29.195845],[119.242162,29.189683],[119.241522,29.165735],[119.253333,29.154772],[119.251119,29.141656],[119.267162,29.133919],[119.267703,29.119104],[119.282762,29.118317],[119.292507,29.105901],[119.302595,29.100893],[119.299987,29.090709],[119.305351,29.085617],[119.32602,29.086238],[119.332517,29.075971],[119.327841,29.067649],[119.334288,29.052369],[119.332369,29.043423],[119.334682,29.022216],[119.327349,29.03808],[119.321542,29.00059],[119.328038,28.987579],[119.325922,28.979125],[119.316621,28.970256],[119.304613,28.969345],[119.311503,28.959853],[119.315587,28.943231],[119.327152,28.924739],[119.333796,28.907945],[119.34546,28.899734],[119.333599,28.865181],[119.319672,28.867794],[119.310912,28.85124],[119.311306,28.842153],[119.331926,28.846966],[119.338028,28.843149],[119.336355,28.835222],[119.345558,28.827711],[119.331631,28.807912],[119.322428,28.800897]]]]}},{"type":"Feature","properties":{"adcode":330400,"name":"嘉兴市","center":[120.750865,30.762653],"centroid":[120.783487,30.620063],"childrenNum":7,"level":"city","parent":{"adcode":330000},"subFeatureIndex":3,"acroutes":[100000,330000],"footprintId":"jiaxing","footprintName":"嘉兴","footprintNameEn":"Jiaxing","firstVisit":2019},"geometry":{"type":"MultiPolygon","coordinates":[[[[120.721941,30.286334],[120.739904,30.276639],[120.789362,30.263137],[120.825288,30.262687],[120.86702,30.271729],[120.916036,30.285762],[120.954373,30.306418],[120.99517,30.319914],[121.01392,30.323635],[121.032572,30.337006],[121.040102,30.352868],[121.06018,30.376371],[121.086952,30.397131],[121.099501,30.443661],[121.119236,30.48976],[121.093153,30.515842],[121.071598,30.542692],[121.058359,30.564028],[121.085377,30.575204],[121.11648,30.585482],[121.149206,30.60004],[121.15088,30.611783],[121.172632,30.625807],[121.188872,30.633063],[121.221008,30.63987],[121.231687,30.644109],[121.244974,30.654787],[121.257031,30.673653],[121.27465,30.677402],[121.270663,30.70156],[121.265841,30.709502],[121.272041,30.723268],[121.269778,30.73072],[121.256392,30.743954],[121.232277,30.755801],[121.226224,30.775096],[121.218006,30.784945],[121.200092,30.783277],[121.200338,30.773631],[121.191825,30.77884],[121.174649,30.772002],[121.1527,30.778962],[121.140643,30.776927],[121.122976,30.779003],[121.117267,30.785474],[121.126273,30.788567],[121.128143,30.809971],[121.137641,30.826245],[121.134639,30.833038],[121.120614,30.836333],[121.123566,30.847274],[121.114757,30.851463],[121.104816,30.849349],[121.09773,30.857116],[121.080456,30.848739],[121.060525,30.8452],[121.06205,30.837797],[121.039954,30.827221],[121.037936,30.813877],[121.030062,30.828564],[121.010918,30.834625],[120.994629,30.821485],[120.989117,30.832306],[120.997779,30.844061],[121.003979,30.846095],[121.016283,30.86285],[121.014806,30.871024],[121.021893,30.875171],[121.008507,30.888141],[120.993842,30.889645],[120.99266,30.90184],[121.002552,30.904848],[120.99896,30.909522],[121.000042,30.934719],[120.99143,30.968358],[121.000534,30.973923],[120.989511,31.01441],[120.963182,31.016603],[120.95831,31.028579],[120.949107,31.029959],[120.949993,31.017618],[120.936312,31.017131],[120.940101,31.010026],[120.918103,31.012786],[120.910081,31.016928],[120.895121,31.017374],[120.891331,31.003732],[120.868054,30.995367],[120.865642,30.989803],[120.853241,30.992971],[120.847335,30.9896],[120.840052,30.997803],[120.820908,31.006371],[120.802896,31.005397],[120.769923,30.996626],[120.769677,30.977294],[120.758457,30.974532],[120.745957,30.962509],[120.736114,30.963728],[120.725583,30.971527],[120.710081,30.971892],[120.705504,30.966449],[120.69822,30.970796],[120.684441,30.955156],[120.697581,30.950321],[120.709441,30.933175],[120.712689,30.919683],[120.709835,30.907531],[120.713279,30.885051],[120.702551,30.884034],[120.704274,30.872935],[120.699943,30.867811],[120.682817,30.88253],[120.673073,30.874927],[120.663082,30.861346],[120.658703,30.86529],[120.655405,30.847518],[120.644726,30.854839],[120.625681,30.855896],[120.616872,30.849999],[120.602994,30.848901],[120.588968,30.854432],[120.580897,30.845688],[120.56382,30.83552],[120.517462,30.772287],[120.50442,30.757959],[120.489066,30.763861],[120.469972,30.764431],[120.471891,30.746682],[120.486261,30.727992],[120.475287,30.710724],[120.462885,30.701397],[120.444479,30.701763],[120.441182,30.695572],[120.455011,30.68555],[120.407963,30.675691],[120.406093,30.670761],[120.379469,30.669375],[120.378288,30.656539],[120.364607,30.654542],[120.353977,30.662815],[120.344971,30.662733],[120.340099,30.631351],[120.332717,30.615044],[120.30939,30.612639],[120.303189,30.60901],[120.302599,30.595636],[120.319134,30.579079],[120.304715,30.564477],[120.295955,30.565537],[120.299498,30.557093],[120.301959,30.530002],[120.299892,30.5198],[120.317707,30.521596],[120.326123,30.500414],[120.329174,30.468407],[120.341379,30.472286],[120.337245,30.464324],[120.340345,30.433899],[120.330749,30.427282],[120.332963,30.417314],[120.322038,30.404731],[120.306388,30.396232],[120.315689,30.394311],[120.318642,30.380621],[120.342953,30.37163],[120.362835,30.374695],[120.398318,30.38479],[120.400926,30.377025],[120.388524,30.370118],[120.378091,30.344937],[120.413771,30.318319],[120.43882,30.373388],[120.460227,30.382665],[120.498761,30.38904],[120.567856,30.387855],[120.633899,30.389449],[120.658998,30.385607],[120.692955,30.377965],[120.70388,30.365867],[120.704126,30.330791],[120.706045,30.309444],[120.710868,30.297542],[120.721941,30.286334]]]]}},{"type":"Feature","properties":{"adcode":500000,"name":"重庆市","center":[106.504962,29.533155],"centroid":[107.8839,30.067297],"childrenNum":38,"level":"province","parent":{"adcode":100000},"subFeatureIndex":21,"acroutes":[100000],"footprintId":"chongqing","footprintName":"重庆","footprintNameEn":"Chongqing","firstVisit":2019},"geometry":{"type":"MultiPolygon","coordinates":[[[[106.37442,28.525742],[106.403369,28.569901],[106.477282,28.530474],[106.504999,28.544669],[106.466811,28.586193],[106.49268,28.591448],[106.502535,28.661313],[106.528405,28.677591],[106.492064,28.742153],[106.461883,28.761041],[106.45326,28.817162],[106.474202,28.832891],[106.561666,28.756319],[106.56105,28.719062],[106.587535,28.691767],[106.6171,28.691242],[106.617716,28.66709],[106.651593,28.649235],[106.618332,28.645033],[106.63681,28.622972],[106.606629,28.593024],[106.615252,28.549401],[106.567825,28.523638],[106.564745,28.485247],[106.632499,28.503655],[106.697788,28.47683],[106.708259,28.450524],[106.747063,28.467361],[106.726121,28.51838],[106.73844,28.554657],[106.77786,28.563068],[106.756918,28.607211],[106.784636,28.626649],[106.807425,28.589346],[106.830831,28.623497],[106.866556,28.624548],[106.889345,28.695966],[106.86594,28.690192],[106.824056,28.756319],[106.845614,28.780975],[106.872099,28.777304],[106.923222,28.809821],[106.951555,28.766812],[106.988512,28.776254],[106.983584,28.851239],[107.019308,28.861722],[107.016229,28.882685],[107.14188,28.887925],[107.206554,28.868535],[107.194851,28.838134],[107.227496,28.836037],[107.210866,28.817686],[107.219489,28.772582],[107.24659,28.76209],[107.261373,28.792514],[107.327894,28.810869],[107.339597,28.845997],[107.383945,28.848618],[107.41351,28.911502],[107.441227,28.943977],[107.412894,28.960211],[107.396879,28.993718],[107.364235,29.00942],[107.395647,29.041341],[107.369778,29.091558],[107.412278,29.094696],[107.427676,29.128682],[107.408582,29.138091],[107.401807,29.184603],[107.441227,29.203934],[107.486806,29.174153],[107.570574,29.218037],[107.589052,29.150113],[107.605683,29.164747],[107.659885,29.162656],[107.700537,29.141228],[107.749197,29.199754],[107.810791,29.139137],[107.784921,29.048143],[107.823725,29.034016],[107.810175,28.984295],[107.867457,28.960211],[107.882855,29.00628],[107.908725,29.007327],[107.925971,29.032446],[108.026369,29.039772],[108.070717,29.086328],[108.150173,29.053375],[108.193289,29.072207],[108.256115,29.040295],[108.277673,29.091558],[108.306622,29.079006],[108.297999,29.045527],[108.319556,28.961258],[108.345426,28.943453],[108.357745,28.893165],[108.346658,28.859625],[108.352817,28.815589],[108.386078,28.803003],[108.385462,28.772058],[108.347274,28.736381],[108.332491,28.679166],[108.439049,28.634003],[108.501258,28.626649],[108.50249,28.63768],[108.575787,28.659738],[108.636149,28.621396],[108.604736,28.590922],[108.610896,28.539412],[108.573939,28.531],[108.586874,28.463678],[108.609664,28.43579],[108.609048,28.407368],[108.576403,28.38631],[108.580099,28.343128],[108.611512,28.324691],[108.667562,28.334173],[108.656475,28.359981],[108.697127,28.401051],[108.688504,28.422106],[108.640461,28.456838],[108.657091,28.47683],[108.700207,28.48209],[108.709446,28.501026],[108.746402,28.45105],[108.780279,28.42579],[108.759953,28.389995],[108.783359,28.380518],[108.761801,28.304143],[108.726692,28.282011],[108.738395,28.228241],[108.772888,28.212949],[108.821547,28.245113],[108.855424,28.199764],[108.89546,28.219804],[108.923793,28.217167],[108.929952,28.19027],[109.005713,28.162837],[109.026655,28.220331],[109.086401,28.184467],[109.101799,28.202401],[109.081473,28.247749],[109.117198,28.277795],[109.152306,28.349975],[109.153538,28.417369],[109.191726,28.471043],[109.23361,28.474726],[109.274262,28.494714],[109.273646,28.53836],[109.319842,28.579886],[109.306907,28.62087],[109.252089,28.606685],[109.235458,28.61982],[109.201581,28.597753],[109.192958,28.636104],[109.271183,28.671816],[109.252704,28.691767],[109.294588,28.722211],[109.2989,28.7474],[109.241002,28.776779],[109.246545,28.80143],[109.235458,28.882161],[109.261328,28.952356],[109.292741,28.987436],[109.294588,29.015177],[109.319842,29.042388],[109.312451,29.066453],[109.240386,29.086328],[109.232378,29.119271],[109.215748,29.145409],[109.162777,29.180946],[109.139372,29.168927],[109.110422,29.21647],[109.141835,29.270256],[109.106727,29.288526],[109.11227,29.361053],[109.060531,29.403292],[109.034662,29.360531],[108.999553,29.36366],[108.983539,29.332883],[108.919481,29.3261],[108.934264,29.399643],[108.927488,29.435612],[108.884373,29.440824],[108.866511,29.470527],[108.888684,29.502305],[108.878213,29.539279],[108.913322,29.574679],[108.901003,29.604863],[108.870206,29.596537],[108.888068,29.628795],[108.844337,29.658443],[108.781511,29.635558],[108.797525,29.660003],[108.786438,29.691721],[108.752562,29.649082],[108.690968,29.689642],[108.676801,29.749412],[108.680497,29.800319],[108.658939,29.854833],[108.601041,29.863656],[108.556077,29.818493],[108.52528,29.770713],[108.548686,29.749412],[108.504954,29.728626],[108.504338,29.707836],[108.460606,29.741098],[108.437201,29.741098],[108.442744,29.778505],[108.422418,29.772791],[108.424266,29.815897],[108.371295,29.841337],[108.433505,29.880262],[108.467998,29.864175],[108.516041,29.885451],[108.517889,29.9394],[108.536367,29.983472],[108.532055,30.051873],[108.513577,30.057571],[108.546222,30.104178],[108.56778,30.157491],[108.551766,30.1637],[108.581947,30.255759],[108.54499,30.269716],[108.524048,30.309506],[108.501258,30.314673],[108.460606,30.35961],[108.431041,30.354446],[108.402092,30.376649],[108.430425,30.416397],[108.411331,30.438586],[108.42673,30.492233],[108.472925,30.487076],[108.512961,30.501515],[108.556077,30.487592],[108.56778,30.468508],[108.6497,30.53915],[108.642925,30.578831],[108.688504,30.58759],[108.698975,30.54482],[108.743939,30.494812],[108.789518,30.513374],[108.808612,30.491202],[108.838793,30.503062],[108.893612,30.565434],[108.971836,30.627766],[109.006329,30.626736],[109.042669,30.655571],[109.071002,30.640125],[109.111654,30.646303],[109.106111,30.61077],[109.105495,30.585529],[109.102415,30.580377],[109.101183,30.579346],[109.106111,30.570587],[109.103647,30.565949],[109.143683,30.521108],[109.191726,30.545851],[109.191726,30.545851],[109.245313,30.580892],[109.299516,30.630341],[109.314298,30.599953],[109.36111,30.551004],[109.337088,30.521623],[109.35495,30.487076],[109.418392,30.559766],[109.435638,30.595832],[109.535421,30.664837],[109.543428,30.63961],[109.574225,30.646818],[109.590855,30.69366],[109.625348,30.702923],[109.661072,30.738936],[109.656761,30.760538],[109.701724,30.783677],[109.780564,30.848437],[109.828608,30.864364],[109.894513,30.899803],[109.943788,30.878746],[110.008462,30.883369],[110.019549,30.829425],[110.048498,30.800642],[110.082375,30.799614],[110.151976,30.911613],[110.153824,30.953708],[110.172918,30.978853],[110.140889,30.987062],[110.140273,31.030661],[110.120563,31.0322],[110.119947,31.088592],[110.147048,31.116776],[110.180309,31.121899],[110.200019,31.158779],[110.180309,31.179774],[110.155671,31.279564],[110.161831,31.314338],[110.118715,31.409899],[110.054042,31.410921],[110.036795,31.436966],[109.98752,31.474744],[109.94502,31.47066],[109.969658,31.508935],[109.894513,31.519139],[109.837847,31.555354],[109.727594,31.548214],[109.745456,31.598182],[109.76455,31.602769],[109.737449,31.628761],[109.731289,31.700582],[109.683246,31.719929],[109.622268,31.711783],[109.585928,31.726546],[109.549587,31.73011],[109.502776,31.716365],[109.446109,31.722983],[109.381436,31.705165],[109.281654,31.716874],[109.282885,31.743343],[109.253936,31.759628],[109.279806,31.776418],[109.27611,31.79931],[109.195422,31.817618],[109.191111,31.85575],[109.123357,31.892851],[109.085785,31.929428],[108.986619,31.980205],[108.902235,31.984774],[108.837561,32.039072],[108.78767,32.04871],[108.75133,32.076098],[108.734084,32.106519],[108.676801,32.10297],[108.585026,32.17189],[108.543758,32.177969],[108.509882,32.201266],[108.480317,32.182527],[108.399013,32.194176],[108.370063,32.172397],[108.379918,32.154158],[108.379918,32.154158],[108.379303,32.153652],[108.379303,32.153652],[108.399628,32.147065],[108.452599,32.090296],[108.42981,32.061391],[108.372527,32.077112],[108.344194,32.067477],[108.362056,32.035521],[108.329411,32.020299],[108.370063,31.988835],[108.351585,31.971575],[108.307238,31.997463],[108.259194,31.967006],[108.343578,31.860834],[108.386078,31.854226],[108.391005,31.829822],[108.429194,31.809482],[108.455063,31.814059],[108.462454,31.780488],[108.535135,31.757592],[108.50557,31.734182],[108.514809,31.693963],[108.546838,31.665442],[108.519121,31.665952],[108.468614,31.636404],[108.442744,31.633856],[108.390389,31.591555],[108.386078,31.544134],[108.339266,31.539033],[108.344194,31.512506],[108.254883,31.49873],[108.233941,31.506894],[108.191441,31.492096],[108.193289,31.467598],[108.224086,31.464024],[108.216079,31.41041],[108.153869,31.371073],[108.185898,31.336831],[108.095354,31.268311],[108.038688,31.252964],[108.031297,31.217144],[108.07626,31.231985],[108.089811,31.204859],[108.025753,31.116263],[108.009123,31.109602],[108.026985,31.061938],[108.060246,31.052197],[108.00358,31.025533],[107.983254,30.983983],[107.942602,30.989114],[107.948145,30.918802],[107.994956,30.908533],[107.956152,30.882855],[107.851443,30.792931],[107.788001,30.81966],[107.763979,30.817091],[107.760899,30.862823],[107.739957,30.884396],[107.693146,30.875665],[107.645103,30.821202],[107.57735,30.847924],[107.515756,30.854603],[107.483111,30.838675],[107.498509,30.809381],[107.454162,30.771851],[107.454162,30.771851],[107.424597,30.74048],[107.458473,30.704981],[107.477567,30.664837],[107.516987,30.644759],[107.485575,30.598408],[107.427676,30.547397],[107.443075,30.53348],[107.408582,30.521623],[107.368546,30.468508],[107.338981,30.386459],[107.288474,30.337402],[107.257677,30.267131],[107.221337,30.213878],[107.103076,30.090198],[107.080286,30.094341],[107.084598,30.063786],[107.058113,30.043066],[107.055649,30.040476],[107.054417,30.040994],[107.053801,30.043584],[107.02054,30.036849],[106.981736,30.08502],[106.976193,30.083467],[106.94478,30.037367],[106.913367,30.025451],[106.862244,30.033223],[106.83699,30.049801],[106.825904,30.03115],[106.825904,30.03115],[106.785252,30.01716],[106.732281,30.027005],[106.724274,30.058607],[106.699636,30.074145],[106.700252,30.111944],[106.672535,30.122297],[106.677462,30.156974],[106.631883,30.186464],[106.611557,30.235596],[106.612173,30.235596],[106.611557,30.235596],[106.612173,30.235596],[106.612173,30.235596],[106.612789,30.235596],[106.612789,30.235596],[106.642354,30.246454],[106.611557,30.292455],[106.560434,30.31519],[106.545035,30.296589],[106.49884,30.295556],[106.43971,30.308473],[106.428623,30.254725],[106.401521,30.242318],[106.349167,30.24542],[106.334384,30.225772],[106.306667,30.238182],[106.296196,30.205603],[106.264167,30.20974],[106.260471,30.19681],[106.232754,30.185947],[106.180399,30.233011],[106.168696,30.303823],[106.132356,30.323972],[106.132972,30.30279],[106.07261,30.333786],[106.031958,30.373551],[105.943263,30.372002],[105.900763,30.405042],[105.84656,30.410203],[105.825618,30.436006],[105.792357,30.427234],[105.760329,30.384393],[105.754785,30.342567],[105.714749,30.322939],[105.720292,30.252657],[105.720292,30.252657],[105.670401,30.254208],[105.624822,30.275918],[105.619894,30.234045],[105.662394,30.210258],[105.642684,30.186464],[105.56138,30.183878],[105.550909,30.179222],[105.536127,30.152834],[105.596489,30.159043],[105.574315,30.130579],[105.580474,30.129544],[105.582938,30.127474],[105.582938,30.12385],[105.642068,30.101072],[105.638988,30.076216],[105.676561,30.06793],[105.687032,30.038922],[105.719677,30.042548],[105.753553,30.018196],[105.723372,29.975177],[105.730763,29.95755],[105.70243,29.924879],[105.717213,29.893753],[105.738771,29.891159],[105.707974,29.840818],[105.610655,29.837184],[105.582938,29.819013],[105.574931,29.744216],[105.529351,29.707836],[105.481924,29.718232],[105.476996,29.674564],[105.419714,29.688082],[105.38091,29.628275],[105.347649,29.621512],[105.332867,29.592374],[105.296526,29.571035],[105.305149,29.53199],[105.337794,29.459064],[105.334099,29.441345],[105.387069,29.455416],[105.387069,29.455416],[105.399388,29.43874],[105.372903,29.421018],[105.426489,29.419454],[105.441888,29.400686],[105.418482,29.352185],[105.42033,29.31149],[105.465294,29.322969],[105.459134,29.288526],[105.513337,29.283306],[105.521344,29.264513],[105.557684,29.278608],[105.631597,29.280174],[105.647612,29.253027],[105.695039,29.287482],[105.712285,29.219082],[105.703662,29.176766],[105.728916,29.134432],[105.752321,29.129727],[105.728916,29.1062],[105.757865,29.069068],[105.74185,29.039249],[105.766488,29.013607],[105.762176,28.9911],[105.801596,28.958116],[105.797285,28.936121],[105.830546,28.944501],[105.852719,28.927217],[105.910002,28.920407],[105.969132,28.965971],[106.001161,28.973824],[106.040581,28.955498],[106.049204,28.906263],[106.070762,28.919884],[106.101559,28.898928],[106.14837,28.901548],[106.173008,28.920407],[106.206885,28.904691],[106.264783,28.845997],[106.245689,28.817686],[106.267863,28.779402],[106.274022,28.739004],[106.305435,28.704365],[106.304203,28.64976],[106.346703,28.583565],[106.33192,28.55308],[106.37442,28.525742]]],[[[109.105495,30.585529],[109.106111,30.61077],[109.09256,30.578831],[109.09872,30.579346],[109.101183,30.579346],[109.102415,30.580377],[109.105495,30.585529]]],[[[105.582938,30.12385],[105.582938,30.127474],[105.580474,30.129544],[105.574315,30.130579],[105.582938,30.12385]]],[[[109.09872,30.579346],[109.09256,30.578831],[109.103647,30.565949],[109.106111,30.570587],[109.09872,30.579346]]],[[[107.058113,30.043066],[107.053801,30.043584],[107.054417,30.040994],[107.055649,30.040476],[107.058113,30.043066]]]]}},{"type":"Feature","properties":{"adcode":420100,"name":"武汉市","center":[114.298572,30.584355],"centroid":[114.348204,30.623025],"childrenNum":13,"level":"city","parent":{"adcode":420000},"subFeatureIndex":0,"acroutes":[100000,420000],"footprintId":"wuhan","footprintName":"武汉","footprintNameEn":"Wuhan","firstVisit":2020},"geometry":{"type":"MultiPolygon","coordinates":[[[[113.710002,30.388924],[113.709614,30.377791],[113.73657,30.372824],[113.751718,30.375393],[113.741153,30.34901],[113.746047,30.337016],[113.763293,30.324378],[113.759564,30.31945],[113.76407,30.304495],[113.761817,30.298196],[113.762128,30.296353],[113.76438,30.288981],[113.776421,30.283709],[113.789627,30.287824],[113.792735,30.28388],[113.78318,30.263776],[113.779373,30.249627],[113.764924,30.245682],[113.755913,30.232045],[113.769585,30.215447],[113.800891,30.203308],[113.811223,30.204166],[113.817282,30.198246],[113.820157,30.178982],[113.84284,30.186748],[113.851385,30.183444],[113.866223,30.189665],[113.863504,30.200005],[113.867233,30.209528],[113.888518,30.238307],[113.911978,30.274793],[113.929457,30.289195],[113.953616,30.296481],[113.975678,30.295196],[114.000071,30.278994],[114.01452,30.267248],[114.02757,30.244138],[114.035572,30.225355],[114.048467,30.219651],[114.044738,30.210171],[114.036737,30.208241],[114.038524,30.197431],[114.0487,30.198203],[114.056002,30.205367],[114.075345,30.208413],[114.10603,30.202364],[114.115275,30.194428],[114.129413,30.168726],[114.151397,30.143876],[114.154893,30.127778],[114.150465,30.117174],[114.162195,30.110046],[114.167788,30.090679],[114.192725,30.086685],[114.197386,30.071093],[114.195676,30.053995],[114.198939,30.040633],[114.208805,30.031781],[114.214087,30.020736],[114.212145,30.003243],[114.237548,29.995892],[114.265436,29.99946],[114.297907,30.006424],[114.305986,30.011754],[114.324941,30.017513],[114.334496,30.027441],[114.347158,30.02628],[114.361996,30.033027],[114.372483,30.028042],[114.406508,30.020951],[114.423132,30.011023],[114.43999,30.004876],[114.451021,30.004833],[114.461119,29.995591],[114.481239,29.988154],[114.487765,29.994087],[114.497475,29.991894],[114.497242,29.983898],[114.514099,29.975428],[114.524353,29.976073],[114.532277,29.969322],[114.5409,29.975084],[114.533831,29.984156],[114.534374,29.99284],[114.543929,30.007885],[114.534297,30.022026],[114.537948,30.027183],[114.548901,30.021295],[114.549989,30.031566],[114.562185,30.026882],[114.565137,30.030277],[114.553718,30.037711],[114.545017,30.05421],[114.54626,30.062802],[114.54292,30.077794],[114.536394,30.082003],[114.533908,30.094673],[114.518682,30.101973],[114.519925,30.107384],[114.505476,30.123829],[114.508118,30.138382],[114.506486,30.149842],[114.515964,30.162933],[114.513089,30.172588],[114.519848,30.176364],[114.521479,30.192797],[114.534841,30.194599],[114.540589,30.202579],[114.544396,30.218621],[114.544473,30.234619],[114.567778,30.254086],[114.570264,30.273336],[114.590772,30.284481],[114.595045,30.296396],[114.592947,30.313923],[114.598696,30.339244],[114.59722,30.347126],[114.586577,30.363059],[114.593025,30.410287],[114.591161,30.421417],[114.583237,30.437466],[114.591083,30.445298],[114.590539,30.457407],[114.608173,30.456851],[114.619981,30.451331],[114.626662,30.469772],[114.635052,30.470157],[114.640956,30.4779],[114.633265,30.499971],[114.637304,30.50737],[114.633343,30.526697],[114.624021,30.530716],[114.630857,30.538668],[114.625963,30.54149],[114.621146,30.556879],[114.630235,30.556494],[114.66628,30.571923],[114.692848,30.577009],[114.71926,30.584102],[114.739225,30.592862],[114.760044,30.60914],[114.784902,30.616829],[114.791738,30.616829],[114.803235,30.621485],[114.85101,30.628191],[114.859556,30.636349],[114.855283,30.642669],[114.848136,30.641046],[114.840213,30.658383],[114.830813,30.668374],[114.815587,30.659707],[114.805954,30.671576],[114.81279,30.685578],[114.795467,30.708285],[114.791428,30.718783],[114.79873,30.73201],[114.811004,30.72625],[114.829415,30.735295],[114.848214,30.741695],[114.875558,30.764516],[114.877966,30.776458],[114.875947,30.793387],[114.883404,30.797309],[114.900106,30.793984],[114.900728,30.788568],[114.917662,30.783451],[114.924887,30.791297],[114.933898,30.792918],[114.952231,30.774368],[114.958135,30.788654],[114.946949,30.801147],[114.970099,30.810867],[114.972196,30.805666],[114.983848,30.815769],[114.989752,30.808778],[114.993248,30.82438],[115.000861,30.834524],[114.992704,30.843602],[114.999385,30.857537],[115.010571,30.85221],[115.011271,30.858644],[115.029914,30.857579],[115.03442,30.846841],[115.056327,30.855832],[115.051899,30.860136],[115.062153,30.869083],[115.081651,30.87803],[115.079399,30.89098],[115.057026,30.896219],[115.059822,30.903246],[115.05454,30.908783],[115.036828,30.909549],[115.028283,30.916576],[115.035896,30.926923],[115.009562,30.926114],[114.990529,30.945146],[114.9868,30.957022],[114.994103,30.965067],[114.983072,30.971749],[114.983848,30.979665],[114.991228,30.981963],[114.988976,30.99643],[114.985713,30.99443],[114.977634,30.995111],[114.969089,30.99392],[114.964661,30.985878],[114.954484,30.990558],[114.957359,31.000004],[114.942754,30.993622],[114.93786,31.001834],[114.931878,30.994856],[114.921469,31.014341],[114.905699,31.005748],[114.883482,31.006471],[114.863906,30.991026],[114.855205,30.991367],[114.855516,30.984175],[114.870509,30.980175],[114.876257,30.968897],[114.862352,30.945699],[114.843009,30.944805],[114.8413,30.949573],[114.825608,30.948807],[114.825453,30.956426],[114.818151,30.956256],[114.808829,30.974175],[114.80712,30.993622],[114.795312,30.988899],[114.798497,31.000855],[114.778765,30.986643],[114.777988,30.978516],[114.767967,30.96047],[114.762996,30.966386],[114.764472,30.979196],[114.77022,30.985622],[114.760743,30.987154],[114.757869,30.995069],[114.750566,30.994005],[114.730524,30.980048],[114.713589,30.980558],[114.702481,30.973792],[114.704112,30.957831],[114.70116,30.953106],[114.708617,30.939909],[114.693625,30.947615],[114.682594,30.948679],[114.655405,30.932246],[114.650744,30.941868],[114.642975,30.933395],[114.628604,30.927945],[114.615942,30.927264],[114.614233,30.940079],[114.608562,30.944166],[114.604367,30.960555],[114.576246,30.969876],[114.559932,30.984175],[114.551775,30.998004],[114.544007,30.990814],[114.540978,31.000132],[114.525286,31.01264],[114.512157,31.01349],[114.500427,31.03344],[114.504855,31.045008],[114.515575,31.050834],[114.515653,31.063675],[114.534064,31.094369],[114.528548,31.108224],[114.53453,31.117021],[114.527616,31.122375],[114.525674,31.135462],[114.518139,31.144978],[114.493591,31.149184],[114.486522,31.159761],[114.471218,31.170167],[114.461585,31.168553],[114.459177,31.183077],[114.472228,31.183884],[114.472306,31.190932],[114.45273,31.195943],[114.454982,31.204052],[114.434785,31.206047],[114.424453,31.211779],[114.405887,31.229564],[114.402236,31.249341],[114.411868,31.258719],[114.440067,31.307968],[114.431833,31.312124],[114.407363,31.314626],[114.397497,31.311234],[114.376523,31.31276],[114.366501,31.310555],[114.357568,31.32264],[114.347314,31.323192],[114.332942,31.316619],[114.31826,31.325693],[114.31189,31.335233],[114.301558,31.336759],[114.297286,31.349265],[114.282915,31.361261],[114.267456,31.350367],[114.240111,31.339176],[114.239179,31.323701],[114.229003,31.318315],[114.21937,31.302879],[114.203911,31.301649],[114.19723,31.288585],[114.196065,31.278574],[114.200726,31.268053],[114.183558,31.267502],[114.179985,31.256767],[114.184102,31.240557],[114.192103,31.223749],[114.20259,31.217849],[114.212301,31.206896],[114.212145,31.199297],[114.233197,31.203627],[114.243218,31.191867],[114.248346,31.179807],[114.243607,31.169699],[114.232654,31.16078],[114.222866,31.142939],[114.206086,31.126114],[114.181849,31.112644],[114.186432,31.094241],[114.182548,31.084465],[114.191482,31.073837],[114.186355,31.054023],[114.166002,31.046794],[114.167866,31.038459],[114.157923,31.029144],[114.159399,31.021148],[114.170663,31.012299],[114.166157,31.007279],[114.179441,30.986814],[114.173381,30.978516],[114.175401,30.967663],[114.163749,30.955192],[114.157845,30.953659],[114.161185,30.942591],[114.162661,30.91334],[114.159243,30.906015],[114.164603,30.89213],[114.157534,30.885698],[114.16639,30.875218],[114.170973,30.830177],[114.180218,30.818711],[114.173537,30.798503],[114.180917,30.767971],[114.178353,30.75799],[114.165458,30.755815],[114.149533,30.768781],[114.125606,30.77198],[114.113876,30.767757],[114.110303,30.775264],[114.087153,30.782087],[114.030289,30.785328],[114.021977,30.780083],[114.006208,30.785711],[113.994944,30.786266],[113.976533,30.77778],[113.949266,30.779699],[113.94041,30.776842],[113.924174,30.76153],[113.91594,30.769634],[113.905297,30.764047],[113.905919,30.755815],[113.917338,30.753511],[113.910347,30.732266],[113.915862,30.725397],[113.906463,30.721386],[113.902501,30.727658],[113.894422,30.725909],[113.896985,30.708242],[113.913143,30.713534],[113.917882,30.699408],[113.924407,30.693134],[113.937847,30.697615],[113.94445,30.687457],[113.95719,30.683017],[113.939944,30.659536],[113.92534,30.647836],[113.924485,30.642242],[113.940565,30.634597],[113.926583,30.619221],[113.940565,30.608584],[113.939711,30.586282],[113.921067,30.571154],[113.890538,30.568547],[113.881138,30.551707],[113.879584,30.537471],[113.882148,30.525928],[113.868087,30.517633],[113.863038,30.530246],[113.852784,30.530075],[113.838102,30.516307],[113.831421,30.495224],[113.820623,30.49424],[113.811767,30.486327],[113.790171,30.457108],[113.779995,30.44932],[113.774635,30.432716],[113.752806,30.425526],[113.723131,30.423557],[113.716994,30.408404],[113.702312,30.395304],[113.710002,30.388924]]],[[[114.939258,31.019914],[114.947726,31.023317],[114.946328,31.034035],[114.93351,31.03714],[114.929004,31.025188],[114.939258,31.019914]]],[[[114.969089,30.99392],[114.977634,30.995111],[114.985713,30.99443],[114.988976,30.99643],[114.982916,31.002387],[114.98548,31.017659],[114.980663,31.025231],[114.971575,31.021148],[114.977867,31.006131],[114.969089,30.99392]]]]}},{"type":"Feature","properties":{"adcode":460200,"name":"三亚市","center":[109.508268,18.247872],"centroid":[109.421656,18.362263],"childrenNum":4,"level":"city","parent":{"adcode":460000},"subFeatureIndex":1,"acroutes":[100000,460000],"footprintId":"sanya","footprintName":"三亚","footprintNameEn":"Sanya","firstVisit":2020},"geometry":{"type":"MultiPolygon","coordinates":[[[[108.932374,18.335288],[108.956448,18.307433],[109.006632,18.323032],[109.108298,18.323828],[109.138668,18.267791],[109.174686,18.260149],[109.28811,18.264925],[109.355887,18.214922],[109.441349,18.199153],[109.4632,18.177171],[109.527366,18.169046],[109.561718,18.143554],[109.63792,18.171595],[109.72616,18.177808],[109.749863,18.19326],[109.783381,18.337516],[109.805418,18.347543],[109.785048,18.426622],[109.809955,18.459388],[109.781159,18.51107],[109.725234,18.493102],[109.710882,18.426462],[109.665883,18.391462],[109.539866,18.396713],[109.515607,18.429008],[109.536996,18.490717],[109.535237,18.53142],[109.506163,18.551291],[109.423386,18.574657],[109.405146,18.623443],[109.332832,18.575451],[109.313295,18.517429],[109.246537,18.558921],[109.203574,18.553517],[109.185056,18.507095],[109.195148,18.469407],[109.072557,18.452231],[109.015243,18.422645],[108.932374,18.335288]]]]}},{"type":"Feature","properties":{"adcode":460300,"name":"三沙市","center":[112.34882,16.831039],"centroid":[113.343872,8.21455],"childrenNum":2,"level":"city","parent":{"adcode":460000},"subFeatureIndex":2,"acroutes":[100000,460000],"footprintId":"sansha","footprintName":"三沙","footprintNameEn":"Sansha","firstVisit":2020},"geometry":{"type":"MultiPolygon","coordinates":[[[[113.26602,8.126149],[113.342871,8.193701],[113.290001,8.121834],[113.349815,8.172457],[113.386296,8.238342],[113.386296,8.289282],[113.354074,8.304049],[113.349352,8.231206],[113.294168,8.176275],[113.26602,8.126149]]],[[[111.463081,17.077615],[111.523451,17.103899],[111.538265,17.094123],[111.493729,17.058701],[111.559098,17.087712],[111.541969,17.120084],[111.452063,17.093161],[111.463081,17.077615]]],[[[117.708276,15.182553],[117.726887,15.105513],[117.827533,15.111664],[117.72522,15.13125],[117.720775,15.195336],[117.748553,15.229799],[117.71522,15.22268],[117.708276,15.182553]]],[[[111.734466,16.197411],[111.800484,16.208038],[111.822058,16.238466],[111.782521,16.273718],[111.68493,16.256978],[111.784929,16.253115],[111.793725,16.225748],[111.734466,16.197411]]],[[[113.896938,7.607108],[113.919437,7.566886],[113.987214,7.536302],[114.058972,7.537798],[114.157582,7.561401],[114.290173,7.617246],[114.368413,7.638684],[114.403783,7.675907],[114.420079,7.765795],[114.464152,7.814968],[114.540448,7.861976],[114.555077,7.891208],[114.540725,7.945514],[114.472578,7.969094],[114.414616,7.95282],[114.268229,7.870779],[114.211748,7.78706],[114.095083,7.720937],[114.029065,7.669925],[113.921474,7.639016],[113.896938,7.607108]]],[[[111.649468,16.255691],[111.577802,16.20836],[111.568265,16.16279],[111.611042,16.156348],[111.690763,16.210936],[111.606598,16.177766],[111.59882,16.198377],[111.681134,16.262129],[111.649468,16.255691]]],[[[113.977029,8.872712],[114.01351,8.836926],[114.035269,8.783904],[114.060084,8.816381],[113.994899,8.876853],[113.977029,8.872712]]],[[[113.955826,8.840406],[113.975177,8.792852],[114.011843,8.798652],[113.977585,8.8414],[113.955826,8.840406]]],[[[111.974371,16.323768],[111.995667,16.307033],[112.056592,16.312987],[112.074925,16.349674],[112.002889,16.3508],[111.974371,16.323768]]],[[[111.739003,16.458888],[111.752059,16.455672],[111.786688,16.520144],[111.744466,16.551809],[111.765762,16.495387],[111.739003,16.458888]]],[[[114.194248,8.764516],[114.210267,8.712313],[114.24934,8.730543],[114.222026,8.784733],[114.194248,8.764516]]],[[[112.232701,16.996336],[112.222515,16.960575],[112.293255,16.967792],[112.232701,16.996336]]],[[[115.837467,9.709661],[115.861263,9.694291],[115.867282,9.650159],[115.900985,9.670986],[115.925614,9.781546],[115.8708,9.778737],[115.837467,9.709661]]],[[[114.617391,9.965401],[114.64202,9.917341],[114.672205,9.927746],[114.685816,9.979107],[114.617391,9.965401]]],[[[114.689705,10.345663],[114.725908,10.319106],[114.74526,10.374362],[114.703501,10.374033],[114.689705,10.345663]]],[[[109.464034,7.344605],[109.467367,7.309847],[109.513292,7.320325],[109.571532,7.373539],[109.654124,7.47945],[109.709401,7.510869],[109.7919,7.5245],[109.93912,7.504553],[109.94875,7.523004],[109.904769,7.551595],[109.816436,7.572704],[109.722364,7.575862],[109.653013,7.559573],[109.535885,7.448694],[109.464034,7.344605]]],[[[113.769439,7.636856],[113.773699,7.601789],[113.833975,7.616248],[113.831568,7.644666],[113.769439,7.636856]]],[[[116.27348,8.87967],[116.294128,8.858133],[116.33209,8.901039],[116.30598,8.917273],[116.27348,8.87967]]],[[[112.476586,16.001357],[112.569918,16.011189],[112.612233,16.039391],[112.588066,16.070812],[112.462235,16.044064],[112.448531,16.005226],[112.476586,16.001357]]],[[[112.537511,8.84637],[112.570752,8.815387],[112.639825,8.818535],[112.598251,8.858961],[112.537511,8.84637]]],[[[115.180069,8.376712],[115.194328,8.355313],[115.262753,8.343368],[115.267382,8.366759],[115.180069,8.376712]]],[[[114.469337,10.835987],[114.475171,10.814413],[114.513226,10.848668],[114.565169,10.836482],[114.59341,10.856572],[114.587299,10.909097],[114.554707,10.90103],[114.469337,10.835987]]],[[[112.409365,16.295285],[112.383532,16.265831],[112.475845,16.288847],[112.538808,16.289008],[112.529085,16.318297],[112.409365,16.295285]]],[[[112.348903,16.911813],[112.333995,16.962499],[112.303811,16.960254],[112.348903,16.911813]]],[[[111.499933,16.451974],[111.546043,16.434606],[111.550673,16.453421],[111.499933,16.451974]]],[[[115.500064,9.898181],[115.54849,9.868943],[115.581267,9.917176],[115.517842,9.933692],[115.500064,9.898181]]],[[[116.488662,10.395968],[116.461903,10.349127],[116.466996,10.308878],[116.566532,10.304424],[116.644771,10.334941],[116.63792,10.364961],[116.514958,10.349292],[116.542365,10.420045],[116.488662,10.395968]]],[[[113.894715,8.00496],[113.905086,7.963614],[113.97064,7.944683],[113.939993,8.018242],[113.894715,8.00496]]],[[[114.507855,8.120174],[114.520818,8.103242],[114.595725,8.120672],[114.62452,8.149387],[114.596002,8.158184],[114.507855,8.120174]]],[[[114.669983,8.210296],[114.691186,8.185071],[114.741556,8.189386],[114.726649,8.210628],[114.669983,8.210296]]],[[[115.43201,9.364898],[115.470065,9.359108],[115.456176,9.417007],[115.43201,9.364898]]],[[[113.638145,8.976735],[113.654533,8.961994],[113.730736,9.003895],[113.719255,9.019958],[113.638145,8.976735]]],[[[116.457274,9.174594],[116.481903,9.136852],[116.490514,9.183863],[116.457274,9.174594]]],[[[112.583622,4.97024],[112.603251,4.939838],[112.630843,4.947355],[112.641399,4.98661],[112.596585,4.990619],[112.583622,4.97024]]],[[[113.939252,8.875031],[113.91203,8.889112],[113.893604,8.862606],[113.932122,8.841565],[113.939252,8.875031]]],[[[112.010944,3.849849],[112.055295,3.840146],[112.036962,3.878957],[112.010944,3.849849]]],[[[109.936342,7.848356],[109.948009,7.815633],[109.988286,7.812643],[110.05023,7.846529],[110.082822,7.896689],[110.077914,7.949499],[110.033008,7.944517],[109.952824,7.88855],[109.936342,7.848356]]],[[[114.697205,11.00441],[114.71026,11.002105],[114.793315,11.076326],[114.799518,11.104956],[114.766556,11.110221],[114.710538,11.039794],[114.697205,11.00441]]],[[[114.910628,10.862994],[114.930905,10.841751],[114.960164,10.902018],[114.934053,10.902841],[114.910628,10.862994]]],[[[111.572987,16.469983],[111.61419,16.440395],[111.592431,16.490724],[111.572987,16.469983]]],[[[114.619798,11.432026],[114.652576,11.43712],[114.661835,11.522565],[114.619798,11.515829],[114.619798,11.432026]]],[[[112.507512,16.465963],[112.586677,16.525609],[112.575289,16.537183],[112.499641,16.493618],[112.507512,16.465963]]],[[[114.79174,8.161005],[114.777111,8.114032],[114.811925,8.11038],[114.79174,8.161005]]],[[[116.7269,11.5017],[116.765048,11.430218],[116.772177,11.445502],[116.738196,11.514844],[116.7269,11.5017]]],[[[111.690486,16.587647],[111.727707,16.559524],[111.716967,16.594236],[111.690486,16.587647]]],[[[113.846012,10.018737],[113.865364,10.003216],[113.872493,10.122908],[113.856568,10.122083],[113.846012,10.018737]]],[[[111.761688,16.061789],[111.776688,16.029722],[111.828447,16.049382],[111.829558,16.070973],[111.761688,16.061789]]],[[[112.613621,5.038222],[112.656862,4.997801],[112.662695,5.025361],[112.613621,5.038222]]],[[[115.97728,9.322213],[115.926355,9.311293],[115.942929,9.269759],[115.999317,9.293753],[115.97728,9.322213]]],[[[113.660274,9.231034],[113.677033,9.202732],[113.697218,9.225738],[113.660274,9.231034]]],[[[114.703223,16.170359],[114.816185,16.198538],[114.802944,16.2148],[114.704612,16.199343],[114.703223,16.170359]]],[[[115.28266,10.191731],[115.290808,10.171267],[115.3334,10.200312],[115.28266,10.191731]]],[[[114.665816,7.589989],[114.687946,7.564559],[114.724241,7.606942],[114.677946,7.610432],[114.665816,7.589989]]],[[[115.257845,8.509728],[115.268493,8.477888],[115.296086,8.511054],[115.257845,8.509728]]],[[[110.459761,8.116356],[110.471243,8.072199],[110.554297,8.093614],[110.599759,8.156856],[110.568186,8.172623],[110.461613,8.128307],[110.459761,8.116356]]],[[[113.222039,8.074026],[113.28352,8.110878],[113.26102,8.116522],[113.222039,8.074026]]],[[[114.242489,10.241895],[114.263044,10.23975],[114.326284,10.284627],[114.312488,10.300795],[114.264988,10.275388],[114.242489,10.241895]]],[[[114.493041,10.717228],[114.562762,10.778179],[114.539244,10.793497],[114.493041,10.717228]]],[[[114.688779,11.469165],[114.73063,11.428903],[114.720538,11.491841],[114.688779,11.469165]]],[[[116.63829,10.504136],[116.708474,10.49276],[116.699215,10.517489],[116.63829,10.504136]]],[[[117.770867,10.773566],[117.798737,10.753306],[117.835867,10.803708],[117.832811,10.836482],[117.801608,10.839446],[117.770867,10.773566]]],[[[112.46279,5.029871],[112.506493,5.005151],[112.499086,5.034381],[112.46279,5.029871]]],[[[112.22196,3.88063],[112.266589,3.872601],[112.243256,3.906727],[112.22196,3.88063]]],[[[112.248811,3.945201],[112.284922,3.94771],[112.259182,3.973637],[112.248811,3.945201]]],[[[115.509509,8.490657],[115.521916,8.460308],[115.554323,8.461138],[115.55886,8.522994],[115.514138,8.519345],[115.509509,8.490657]]],[[[110.460595,7.799852],[110.487724,7.783405],[110.511612,7.805832],[110.485039,7.827759],[110.460595,7.799852]]],[[[110.609018,8.010937],[110.642629,7.98902],[110.641796,8.031027],[110.609018,8.010937]]],[[[111.539099,7.544281],[111.583543,7.543284],[111.612338,7.592316],[111.56345,7.60262],[111.539099,7.544281]]],[[[111.925482,8.070871],[111.965204,8.047463],[112.018722,8.065559],[112.013166,8.093282],[111.954556,8.10623],[111.925482,8.070871]]],[[[112.346032,8.926052],[112.392698,8.919592],[112.385013,8.947088],[112.346032,8.926052]]],[[[117.257911,10.32059],[117.2993,10.313992],[117.27467,10.358199],[117.257911,10.32059]]],[[[114.213044,16.04068],[114.307765,16.034073],[114.306469,16.0576],[114.213044,16.04068]]],[[[114.066565,10.917823],[114.109898,10.918317],[114.101194,10.946798],[114.066565,10.917823]]],[[[111.658171,8.6727],[111.665764,8.622804],[111.717893,8.649825],[111.69743,8.678998],[111.658171,8.6727]]],[[[116.080797,10.804861],[116.11163,10.791026],[116.097464,10.829894],[116.080797,10.804861]]],[[[114.854147,7.244317],[114.819888,7.192917],[114.86961,7.198739],[114.854147,7.244317]]],[[[113.599719,6.962128],[113.576479,6.922682],[113.608145,6.920185],[113.599719,6.962128]]],[[[112.527511,5.794379],[112.562974,5.75918],[112.561863,5.820735],[112.527511,5.794379]]],[[[114.868314,7.983706],[114.883684,7.954813],[114.920072,7.972747],[114.914239,8.007616],[114.868314,7.983706]]],[[[111.670486,7.651314],[111.70743,7.648821],[111.749651,7.703989],[111.726504,7.730241],[111.691226,7.711798],[111.670486,7.651314]]],[[[114.59878,8.846039],[114.645539,8.844713],[114.682205,8.881161],[114.665353,8.89988],[114.617206,8.881161],[114.59878,8.846039]]],[[[116.04552,10.095506],[116.070242,10.063975],[116.096075,10.093526],[116.070427,10.129015],[116.04552,10.095506]]],[[[117.2668,10.691691],[117.404761,10.670766],[117.418557,10.702565],[117.369299,10.742433],[117.293003,10.73535],[117.2668,10.691691]]],[[[112.52316,5.656072],[112.545011,5.616359],[112.565844,5.630543],[112.561585,5.677096],[112.528623,5.687106],[112.52316,5.656072]]],[[[112.583159,5.561624],[112.614362,5.465492],[112.639362,5.480013],[112.616214,5.5688],[112.583159,5.561624]]],[[[112.651028,5.106866],[112.652973,5.060269],[112.682602,5.048745],[112.718898,5.075802],[112.678528,5.121228],[112.651028,5.106866]]],[[[111.63882,7.907152],[111.70743,7.886225],[111.713633,7.927413],[111.651782,7.932561],[111.63882,7.907152]]],[[[112.892044,7.844203],[112.929636,7.827759],[112.93195,7.867457],[112.892044,7.844203]]],[[[112.244274,8.874534],[112.281496,8.854819],[112.288441,8.885633],[112.244274,8.874534]]],[[[117.348188,10.090389],[117.385224,10.063645],[117.373836,10.106566],[117.348188,10.090389]]],[[[116.694863,16.34549],[116.713567,16.296733],[116.74764,16.321677],[116.747733,16.360453],[116.718104,16.373484],[116.694863,16.34549]]],[[[114.448412,16.034073],[114.521651,16.056472],[114.465449,16.067428],[114.448412,16.034073]]],[[[112.993153,19.472312],[113.038801,19.480532],[113.029079,19.528895],[112.993616,19.526051],[112.993153,19.472312]]],[[[113.832124,19.158377],[113.873975,19.151407],[113.914715,19.172155],[113.920363,19.22346],[113.875919,19.236917],[113.806754,19.223143],[113.799531,19.199077],[113.832124,19.158377]]],[[[112.557141,5.109538],[112.56927,5.071793],[112.610844,5.091668],[112.601677,5.119725],[112.557141,5.109538]]],[[[112.907229,4.99279],[112.94371,4.991621],[112.952598,5.048077],[112.911025,5.038222],[112.907229,4.99279]]],[[[115.361825,13.948906],[115.397658,13.924984],[115.438584,13.943536],[115.423399,13.977382],[115.361825,13.948906]]],[[[112.226497,16.759352],[112.262145,16.778135],[112.210849,16.795954],[112.226497,16.759352]]],[[[112.233626,15.696021],[112.251774,15.742989],[112.203627,15.71426],[112.233626,15.696021]]],[[[112.611862,5.367842],[112.640195,5.347976],[112.685102,5.371849],[112.691028,5.406737],[112.64538,5.409575],[112.611862,5.367842]]],[[[114.949146,7.509041],[114.981368,7.476458],[115.012108,7.48477],[115.013867,7.525996],[114.949146,7.509041]]],[[[111.553728,7.807825],[111.585209,7.771444],[111.619653,7.840549],[111.603913,7.861478],[111.553728,7.807825]]],[[[114.926183,16.036652],[114.895535,16.036168],[114.910998,16.002002],[114.926183,16.036652]]],[[[116.749492,9.056554],[116.699308,9.048937],[116.740603,9.028569],[116.749492,9.056554]]],[[[113.938604,15.835278],[113.973233,15.805595],[113.97064,15.839311],[113.938604,15.835278]]],[[[112.646306,16.38571],[112.681769,16.40083],[112.659917,16.426725],[112.646306,16.38571]]],[[[115.758209,10.461104],[115.776264,10.434721],[115.802005,10.463577],[115.758209,10.461104]]],[[[112.512049,9.544847],[112.508345,9.525666],[112.568715,9.516902],[112.567233,9.553941],[112.512049,9.544847]]],[[[114.610169,15.649365],[114.58128,15.625468],[114.611002,15.615295],[114.610169,15.649365]]],[[[117.299392,11.077642],[117.2643,11.062833],[117.304485,11.027287],[117.299392,11.077642]]],[[[117.690776,11.048845],[117.653369,11.046212],[117.690313,11.016589],[117.690776,11.048845]]],[[[114.166841,9.384585],[114.175267,9.342233],[114.194156,9.391533],[114.166841,9.384585]]]]}},{"type":"Feature","properties":{"adcode":411300,"name":"南阳市","center":[112.540918,32.999082],"centroid":[112.288385,33.044723],"childrenNum":13,"level":"city","parent":{"adcode":410000},"subFeatureIndex":12,"acroutes":[100000,410000],"footprintId":"nanyang","footprintName":"南阳","footprintNameEn":"Nanyang","firstVisit":2021},"geometry":{"type":"MultiPolygon","coordinates":[[[[111.009982,33.56054],[111.003691,33.548075],[111.003565,33.533105],[111.019482,33.520837],[111.027346,33.493139],[111.027346,33.469542],[111.020866,33.45085],[110.996708,33.435963],[111.011429,33.407336],[111.011052,33.398861],[111.017406,33.385019],[111.026151,33.375338],[111.02722,33.365506],[111.023005,33.35487],[111.029988,33.339415],[111.026025,33.330382],[111.000356,33.323957],[110.999476,33.313416],[111.007969,33.303678],[110.998469,33.301418],[110.997903,33.290975],[110.991297,33.276112],[110.982867,33.270085],[110.997022,33.254766],[110.985006,33.255419],[110.997274,33.238941],[111.01231,33.233113],[111.016714,33.223968],[111.030366,33.214571],[111.032442,33.209345],[111.051441,33.20065],[111.057858,33.183609],[111.037223,33.160984],[111.045527,33.158168],[111.061885,33.174006],[111.073272,33.180643],[111.088811,33.182051],[111.0985,33.176923],[111.106678,33.164453],[111.128257,33.154547],[111.132032,33.137749],[111.139267,33.134379],[111.146313,33.123815],[111.162544,33.124268],[111.179531,33.115463],[111.177014,33.101174],[111.190918,33.086731],[111.192868,33.071631],[111.167829,33.06398],[111.15078,33.053206],[111.148263,33.042381],[111.152982,33.039712],[111.179845,33.043942],[111.189345,33.038655],[111.221682,33.042633],[111.24043,33.037194],[111.240556,33.019971],[111.2588,33.006472],[111.269495,32.987831],[111.273647,32.971858],[111.267797,32.963744],[111.253138,32.955781],[111.245526,32.944188],[111.24282,32.930627],[111.24993,32.91424],[111.246344,32.888518],[111.2549,32.884029],[111.269621,32.898455],[111.280127,32.904355],[111.290697,32.892554],[111.289879,32.86506],[111.293528,32.859409],[111.316365,32.85078],[111.331275,32.841142],[111.358642,32.837003],[111.380032,32.828827],[111.385065,32.821305],[111.396138,32.794547],[111.405637,32.782529],[111.404128,32.77561],[111.41023,32.769347],[111.413564,32.757174],[111.422938,32.751011],[111.437597,32.750253],[111.447285,32.754951],[111.448229,32.761467],[111.46295,32.764296],[111.461063,32.771671],[111.468172,32.770862],[111.475659,32.758437],[111.469808,32.753638],[111.46899,32.738633],[111.456974,32.72696],[111.444391,32.736713],[111.441749,32.726758],[111.431494,32.735045],[111.425455,32.73267],[111.44112,32.722816],[111.464649,32.722362],[111.472639,32.717763],[111.467858,32.707351],[111.479874,32.694664],[111.513029,32.673986],[111.526555,32.654163],[111.524793,32.647285],[111.530267,32.628316],[111.55908,32.601095],[111.57764,32.593505],[111.603685,32.610254],[111.618344,32.627608],[111.634009,32.635145],[111.640804,32.634741],[111.640804,32.617338],[111.646403,32.606206],[111.673015,32.61496],[111.69214,32.605953],[111.713593,32.60656],[111.729258,32.594011],[111.740331,32.589253],[111.747377,32.577612],[111.766817,32.56521],[111.785061,32.557312],[111.809157,32.536704],[111.827024,32.538071],[111.828219,32.531285],[111.858291,32.528702],[111.862758,32.513609],[111.870245,32.506315],[111.889936,32.503174],[111.915353,32.507733],[111.932339,32.51523],[111.948696,32.517003],[111.956434,32.512292],[111.966815,32.494916],[111.977384,32.471151],[111.992861,32.467351],[111.990407,32.457468],[112.001102,32.459444],[112.007079,32.45103],[112.014377,32.450321],[112.032495,32.462435],[112.038095,32.470087],[112.047972,32.473736],[112.064014,32.474243],[112.069865,32.460002],[112.065965,32.444643],[112.07515,32.436887],[112.086034,32.435316],[112.081315,32.425682],[112.084398,32.419699],[112.093646,32.418888],[112.108431,32.40474],[112.12441,32.398755],[112.130261,32.403117],[112.13737,32.390589],[112.156873,32.377096],[112.164485,32.385314],[112.150645,32.384198],[112.161717,32.399313],[112.146555,32.403117],[112.150204,32.411637],[112.164674,32.411282],[112.172475,32.405906],[112.172161,32.39835],[112.178829,32.392111],[112.17279,32.385162],[112.205882,32.392973],[112.229033,32.385365],[112.230921,32.377451],[112.251619,32.368116],[112.255394,32.359745],[112.261999,32.358882],[112.288297,32.345587],[112.299495,32.334929],[112.32812,32.321682],[112.329819,32.338178],[112.338627,32.34853],[112.351146,32.350459],[112.360017,32.36563],[112.368195,32.367913],[112.38795,32.363702],[112.39097,32.37116],[112.414184,32.363195],[112.417519,32.357005],[112.450422,32.342847],[112.445515,32.355584],[112.460236,32.368269],[112.472756,32.371769],[112.477222,32.380799],[112.495656,32.374915],[112.506539,32.380749],[112.521638,32.383082],[112.531201,32.377147],[112.544727,32.395509],[112.545231,32.403878],[112.561714,32.398907],[112.577819,32.387952],[112.57719,32.382524],[112.58908,32.381307],[112.59663,32.385568],[112.61198,32.387039],[112.630477,32.379937],[112.645513,32.368472],[112.672062,32.368116],[112.685651,32.357715],[112.713647,32.35259],[112.719183,32.361774],[112.73359,32.366239],[112.734911,32.351677],[112.754099,32.342847],[112.767877,32.344166],[112.77637,32.358375],[112.804052,32.372277],[112.835634,32.381611],[112.860736,32.395814],[112.870487,32.397842],[112.878603,32.392567],[112.877219,32.379531],[112.888857,32.376792],[112.902384,32.388662],[112.911883,32.390741],[112.948184,32.388256],[112.960389,32.385314],[112.969888,32.37116],[112.98807,32.372327],[112.991908,32.378314],[112.988636,32.399567],[113.00059,32.416758],[113.012543,32.417164],[113.025314,32.424618],[113.05029,32.417925],[113.058846,32.404638],[113.078915,32.394393],[113.107981,32.398502],[113.118739,32.375828],[113.150258,32.376284],[113.155606,32.380749],[113.159695,32.400784],[113.159129,32.410673],[113.172718,32.42117],[113.185678,32.42188],[113.211786,32.431969],[113.226508,32.42548],[113.236322,32.406971],[113.259537,32.390589],[113.273189,32.384756],[113.295397,32.367406],[113.298731,32.35396],[113.325217,32.346602],[113.333333,32.335945],[113.31773,32.327012],[113.31836,32.319042],[113.332074,32.316098],[113.347677,32.298633],[113.365166,32.294774],[113.376679,32.298379],[113.394106,32.288072],[113.397944,32.279286],[113.410023,32.278017],[113.420466,32.269535],[113.428834,32.270551],[113.471048,32.299141],[113.480296,32.298989],[113.500239,32.312697],[113.511689,32.316809],[113.528738,32.330362],[113.542013,32.326809],[113.550066,32.328737],[113.547675,32.316047],[113.55082,32.302543],[113.561516,32.307366],[113.556608,32.324169],[113.551261,32.329245],[113.565227,32.340208],[113.583032,32.34305],[113.579194,32.355229],[113.589637,32.349495],[113.605617,32.35056],[113.593286,32.358578],[113.593727,32.365275],[113.604233,32.365174],[113.611845,32.35873],[113.624994,32.363601],[113.624617,32.37948],[113.63657,32.385923],[113.643302,32.402559],[113.651228,32.413412],[113.662741,32.410115],[113.665006,32.422235],[113.67199,32.41762],[113.683817,32.420206],[113.6908,32.415846],[113.702187,32.420206],[113.70785,32.410318],[113.718608,32.417215],[113.710555,32.421221],[113.725339,32.436025],[113.730875,32.449307],[113.730498,32.46061],[113.73767,32.453362],[113.741319,32.465374],[113.753398,32.465425],[113.761828,32.470645],[113.764219,32.489951],[113.759375,32.508797],[113.768245,32.534425],[113.774285,32.537362],[113.763212,32.547895],[113.769126,32.559287],[113.782023,32.566172],[113.789698,32.586368],[113.805301,32.597705],[113.814423,32.600842],[113.809264,32.603828],[113.799072,32.620879],[113.785169,32.631402],[113.791963,32.642075],[113.781079,32.652595],[113.771894,32.655276],[113.761199,32.652697],[113.729114,32.669688],[113.717727,32.683694],[113.696274,32.695624],[113.668404,32.692389],[113.649089,32.708261],[113.642987,32.703106],[113.623358,32.706138],[113.614676,32.711344],[113.609832,32.696484],[113.616941,32.69158],[113.619332,32.667362],[113.594041,32.661092],[113.596243,32.649763],[113.588882,32.650421],[113.583535,32.633577],[113.571582,32.624775],[113.565416,32.602715],[113.542264,32.589152],[113.524397,32.593505],[113.513513,32.579384],[113.512759,32.571538],[113.492752,32.567741],[113.472621,32.578574],[113.458843,32.575689],[113.458528,32.585508],[113.447393,32.584698],[113.437893,32.589203],[113.422354,32.605245],[113.400712,32.61324],[113.382216,32.593353],[113.372024,32.576245],[113.364537,32.569462],[113.351577,32.573664],[113.342832,32.567893],[113.326349,32.577561],[113.321631,32.58733],[113.315717,32.587988],[113.31037,32.579536],[113.303135,32.586723],[113.282311,32.591986],[113.280486,32.595984],[113.249785,32.593555],[113.243871,32.578827],[113.221286,32.570424],[113.205432,32.569969],[113.198575,32.579536],[113.200651,32.585103],[113.196121,32.606156],[113.201783,32.614504],[113.20279,32.632262],[113.19222,32.635398],[113.186181,32.646476],[113.18788,32.652241],[113.20172,32.660333],[113.210276,32.678941],[113.220594,32.684452],[113.236196,32.679143],[113.243305,32.66984],[113.252679,32.666907],[113.258467,32.653961],[113.269351,32.662053],[113.259914,32.677778],[113.236259,32.682581],[113.241103,32.691429],[113.231226,32.701488],[113.213736,32.703055],[113.207697,32.717257],[113.191528,32.717712],[113.193982,32.733378],[113.201343,32.738835],[113.199959,32.750253],[113.177247,32.775307],[113.185237,32.788286],[113.184294,32.801364],[113.17838,32.806665],[113.187062,32.819943],[113.175737,32.83241],[113.165797,32.838063],[113.167999,32.847046],[113.177059,32.852446],[113.187062,32.866422],[113.195681,32.871871],[113.205558,32.884937],[113.201154,32.888821],[113.208137,32.916408],[113.199015,32.920291],[113.181714,32.920644],[113.161897,32.92745],[113.15592,32.936122],[113.145854,32.940306],[113.140129,32.930627],[113.11553,32.932996],[113.109805,32.94202],[113.097789,32.946406],[113.108799,32.97332],[113.116097,32.986421],[113.120312,33.001182],[113.127358,33.010552],[113.142016,33.016647],[113.161456,33.038906],[113.165546,33.048977],[113.18574,33.056932],[113.190019,33.067202],[113.206124,33.070826],[113.219273,33.064584],[113.237077,33.077017],[113.250477,33.077822],[113.257335,33.083409],[113.271427,33.08049],[113.301436,33.080138],[113.313138,33.075608],[113.325469,33.079181],[113.333836,33.085976],[113.357239,33.091613],[113.386619,33.113451],[113.388821,33.128393],[113.379888,33.135485],[113.385424,33.145595],[113.382467,33.156156],[113.385802,33.169381],[113.370136,33.182855],[113.377875,33.184313],[113.384417,33.196679],[113.384103,33.206128],[113.391212,33.225928],[113.402851,33.235224],[113.400146,33.261044],[113.384732,33.29203],[113.388318,33.299059],[113.403857,33.302724],[113.400838,33.314722],[113.40738,33.323004],[113.400397,33.335852],[113.363908,33.342476],[113.335472,33.35201],[113.312194,33.341121],[113.302632,33.348999],[113.289923,33.351709],[113.277089,33.350254],[113.270609,33.358834],[113.257964,33.366158],[113.245004,33.365356],[113.241418,33.373733],[113.230534,33.374937],[113.230912,33.38848],[113.216316,33.398861],[113.198134,33.420523],[113.192975,33.429797],[113.176052,33.435713],[113.156109,33.433607],[113.141765,33.425987],[113.128742,33.427642],[113.125659,33.439723],[113.110309,33.446138],[113.074826,33.448444],[113.045698,33.439472],[113.041357,33.44659],[113.037897,33.464331],[113.041168,33.473701],[113.053373,33.485725],[113.049221,33.492087],[113.048214,33.508317],[113.04381,33.517532],[113.047333,33.532204],[113.036261,33.539865],[113.036701,33.546974],[113.027642,33.546874],[113.022861,33.56119],[112.997255,33.569399],[112.990775,33.567797],[112.986497,33.575805],[112.972908,33.584613],[112.963597,33.583662],[112.950134,33.590968],[112.94271,33.607629],[112.917545,33.605627],[112.893513,33.616133],[112.887914,33.608329],[112.869669,33.611531],[112.854822,33.603626],[112.85262,33.584413],[112.845637,33.578107],[112.82022,33.574804],[112.81179,33.580309],[112.783668,33.567747],[112.773413,33.56079],[112.760076,33.571751],[112.750387,33.571151],[112.743215,33.578858],[112.725411,33.586765],[112.70572,33.585263],[112.689174,33.587165],[112.683889,33.591718],[112.664386,33.597673],[112.660234,33.605377],[112.646205,33.602876],[112.63444,33.594821],[112.617705,33.597272],[112.611351,33.601875],[112.610785,33.611431],[112.599775,33.618084],[112.588388,33.616883],[112.575995,33.602275],[112.556869,33.588166],[112.548502,33.59367],[112.529943,33.587915],[112.522771,33.595521],[112.524721,33.603826],[112.503394,33.622185],[112.493202,33.63899],[112.477159,33.63764],[112.461683,33.63994],[112.453756,33.645291],[112.420727,33.676389],[112.408019,33.675439],[112.392479,33.666991],[112.375116,33.666891],[112.361086,33.661242],[112.353285,33.669941],[112.332839,33.668391],[112.312455,33.684887],[112.306541,33.69978],[112.278168,33.712373],[112.258854,33.710624],[112.249354,33.719018],[112.239917,33.715321],[112.230103,33.71702],[112.214752,33.713972],[112.184995,33.698731],[112.179207,33.703278],[112.17776,33.715621],[112.168638,33.721766],[112.158509,33.720117],[112.15033,33.713672],[112.141774,33.691634],[112.13089,33.676939],[112.120573,33.668841],[112.104719,33.661392],[112.074018,33.653142],[112.071312,33.648192],[112.076345,33.633689],[112.084146,33.628988],[112.092199,33.607228],[112.087481,33.603076],[112.065713,33.607479],[112.059044,33.605227],[112.038535,33.622386],[112.024757,33.622436],[112.014943,33.613632],[112.012301,33.602626],[112.018655,33.59437],[112.024191,33.600024],[112.028343,33.593019],[112.020353,33.587715],[111.994182,33.584913],[111.930137,33.571051],[111.916359,33.572102],[111.899184,33.588666],[111.884526,33.596121],[111.863953,33.599174],[111.843444,33.595821],[111.832749,33.598723],[111.827716,33.606228],[111.82759,33.634189],[111.819411,33.652892],[111.778078,33.666091],[111.728629,33.688086],[111.719003,33.688885],[111.684968,33.677489],[111.665151,33.695582],[111.645207,33.720517],[111.619476,33.730059],[111.59148,33.727711],[111.567699,33.735005],[111.541402,33.733406],[111.523975,33.742847],[111.516048,33.7405],[111.495476,33.725663],[111.484529,33.726462],[111.469808,33.738052],[111.4342,33.747742],[111.398906,33.768168],[111.390035,33.771264],[111.348387,33.764822],[111.336245,33.768317],[111.322467,33.762974],[111.315044,33.764073],[111.304223,33.775008],[111.288558,33.779702],[111.270816,33.781699],[111.260813,33.796775],[111.240367,33.796925],[111.234831,33.801268],[111.222437,33.797574],[111.208533,33.781948],[111.196077,33.757731],[111.194441,33.745494],[111.197209,33.732207],[111.195196,33.713272],[111.186199,33.704128],[111.181292,33.686886],[111.170471,33.682138],[111.151598,33.684787],[111.141406,33.678739],[111.133164,33.678939],[111.140273,33.661292],[111.146439,33.658592],[111.152101,33.645441],[111.143922,33.633189],[111.134674,33.627437],[111.133982,33.612381],[111.123224,33.598623],[111.114542,33.578758],[111.102903,33.573903],[111.089126,33.563743],[111.070063,33.566346],[111.058425,33.555534],[111.025144,33.550578],[111.009982,33.56054]]],[[[111.033889,33.178029],[111.037789,33.184816],[111.032064,33.188686],[111.015833,33.174057],[111.033889,33.178029]]],[[[112.734093,32.356751],[112.730885,32.363144],[112.723021,32.360962],[112.734093,32.356751]]]]}},{"type":"Feature","properties":{"adcode":420800,"name":"荆门市","center":[112.204251,31.03542],"centroid":[112.614753,31.06948],"childrenNum":5,"level":"city","parent":{"adcode":420000},"subFeatureIndex":6,"acroutes":[100000,420000],"footprintId":"jingmen","footprintName":"荆门","footprintNameEn":"Jingmen","firstVisit":2021},"geometry":{"type":"MultiPolygon","coordinates":[[[[112.079824,30.659323],[112.08534,30.651338],[112.096681,30.646982],[112.100721,30.630198],[112.117345,30.625585],[112.109965,30.606448],[112.112451,30.599057],[112.124802,30.58641],[112.133658,30.570855],[112.136921,30.558161],[112.133192,30.546064],[112.136222,30.53294],[112.152069,30.522635],[112.158828,30.534393],[112.173665,30.532555],[112.183065,30.519899],[112.175452,30.492914],[112.17584,30.479055],[112.18858,30.469387],[112.200699,30.473237],[112.214138,30.470071],[112.212507,30.47713],[112.20031,30.481707],[112.200155,30.494026],[112.221518,30.505188],[112.228742,30.499244],[112.248319,30.49779],[112.263078,30.502494],[112.272556,30.499287],[112.275508,30.490519],[112.285839,30.485129],[112.296637,30.4856],[112.302619,30.480167],[112.311164,30.460573],[112.311708,30.451288],[112.304017,30.448849],[112.30293,30.436867],[112.307435,30.426382],[112.330973,30.405621],[112.345578,30.402325],[112.356065,30.406691],[112.381079,30.423386],[112.400266,30.425954],[112.433826,30.422401],[112.439186,30.433272],[112.449207,30.438322],[112.463656,30.435883],[112.505993,30.410887],[112.515703,30.400313],[112.5279,30.394447],[112.533104,30.408789],[112.527045,30.423856],[112.535435,30.437381],[112.545301,30.441489],[112.568295,30.443158],[112.578238,30.45116],[112.582822,30.471569],[112.581501,30.482734],[112.569926,30.485685],[112.568217,30.494881],[112.572257,30.510278],[112.57917,30.509722],[112.57917,30.521994],[112.58422,30.526997],[112.597581,30.515152],[112.597271,30.503692],[112.61203,30.509294],[112.621585,30.52332],[112.616614,30.534693],[112.603408,30.550595],[112.610477,30.56282],[112.62578,30.567479],[112.625547,30.584487],[112.63821,30.599143],[112.636967,30.605038],[112.623761,30.6126],[112.622906,30.619007],[112.632849,30.620161],[112.638598,30.625372],[112.649396,30.623279],[112.651649,30.633701],[112.663457,30.639039],[112.660971,30.62896],[112.669982,30.630369],[112.670914,30.639338],[112.681712,30.638142],[112.68816,30.644634],[112.710222,30.633829],[112.717602,30.634],[112.721408,30.641687],[112.71698,30.651765],[112.704473,30.656334],[112.694607,30.655224],[112.658563,30.643096],[112.63619,30.640961],[112.61405,30.649843],[112.593231,30.665386],[112.593076,30.676315],[112.605427,30.702566],[112.605816,30.704231],[112.607214,30.710888],[112.614594,30.703932],[112.616458,30.70167],[112.632927,30.706877],[112.648464,30.721514],[112.654834,30.731754],[112.689247,30.753767],[112.699501,30.762895],[112.726535,30.780083],[112.771125,30.80315],[112.780292,30.813894],[112.798392,30.826],[112.811598,30.823528],[112.813929,30.813595],[112.823484,30.801616],[112.820687,30.78972],[112.832417,30.777737],[112.829465,30.772278],[112.834204,30.757777],[112.828067,30.753383],[112.834903,30.730815],[112.829776,30.728981],[112.841195,30.729322],[112.848264,30.719167],[112.849197,30.716137],[112.871492,30.705298],[112.880192,30.697743],[112.892388,30.700176],[112.891301,30.711102],[112.89635,30.717289],[112.9101,30.714345],[112.921287,30.717375],[112.930608,30.73649],[112.947155,30.748606],[112.978694,30.764175],[112.995474,30.785285],[113.011477,30.787545],[113.021032,30.775605],[113.036957,30.77134],[113.046201,30.778036],[113.067874,30.779955],[113.075953,30.785072],[113.078905,30.795817],[113.075021,30.810355],[113.07642,30.821141],[113.082323,30.823996],[113.094131,30.817134],[113.123962,30.809844],[113.143693,30.80234],[113.166532,30.811933],[113.188594,30.816281],[113.199236,30.825701],[113.217103,30.851187],[113.220366,30.858985],[113.230931,30.85319],[113.237534,30.85988],[113.230776,30.866484],[113.246701,30.869722],[113.25711,30.88033],[113.25812,30.886464],[113.280337,30.901798],[113.291912,30.903332],[113.32617,30.888935],[113.329977,30.894685],[113.32819,30.911168],[113.334172,30.918194],[113.328967,30.930968],[113.343338,30.937908],[113.345747,30.931905],[113.362914,30.929563],[113.35802,30.945188],[113.364468,30.947402],[113.366255,30.959959],[113.371848,30.966259],[113.391968,30.966557],[113.386841,30.972685],[113.381791,30.99209],[113.39391,30.985367],[113.408825,31.004727],[113.413642,31.003791],[113.429333,31.013618],[113.436403,31.027145],[113.459008,31.045221],[113.469185,31.07035],[113.46833,31.102657],[113.480682,31.113111],[113.49482,31.117106],[113.478662,31.127389],[113.477497,31.13219],[113.491169,31.148377],[113.49047,31.212161],[113.487363,31.226296],[113.474079,31.231389],[113.465223,31.224428],[113.444715,31.234573],[113.437568,31.253839],[113.433684,31.254391],[113.423041,31.280229],[113.412554,31.283029],[113.406262,31.291512],[113.393599,31.286931],[113.388783,31.291936],[113.380005,31.285022],[113.377053,31.275478],[113.369362,31.284089],[113.365944,31.298935],[113.358487,31.307756],[113.349941,31.304151],[113.343416,31.315135],[113.330132,31.319163],[113.331531,31.324379],[113.316693,31.340109],[113.297661,31.327559],[113.295175,31.340956],[113.280027,31.346298],[113.263325,31.356895],[113.24973,31.358675],[113.240486,31.354818],[113.226503,31.374272],[113.206772,31.395501],[113.169406,31.412024],[113.159074,31.406686],[113.147888,31.416133],[113.147344,31.424859],[113.154413,31.42003],[113.161327,31.428544],[113.15418,31.428755],[113.145557,31.437522],[113.134526,31.427019],[113.115572,31.426426],[113.102909,31.442647],[113.080304,31.446712],[113.055445,31.436591],[113.037345,31.44849],[113.026314,31.449464],[113.016371,31.441461],[112.992366,31.43333],[112.982268,31.43676],[112.968518,31.451836],[112.959429,31.466697],[112.951894,31.472624],[112.937367,31.472963],[112.917092,31.469364],[112.903419,31.475715],[112.902099,31.490403],[112.904274,31.506401],[112.89837,31.52722],[112.887261,31.545876],[112.871647,31.560046],[112.847954,31.563218],[112.832573,31.589563],[112.818046,31.596624],[112.782545,31.600345],[112.768018,31.613576],[112.752248,31.609856],[112.745334,31.574003],[112.746422,31.565714],[112.74044,31.556493],[112.725137,31.557297],[112.708047,31.553363],[112.702609,31.543169],[112.722884,31.51076],[112.724671,31.498402],[112.717446,31.477704],[112.709367,31.476519],[112.68816,31.493747],[112.668428,31.498318],[112.652659,31.507374],[112.633626,31.501873],[112.604573,31.530985],[112.59696,31.54355],[112.566741,31.561061],[112.547476,31.562922],[112.528055,31.557974],[112.51213,31.560892],[112.494574,31.549895],[112.48129,31.534666],[112.468395,31.53272],[112.447964,31.523835],[112.42295,31.502846],[112.41324,31.502169],[112.384808,31.509025],[112.375796,31.51423],[112.357075,31.517403],[112.344335,31.514441],[112.32538,31.527685],[112.298968,31.533016],[112.280091,31.547188],[112.273022,31.543677],[112.249484,31.539362],[112.232782,31.52595],[112.22579,31.525443],[112.204272,31.531662],[112.191377,31.514272],[112.192853,31.49108],[112.191144,31.469576],[112.171645,31.478763],[112.161236,31.47944],[112.146398,31.471397],[112.138319,31.462802],[112.125269,31.46149],[112.110975,31.464115],[112.092875,31.455901],[112.074464,31.456451],[112.073143,31.444171],[112.063355,31.431],[112.045644,31.442731],[112.0357,31.443748],[112.032127,31.436294],[112.024048,31.4346],[112.0082,31.447347],[111.994994,31.450354],[111.985361,31.442816],[111.972855,31.444764],[111.953978,31.438242],[111.946675,31.425282],[111.943257,31.388765],[111.93611,31.369441],[111.94217,31.366474],[111.93813,31.359947],[111.9358,31.331629],[111.918399,31.328153],[111.931061,31.313396],[111.928109,31.298511],[111.93914,31.295075],[111.945122,31.273484],[111.935955,31.258931],[111.92974,31.256088],[111.919253,31.260755],[111.901153,31.25473],[111.884296,31.235124],[111.87311,31.236822],[111.861535,31.2288],[111.871711,31.222433],[111.869847,31.211948],[111.883907,31.207873],[111.877537,31.197004],[111.883752,31.189319],[111.88515,31.174031],[111.899755,31.184775],[111.901775,31.193013],[111.908378,31.186898],[111.902784,31.175475],[111.90931,31.170549],[111.918088,31.180401],[111.926944,31.173352],[111.934634,31.173479],[111.934013,31.15237],[111.928187,31.141197],[111.937664,31.138096],[111.944578,31.123097],[111.952968,31.123267],[111.962678,31.117021],[111.949317,31.099001],[111.942558,31.098619],[111.928653,31.074559],[111.919564,31.074262],[111.911873,31.081149],[111.905736,31.076302],[111.917,31.058871],[111.919331,31.050324],[111.935489,31.04875],[111.945355,31.055767],[111.961746,31.056574],[111.969825,31.050068],[111.964853,31.034886],[111.973631,31.027655],[111.976195,31.015405],[111.988935,31.014171],[111.989634,31.005152],[112.002685,31.002514],[112.004005,30.993196],[112.013017,30.984941],[112.02094,30.984473],[112.011152,30.968004],[112.0082,30.957533],[112.015036,30.934034],[112.015891,30.923389],[112.025524,30.933182],[112.031117,30.927647],[112.027776,30.920962],[112.031428,30.907377],[112.028476,30.902054],[112.027388,30.881438],[112.024436,30.873216],[112.015192,30.865419],[112.033758,30.84113],[112.046032,30.829452],[112.049139,30.818839],[112.047586,30.806476],[112.052713,30.796457],[112.045333,30.79441],[112.049217,30.785584],[112.046653,30.768056],[112.063122,30.760805],[112.069181,30.740543],[112.066851,30.731541],[112.055898,30.723007],[112.072755,30.699152],[112.079902,30.683914],[112.086427,30.670082],[112.079824,30.659323]]],[[[112.070269,30.687329],[112.069881,30.696335],[112.060714,30.688396],[112.070269,30.687329]]],[[[112.614594,30.703932],[112.605816,30.704231],[112.605427,30.702566],[112.616458,30.70167],[112.614594,30.703932]]]]}},{"type":"Feature","properties":{"adcode":370600,"name":"烟台市","center":[121.391382,37.539297],"centroid":[120.804685,37.241819],"childrenNum":11,"level":"city","parent":{"adcode":370000},"subFeatureIndex":5,"acroutes":[100000,370000],"footprintId":"yantai","footprintName":"烟台","footprintNameEn":"Yantai","firstVisit":2023},"geometry":{"type":"MultiPolygon","coordinates":[[[[119.576514,37.127561],[119.568696,37.100157],[119.576198,37.087509],[119.559615,37.071786],[119.563406,37.058495],[119.606048,37.04037],[119.613155,37.034101],[119.60976,37.013894],[119.619078,37.017848],[119.61971,37.012895],[119.629344,37.01621],[119.66251,37.008262],[119.681699,36.998475],[119.716998,37.007144],[119.722289,36.993401],[119.731133,36.988487],[119.743057,36.992483],[119.750559,36.990844],[119.769906,36.996597],[119.771881,37.006984],[119.804968,37.013814],[119.820209,36.999594],[119.829606,37.002031],[119.85148,37.002031],[119.900045,36.997556],[119.902257,36.9948],[119.923341,36.993961],[119.939608,37.004108],[119.949716,37.006185],[119.961561,37.013654],[119.975618,37.011098],[119.980198,37.018088],[119.993543,37.012176],[120.002309,37.013494],[120.024104,36.999913],[120.035238,36.998395],[120.049374,37.020045],[120.09249,37.017928],[120.101571,37.014293],[120.123051,37.01645],[120.138134,37.022201],[120.142319,37.015292],[120.159929,37.013375],[120.167273,37.017968],[120.166404,37.025795],[120.173037,37.034421],[120.180697,37.032544],[120.189621,37.038094],[120.193411,37.034261],[120.205335,37.038374],[120.21647,37.056699],[120.214101,37.07019],[120.220497,37.08711],[120.229894,37.089544],[120.231237,37.106301],[120.236606,37.125965],[120.245688,37.118906],[120.264087,37.114718],[120.280828,37.13111],[120.303413,37.130153],[120.300176,37.119584],[120.315337,37.113043],[120.320628,37.10654],[120.331684,37.111966],[120.336896,37.104267],[120.336343,37.092058],[120.34574,37.087789],[120.348583,37.077094],[120.357822,37.084357],[120.362244,37.100477],[120.369667,37.104626],[120.388225,37.104227],[120.398096,37.096447],[120.408914,37.09517],[120.412942,37.103149],[120.407098,37.112803],[120.415153,37.110569],[120.439475,37.116912],[120.440265,37.122655],[120.462928,37.115157],[120.478643,37.124211],[120.493015,37.126723],[120.493805,37.1345],[120.505729,37.143551],[120.506834,37.148854],[120.517258,37.148974],[120.527129,37.143352],[120.527998,37.136733],[120.542528,37.128677],[120.547661,37.113003],[120.536368,37.081963],[120.539843,37.060371],[120.533289,37.053944],[120.541738,37.044163],[120.549793,37.041288],[120.558953,37.047437],[120.570877,37.046399],[120.58446,37.058136],[120.586513,37.048515],[120.606176,37.047157],[120.613915,37.023839],[120.601754,37.012696],[120.606413,37.001192],[120.593857,36.991244],[120.582328,37.001791],[120.575931,36.999074],[120.574036,36.987568],[120.568508,36.983293],[120.566534,36.96559],[120.560296,36.960674],[120.563218,36.95172],[120.571114,36.948682],[120.574984,36.927053],[120.592909,36.912216],[120.617389,36.911136],[120.622838,36.907377],[120.622838,36.890856],[120.592909,36.882134],[120.576642,36.879894],[120.57988,36.858885],[120.588408,36.859045],[120.595989,36.852681],[120.58754,36.843635],[120.589751,36.838791],[120.609809,36.832906],[120.612336,36.829223],[120.601517,36.804996],[120.590382,36.801552],[120.563454,36.802953],[120.56377,36.795343],[120.5554,36.778718],[120.540791,36.7679],[120.544502,36.76213],[120.546397,36.744616],[120.560375,36.742492],[120.562586,36.736479],[120.584065,36.735236],[120.58525,36.728501],[120.596542,36.708052],[120.586118,36.698829],[120.589751,36.694497],[120.616521,36.689764],[120.619206,36.681541],[120.631446,36.673357],[120.625128,36.671231],[120.627339,36.659836],[120.642027,36.666095],[120.652135,36.663327],[120.648977,36.655863],[120.660585,36.647998],[120.657426,36.626644],[120.644712,36.626524],[120.643449,36.613436],[120.635947,36.597775],[120.637763,36.574199],[120.664059,36.583478],[120.665402,36.587454],[120.679695,36.589181],[120.702991,36.598338],[120.699121,36.60665],[120.70836,36.612914],[120.708281,36.621385],[120.725733,36.624436],[120.751556,36.615042],[120.757557,36.606088],[120.765533,36.607011],[120.777062,36.600546],[120.779747,36.591551],[120.786223,36.589663],[120.850108,36.612271],[120.847107,36.618615],[120.882011,36.627086],[120.89504,36.622188],[120.90578,36.623473],[120.925917,36.613837],[120.924495,36.596892],[120.928681,36.589783],[120.955609,36.576087],[121.016019,36.574721],[121.02897,36.573194],[121.045237,36.579581],[121.055582,36.592675],[121.07793,36.607614],[121.113939,36.621907],[121.146079,36.640372],[121.161399,36.651288],[121.176877,36.65482],[121.194881,36.653295],[121.220941,36.671271],[121.239261,36.668342],[121.251896,36.671351],[121.274876,36.692652],[121.285536,36.699871],[121.298724,36.702318],[121.318308,36.702117],[121.357792,36.713105],[121.365531,36.711461],[121.374691,36.699791],[121.394354,36.699029],[121.405489,36.704443],[121.410385,36.714709],[121.404304,36.726457],[121.390406,36.728742],[121.394038,36.737962],[121.412596,36.748103],[121.454291,36.752351],[121.460687,36.76245],[121.478218,36.770825],[121.462424,36.784888],[121.450184,36.790056],[121.417334,36.792739],[121.409121,36.790176],[121.395855,36.794342],[121.396802,36.803834],[121.376665,36.830384],[121.373428,36.840593],[121.36174,36.841273],[121.357239,36.852401],[121.357397,36.864048],[121.363873,36.871651],[121.385431,36.877333],[121.36482,36.897417],[121.366557,36.903617],[121.360951,36.921494],[121.347605,36.920574],[121.312938,36.904097],[121.308358,36.905177],[121.304173,36.918335],[121.282615,36.918535],[121.272191,36.927532],[121.263189,36.926093],[121.252607,36.938088],[121.248501,36.953679],[121.233734,36.956917],[121.22639,36.971065],[121.222915,36.986649],[121.209096,36.985371],[121.19038,36.996558],[121.182404,36.99456],[121.177587,37.003748],[121.181299,37.016131],[121.194565,37.019485],[121.19496,37.027273],[121.188564,37.029948],[121.188011,37.041169],[121.192512,37.052108],[121.191407,37.072026],[121.204279,37.07897],[121.243131,37.092138],[121.246368,37.102631],[121.26153,37.117989],[121.287827,37.136055],[121.306542,37.141996],[121.314044,37.141079],[121.317992,37.132825],[121.326916,37.12768],[121.34113,37.127002],[121.348316,37.135975],[121.358187,37.140282],[121.363715,37.129236],[121.351475,37.126962],[121.369795,37.110889],[121.376823,37.115915],[121.382746,37.112125],[121.391432,37.098282],[121.427363,37.100796],[121.441656,37.12106],[121.447578,37.123333],[121.465425,37.12086],[121.49946,37.104426],[121.547868,37.104945],[121.574954,37.110091],[121.580323,37.10674],[121.589168,37.116712],[121.590352,37.128518],[121.585377,37.132306],[121.590747,37.144269],[121.600539,37.141079],[121.612147,37.125846],[121.625414,37.131908],[121.628889,37.137969],[121.638839,37.139524],[121.639865,37.131908],[121.654316,37.121897],[121.666714,37.12082],[121.669162,37.110649],[121.678007,37.121658],[121.683692,37.123014],[121.682271,37.13127],[121.688983,37.133503],[121.683455,37.141917],[121.694037,37.141239],[121.699328,37.125926],[121.733995,37.125607],[121.737706,37.136175],[121.747656,37.135776],[121.767872,37.170979],[121.761002,37.177954],[121.753895,37.172493],[121.749315,37.176439],[121.760686,37.178831],[121.759738,37.19222],[121.769057,37.196364],[121.761634,37.217997],[121.754527,37.212022],[121.755632,37.220506],[121.748525,37.223255],[121.74813,37.241575],[121.757211,37.247667],[121.7749,37.248225],[121.778296,37.260487],[121.784692,37.268409],[121.792431,37.288469],[121.790615,37.299532],[121.794879,37.30375],[121.815253,37.300447],[121.822281,37.303988],[121.834047,37.318311],[121.859396,37.329249],[121.865239,37.336727],[121.870293,37.368894],[121.882454,37.381694],[121.90038,37.391232],[121.908435,37.400969],[121.91878,37.420755],[121.925966,37.441767],[121.933941,37.452529],[121.923992,37.473096],[121.887587,37.470039],[121.838943,37.471468],[121.773084,37.466505],[121.747893,37.467458],[121.665767,37.473453],[121.660239,37.487187],[121.653843,37.493061],[121.633469,37.49318],[121.618939,37.481948],[121.599118,37.46992],[121.586562,37.467299],[121.576059,37.460391],[121.571558,37.441449],[121.56532,37.440377],[121.537207,37.451219],[121.532074,37.462456],[121.514938,37.46186],[121.479245,37.474961],[121.46045,37.493855],[121.45666,37.502665],[121.459819,37.522623],[121.436444,37.541227],[121.412438,37.547652],[121.401066,37.557804],[121.395934,37.589876],[121.385905,37.591303],[121.389774,37.59705],[121.411016,37.591263],[121.427047,37.590788],[121.439603,37.596218],[121.43676,37.600815],[121.411174,37.609494],[121.386142,37.627798],[121.374849,37.628749],[121.361898,37.634216],[121.349264,37.635206],[121.344289,37.627759],[121.358266,37.616467],[121.361583,37.600855],[121.354791,37.596178],[121.304963,37.582979],[121.251264,37.581116],[121.215887,37.583098],[121.182483,37.594276],[121.16977,37.600617],[121.149554,37.619875],[121.150107,37.628987],[121.161715,37.646336],[121.156582,37.657386],[121.142684,37.661267],[121.146079,37.678846],[121.160057,37.699034],[121.159583,37.70687],[121.148527,37.719651],[121.139841,37.723054],[121.096329,37.722698],[121.075482,37.717791],[121.068375,37.72519],[121.064584,37.717119],[121.055108,37.715734],[121.037735,37.718583],[121.019573,37.731085],[121.016098,37.741766],[120.995724,37.759049],[120.975588,37.762371],[120.952924,37.776882],[120.943448,37.78554],[120.941158,37.793367],[120.947712,37.798624],[120.94637,37.813405],[120.935788,37.822375],[120.921653,37.819885],[120.915019,37.824034],[120.900489,37.823679],[120.890381,37.832963],[120.865112,37.832963],[120.832972,37.821624],[120.811887,37.822098],[120.797278,37.827709],[120.778563,37.831146],[120.762611,37.829961],[120.754241,37.837506],[120.743185,37.833082],[120.733393,37.833556],[120.657031,37.793051],[120.63421,37.796371],[120.621654,37.790877],[120.595357,37.767551],[120.579959,37.760868],[120.528235,37.757151],[120.518443,37.750586],[120.482354,37.755015],[120.47201,37.757626],[120.447924,37.754659],[120.437817,37.74141],[120.386408,37.707701],[120.368246,37.698005],[120.341555,37.693215],[120.227209,37.693611],[120.216154,37.686605],[120.220339,37.672036],[120.232895,37.662138],[120.244661,37.657703],[120.269299,37.658495],[120.273563,37.650891],[120.2723,37.63683],[120.265667,37.628868],[120.24861,37.623876],[120.215048,37.621143],[120.210152,37.616745],[120.217575,37.603787],[120.208178,37.588648],[120.246793,37.556614],[120.235975,37.548128],[120.222313,37.532857],[120.199492,37.524646],[120.194517,37.512982],[120.144372,37.481908],[120.108758,37.470515],[120.086252,37.465275],[120.06493,37.449114],[120.012654,37.442919],[119.986357,37.425681],[119.949874,37.42004],[119.937397,37.393339],[119.927131,37.386702],[119.843978,37.376725],[119.839714,37.37112],[119.842715,37.361341],[119.838214,37.34309],[119.848085,37.337323],[119.85306,37.326226],[119.869406,37.321016],[119.874697,37.313099],[119.883383,37.310871],[119.888753,37.302317],[119.888516,37.293682],[119.882199,37.280947],[119.895781,37.275495],[119.892149,37.263911],[119.860956,37.262557],[119.858982,37.253719],[119.885989,37.252286],[119.877066,37.24046],[119.865063,37.233969],[119.83008,37.225724],[119.822104,37.220068],[119.80789,37.196404],[119.790517,37.185008],[119.780488,37.175204],[119.771091,37.160456],[119.754034,37.147459],[119.740294,37.133782],[119.724895,37.143551],[119.687069,37.14395],[119.68628,37.15611],[119.678541,37.157984],[119.629423,37.142116],[119.576514,37.127561]]],[[[121.508621,37.55253],[121.526625,37.562522],[121.520308,37.565139],[121.50712,37.556892],[121.508621,37.55253]]],[[[120.729761,37.94693],[120.722101,37.94551],[120.721548,37.931308],[120.729287,37.931269],[120.725023,37.923891],[120.731735,37.920971],[120.721627,37.917182],[120.727708,37.909448],[120.740974,37.908777],[120.753056,37.894883],[120.760558,37.890581],[120.764901,37.896186],[120.759058,37.911776],[120.765375,37.922904],[120.758031,37.929454],[120.746423,37.951466],[120.737736,37.955174],[120.729761,37.94693]]],[[[120.692409,37.983842],[120.696278,37.974024],[120.706465,37.966808],[120.732525,37.961484],[120.736631,37.971146],[120.730787,37.974142],[120.724707,37.987429],[120.71602,37.987311],[120.697147,37.995117],[120.685539,37.991332],[120.692409,37.983842]]],[[[120.653004,37.980017],[120.64416,37.964757],[120.653952,37.963969],[120.658611,37.975483],[120.653004,37.980017]]],[[[120.452584,37.768856],[120.463323,37.786054],[120.453136,37.788387],[120.435526,37.786608],[120.443976,37.770991],[120.452584,37.768856]]],[[[120.682775,37.92831],[120.687829,37.931308],[120.692804,37.94693],[120.678511,37.944642],[120.679379,37.937147],[120.673536,37.929178],[120.682775,37.92831]]],[[[120.750687,38.150304],[120.760479,38.15939],[120.771456,38.156558],[120.787328,38.158682],[120.777694,38.172565],[120.760321,38.176615],[120.753688,38.195291],[120.747607,38.202759],[120.742554,38.198986],[120.738052,38.174688],[120.73821,38.161711],[120.750687,38.150304]]],[[[120.91881,38.34511],[120.914151,38.354682],[120.921021,38.362997],[120.913993,38.364566],[120.91494,38.373429],[120.900015,38.3719],[120.895277,38.363232],[120.90657,38.349778],[120.91881,38.34511]]],[[[120.841342,38.335655],[120.85682,38.343188],[120.842843,38.355898],[120.841342,38.335655]]],[[[120.903332,38.381742],[120.922126,38.385271],[120.931918,38.382291],[120.931997,38.391231],[120.91573,38.401933],[120.898515,38.386487],[120.903332,38.381742]]],[[[120.62655,37.945786],[120.630972,37.952018],[120.632472,37.978913],[120.614152,37.984512],[120.60207,37.97848],[120.598279,37.970633],[120.604913,37.956712],[120.62655,37.945786]]],[[[120.802253,38.284041],[120.81552,38.288714],[120.82389,38.297939],[120.84308,38.30057],[120.849871,38.310343],[120.835262,38.320077],[120.816546,38.318075],[120.808492,38.311913],[120.797041,38.288282],[120.802253,38.284041]]],[[[120.943843,38.019907],[120.951108,38.02436],[120.94787,38.032398],[120.931287,38.035353],[120.932708,38.026882],[120.943843,38.019907]]],[[[119.821394,37.309121],[119.825895,37.315168],[119.818867,37.31656],[119.821394,37.309121]]],[[[121.388668,36.266442],[121.396644,36.264183],[121.391432,36.271926],[121.388668,36.266442]]],[[[120.645818,38.132011],[120.653715,38.141532],[120.647318,38.149557],[120.640922,38.148141],[120.637763,38.139171],[120.645818,38.132011]]],[[[120.878141,38.026961],[120.872693,38.027552],[120.87672,38.018213],[120.878141,38.026961]]],[[[120.645423,38.05501],[120.652767,38.058988],[120.652056,38.069109],[120.644791,38.06966],[120.641238,38.061233],[120.645423,38.05501]]]]}},{"type":"Feature","properties":{"adcode":330500,"name":"湖州市","center":[120.102398,30.867198],"centroid":[119.873663,30.743058],"childrenNum":5,"level":"city","parent":{"adcode":330000},"subFeatureIndex":4,"acroutes":[100000,330000],"footprintId":"huzhou","footprintName":"湖州","footprintNameEn":"Huzhou","firstVisit":2023},"geometry":{"type":"MultiPolygon","coordinates":[[[[120.489066,30.763861],[120.477009,30.785596],[120.477255,30.800002],[120.455257,30.816847],[120.461015,30.828279],[120.460375,30.839872],[120.454469,30.849633],[120.44128,30.856303],[120.452353,30.867893],[120.439558,30.885213],[120.434489,30.887978],[120.442265,30.90058],[120.434981,30.920821],[120.423416,30.927445],[120.418003,30.925576],[120.423515,30.90306],[120.394676,30.890783],[120.37942,30.890783],[120.372432,30.882164],[120.364656,30.880457],[120.358012,30.887084],[120.360129,30.892775],[120.35693,30.908872],[120.362688,30.921674],[120.35944,30.931915],[120.371103,30.948777],[120.343347,30.939961],[120.308061,30.932281],[120.250778,30.926226],[120.221791,30.926876],[120.149646,30.937482],[120.135128,30.941911],[120.111014,30.955928],[120.09438,30.973233],[120.05245,31.005722],[120.017017,31.017821],[120.001712,31.027118],[119.988523,31.059223],[119.969773,31.074277],[119.946249,31.106245],[119.936751,31.146555],[119.921052,31.16119],[119.920954,31.170392],[119.900235,31.169176],[119.878729,31.160785],[119.866623,31.168324],[119.842164,31.16877],[119.837587,31.173675],[119.826465,31.173188],[119.823463,31.165811],[119.829762,31.161393],[119.823316,31.154136],[119.809881,31.148501],[119.800973,31.156325],[119.791278,31.156609],[119.793394,31.168041],[119.779319,31.178782],[119.755353,31.170756],[119.740491,31.173432],[119.713128,31.167635],[119.703876,31.151906],[119.682764,31.160501],[119.678039,31.168203],[119.663719,31.165973],[119.662537,31.159852],[119.641573,31.148136],[119.638128,31.135526],[119.623807,31.130254],[119.624152,31.11602],[119.649152,31.105109],[119.634683,31.093751],[119.629516,31.082311],[119.634978,31.064174],[119.631337,31.046317],[119.634043,31.019485],[119.624004,31.005316],[119.616277,31.002392],[119.607468,30.991875],[119.585864,30.976401],[119.579565,30.962671],[119.582173,30.947437],[119.580352,30.929152],[119.563817,30.919236],[119.556336,30.896718],[119.559092,30.891718],[119.558945,30.871186],[119.573758,30.853334],[119.575726,30.829743],[119.561208,30.829459],[119.554515,30.825635],[119.524496,30.776032],[119.507124,30.769642],[119.491523,30.777253],[119.479564,30.771229],[119.478777,30.753074],[119.484584,30.744605],[119.480303,30.738091],[119.482763,30.704452],[119.465982,30.683921],[119.45294,30.671616],[119.448314,30.655846],[119.433649,30.644476],[119.412684,30.642968],[119.400037,30.658862],[119.395657,30.678706],[119.391523,30.685224],[119.379367,30.679358],[119.372379,30.680376],[119.354564,30.66693],[119.343147,30.6642],[119.333648,30.652219],[119.323117,30.630291],[119.311946,30.621241],[119.291227,30.616023],[119.278383,30.617613],[119.255006,30.615126],[119.245853,30.618877],[119.240095,30.604933],[119.253678,30.596452],[119.254121,30.588663],[119.264751,30.582056],[119.264751,30.57345],[119.245508,30.561417],[119.236945,30.546731],[119.242556,30.530043],[119.261896,30.525554],[119.26165,30.51776],[119.272133,30.510495],[119.28793,30.512618],[119.313619,30.531186],[119.326562,30.532981],[119.328678,30.521637],[119.336355,30.507149],[119.330351,30.488249],[119.334485,30.478084],[119.336158,30.44558],[119.349692,30.438841],[119.352989,30.424831],[119.349544,30.408612],[119.360912,30.410737],[119.368934,30.399746],[119.366572,30.388386],[119.371444,30.383932],[119.393836,30.383033],[119.403038,30.373347],[119.418147,30.376085],[119.435716,30.391492],[119.441031,30.392472],[119.450234,30.410818],[119.467015,30.408122],[119.490391,30.408203],[119.513127,30.401666],[119.533452,30.409429],[119.535273,30.424055],[119.55176,30.43978],[119.565933,30.443375],[119.572823,30.431326],[119.581779,30.423646],[119.594968,30.421644],[119.627941,30.431775],[119.635569,30.441782],[119.650579,30.440352],[119.642951,30.428507],[119.631829,30.424667],[119.63739,30.410369],[119.633256,30.395292],[119.646691,30.39378],[119.6555,30.40518],[119.668099,30.399501],[119.681091,30.408735],[119.686012,30.417559],[119.709191,30.434062],[119.694919,30.452727],[119.695362,30.464488],[119.701711,30.467999],[119.708896,30.487964],[119.704713,30.494577],[119.709191,30.508822],[119.70486,30.525963],[119.695018,30.542325],[119.69241,30.556155],[119.71175,30.566516],[119.729073,30.551749],[119.743246,30.550158],[119.768936,30.551341],[119.766376,30.514087],[119.784044,30.511026],[119.794182,30.505638],[119.815884,30.510659],[119.836013,30.496577],[119.851121,30.502006],[119.854123,30.493964],[119.867115,30.477757],[119.880796,30.476206],[119.872578,30.462487],[119.890048,30.457056],[119.90304,30.459424],[119.90934,30.456321],[119.921544,30.462528],[119.931436,30.456443],[119.934979,30.446764],[119.950728,30.444232],[119.955895,30.433654],[119.965048,30.431571],[119.982962,30.445294],[120.00368,30.444273],[120.013818,30.435614],[120.041525,30.433368],[120.046102,30.427445],[120.064754,30.4301],[120.062145,30.434634],[120.0681,30.445948],[120.059242,30.459016],[120.059488,30.47343],[120.065836,30.483595],[120.068297,30.496618],[120.099252,30.495801],[120.096742,30.48678],[120.11121,30.476206],[120.146004,30.482697],[120.149793,30.467509],[120.175039,30.476818],[120.180551,30.482534],[120.173809,30.492046],[120.185915,30.494618],[120.185079,30.502618],[120.195659,30.503598],[120.201762,30.514413],[120.205404,30.505843],[120.224597,30.509761],[120.239262,30.50523],[120.25191,30.506536],[120.277451,30.504822],[120.285817,30.507802],[120.299892,30.5198],[120.301959,30.530002],[120.299498,30.557093],[120.295955,30.565537],[120.304715,30.564477],[120.319134,30.579079],[120.302599,30.595636],[120.303189,30.60901],[120.30939,30.612639],[120.332717,30.615044],[120.340099,30.631351],[120.344971,30.662733],[120.353977,30.662815],[120.364607,30.654542],[120.378288,30.656539],[120.379469,30.669375],[120.406093,30.670761],[120.407963,30.675691],[120.455011,30.68555],[120.441182,30.695572],[120.444479,30.701763],[120.462885,30.701397],[120.475287,30.710724],[120.486261,30.727992],[120.471891,30.746682],[120.469972,30.764431],[120.489066,30.763861]]]]}},{"type":"Feature","properties":{"adcode":320200,"name":"无锡市","center":[120.301663,31.574729],"childrenNum":7,"level":"city","parent":{"adcode":320000},"subFeatureIndex":1,"acroutes":[100000,320000],"footprintId":"wuxi","footprintName":"无锡","footprintNameEn":"Wuxi","firstVisit":2024},"geometry":{"type":"MultiPolygon","coordinates":[[[[119.532617,31.159106],[119.545863,31.147835],[119.560231,31.140707],[119.571343,31.128988],[119.574094,31.11397],[119.582007,31.108667],[119.599799,31.109157],[119.613718,31.129167],[119.63078,31.131261],[119.638132,31.135538],[119.641837,31.148414],[119.662491,31.159863],[119.663726,31.165966],[119.678037,31.168193],[119.682752,31.160487],[119.703855,31.151889],[119.713116,31.167614],[119.740505,31.173404],[119.755378,31.170776],[119.779343,31.178793],[119.793375,31.168059],[119.791298,31.156611],[119.801008,31.156344],[119.809875,31.148504],[119.823289,31.154117],[119.829744,31.161378],[119.823458,31.165832],[119.826489,31.173181],[119.837545,31.173671],[119.842147,31.168772],[119.866618,31.168327],[119.878348,31.160799],[119.900237,31.169173],[119.919993,31.17091],[120.110201,31.263998],[120.173735,31.308795],[120.209599,31.345658],[120.253096,31.366106],[120.335544,31.407345],[120.355805,31.416452],[120.418834,31.448388],[120.438197,31.448788],[120.460198,31.445501],[120.480571,31.449143],[120.495781,31.447944],[120.501394,31.457536],[120.51739,31.457847],[120.515986,31.464418],[120.523844,31.46837],[120.536135,31.467083],[120.555218,31.480313],[120.548483,31.497403],[120.555218,31.507567],[120.568576,31.51236],[120.592766,31.527536],[120.595628,31.517153],[120.605787,31.525229],[120.599276,31.548477],[120.594562,31.576022],[120.584235,31.585157],[120.567397,31.584004],[120.563637,31.579614],[120.547978,31.576598],[120.543095,31.601741],[120.553085,31.605598],[120.55707,31.600322],[120.566443,31.601918],[120.577107,31.614154],[120.591475,31.611494],[120.600623,31.617124],[120.592092,31.625059],[120.595572,31.631397],[120.589566,31.636538],[120.595853,31.643762],[120.592148,31.650276],[120.571719,31.655771],[120.561055,31.655682],[120.568744,31.668576],[120.562851,31.680493],[120.570035,31.688909],[120.584908,31.692807],[120.600792,31.70884],[120.585076,31.71442],[120.581709,31.727615],[120.600006,31.744616],[120.594842,31.760418],[120.588556,31.762542],[120.584235,31.782147],[120.570708,31.793784],[120.558361,31.785732],[120.555499,31.79405],[120.544386,31.787148],[120.531533,31.787811],[120.522553,31.806305],[120.529962,31.814666],[120.531309,31.827847],[120.514415,31.841512],[120.503302,31.841733],[120.502067,31.852125],[120.490898,31.871313],[120.468841,31.879623],[120.466484,31.889967],[120.449534,31.891955],[120.425007,31.898408],[120.402389,31.907379],[120.392062,31.905302],[120.379322,31.91414],[120.39049,31.925849],[120.390322,31.932211],[120.375337,31.941709],[120.368882,31.961099],[120.370678,31.990817],[120.353055,31.980617],[120.262974,31.941841],[120.236595,31.932918],[120.205895,31.931504],[120.17525,31.933845],[120.134784,31.939367],[120.064908,31.95549],[120.022422,31.967767],[120.007661,31.947981],[120.00738,31.935922],[120.022422,31.919707],[120.005472,31.911886],[119.997839,31.894342],[120.014789,31.881789],[120.013217,31.871666],[120.003283,31.859155],[119.990206,31.854866],[120.000477,31.845625],[120.003339,31.828245],[120.019279,31.822804],[120.025284,31.831694],[120.044984,31.821743],[120.056377,31.833331],[120.080287,31.847482],[120.08545,31.853053],[120.098696,31.855574],[120.117385,31.854999],[120.122829,31.859332],[120.144213,31.858934],[120.158132,31.86782],[120.175868,31.870208],[120.185185,31.860437],[120.173174,31.83877],[120.164081,31.832712],[120.17048,31.817275],[120.179235,31.812852],[120.17424,31.80104],[120.185577,31.786528],[120.192537,31.767367],[120.201629,31.764003],[120.205726,31.75338],[120.18395,31.749928],[120.178674,31.758382],[120.169021,31.760949],[120.155607,31.756833],[120.154765,31.741428],[120.161387,31.718051],[120.155719,31.713224],[120.156841,31.703836],[120.14528,31.697059],[120.142978,31.688334],[120.15106,31.682398],[120.143259,31.676063],[120.128554,31.684613],[120.124457,31.648238],[120.119462,31.630909],[120.104477,31.628782],[120.093981,31.618099],[120.075572,31.607105],[120.074899,31.595356],[120.057051,31.580412],[120.056153,31.563382],[120.069174,31.55247],[120.097349,31.548744],[120.09415,31.541912],[120.101726,31.542],[120.10341,31.518573],[120.107451,31.512005],[120.113457,31.518129],[120.129733,31.504726],[120.108742,31.480979],[120.105711,31.470501],[120.110089,31.461532],[120.089996,31.454738],[120.06098,31.440439],[120.054806,31.434309],[120.044591,31.406234],[120.039708,31.378106],[120.040157,31.364506],[120.044872,31.358816],[120.057275,31.356105],[120.09617,31.352504],[120.100155,31.335343],[120.089603,31.332453],[120.060643,31.339122],[120.041785,31.34588],[120.023712,31.364951],[120.021075,31.382995],[120.027866,31.409033],[120.037631,31.42587],[120.046219,31.47978],[120.045489,31.490257],[120.036228,31.497891],[120.015799,31.505437],[120.005528,31.503306],[119.997165,31.508099],[119.996099,31.497492],[119.973593,31.515866],[119.971741,31.535967],[119.948336,31.543376],[119.935652,31.552736],[119.897599,31.546747],[119.861904,31.546259],[119.847816,31.529799],[119.832326,31.529178],[119.807406,31.548522],[119.792196,31.553401],[119.768567,31.553801],[119.733265,31.56316],[119.721198,31.556861],[119.712891,31.558281],[119.709973,31.576022],[119.699814,31.576554],[119.684941,31.604046],[119.673042,31.609322],[119.657945,31.609322],[119.639367,31.600277],[119.642679,31.582364],[119.646776,31.577663],[119.640939,31.569281],[119.627918,31.559922],[119.613325,31.557882],[119.600921,31.538717],[119.593625,31.532195],[119.583635,31.504549],[119.567022,31.504726],[119.567976,31.490434],[119.57516,31.480801],[119.572971,31.471744],[119.56517,31.471389],[119.56517,31.46433],[119.588349,31.466683],[119.591717,31.463042],[119.5879,31.445812],[119.576675,31.430712],[119.554562,31.43391],[119.553327,31.411699],[119.53649,31.408234],[119.540699,31.39015],[119.530428,31.370818],[119.527566,31.360328],[119.53054,31.330897],[119.520045,31.318223],[119.523693,31.301145],[119.535199,31.291226],[119.530933,31.277657],[119.532224,31.259014],[119.522571,31.242192],[119.534469,31.236762],[119.553832,31.221049],[119.552542,31.212412],[119.553552,31.17915],[119.543,31.175498],[119.532617,31.159106]]]]}},{"type":"Feature","properties":{"adcode":360600,"name":"鹰潭市","center":[117.033838,28.238638],"centroid":[117.112472,28.221953],"childrenNum":3,"level":"city","parent":{"adcode":360000},"subFeatureIndex":5,"acroutes":[100000,360000],"footprintId":"yingtan","footprintName":"鹰潭","footprintNameEn":"Yingtan","firstVisit":2024},"geometry":{"type":"MultiPolygon","coordinates":[[[[117.446356,27.932729],[117.435458,27.936121],[117.432218,27.942405],[117.445767,27.964201],[117.44827,27.986382],[117.465795,28.01945],[117.465599,28.039397],[117.46123,28.053452],[117.46123,28.066561],[117.444834,28.090886],[117.436832,28.107045],[117.426082,28.112264],[117.399966,28.115373],[117.362363,28.132083],[117.353282,28.133581],[117.331437,28.130861],[117.309543,28.14324],[117.281316,28.146514],[117.274345,28.150954],[117.270664,28.162442],[117.280973,28.173097],[117.283771,28.187301],[117.27842,28.19357],[117.274051,28.209879],[117.28544,28.223968],[117.297319,28.230567],[117.302719,28.240217],[117.294767,28.252804],[117.288336,28.27487],[117.265411,28.278362],[117.264724,28.289448],[117.257311,28.30929],[117.277978,28.309899],[117.281365,28.326135],[117.29462,28.338546],[117.317692,28.348574],[117.319508,28.363474],[117.327411,28.384244],[117.310181,28.397478],[117.314108,28.414642],[117.326184,28.430198],[117.32805,28.450954],[117.320981,28.462409],[117.313863,28.506172],[117.315875,28.534601],[117.30429,28.54389],[117.29295,28.564901],[117.283231,28.576731],[117.274493,28.601824],[117.262711,28.613208],[117.246561,28.617131],[117.236939,28.626635],[117.223292,28.624259],[117.225109,28.609561],[117.216125,28.595026],[117.199091,28.589223],[117.147694,28.562192],[117.12634,28.576675],[117.108717,28.581484],[117.096346,28.58961],[117.079116,28.606576],[117.068954,28.608732],[117.055307,28.603316],[117.044949,28.591931],[117.054522,28.56573],[117.049613,28.549696],[117.033953,28.531891],[117.032186,28.526305],[117.011127,28.514635],[117.013434,28.509934],[117.003861,28.496326],[116.990165,28.51281],[116.976518,28.534435],[116.965179,28.527632],[116.911131,28.522323],[116.904406,28.504513],[116.897337,28.5023],[116.880744,28.507279],[116.879272,28.492619],[116.891004,28.474362],[116.896011,28.458702],[116.871466,28.427818],[116.867392,28.413867],[116.878093,28.399527],[116.879026,28.388951],[116.871417,28.382361],[116.855021,28.379813],[116.824389,28.378318],[116.798715,28.358157],[116.788652,28.341095],[116.79685,28.329515],[116.801317,28.312504],[116.815897,28.295157],[116.817615,28.287564],[116.806864,28.255355],[116.793856,28.251584],[116.7672,28.255521],[116.754535,28.262507],[116.739268,28.264447],[116.726455,28.260455],[116.706869,28.249311],[116.692338,28.231566],[116.692191,28.216203],[116.704561,28.206717],[116.73053,28.203556],[116.725965,28.189354],[116.732346,28.181531],[116.746091,28.179811],[116.760818,28.173984],[116.782123,28.179755],[116.804361,28.176315],[116.808141,28.166882],[116.795426,28.142241],[116.79469,28.125754],[116.805441,28.114873],[116.802544,28.108488],[116.81305,28.101937],[116.829053,28.108377],[116.839509,28.1076],[116.861059,28.091775],[116.875246,28.088887],[116.893704,28.073559],[116.905338,28.072282],[116.912947,28.077058],[116.920114,28.096217],[116.933221,28.09333],[116.93813,28.068783],[116.943039,28.063784],[116.943923,28.051397],[116.938768,28.042675],[116.964786,28.049341],[116.973769,28.045286],[116.972837,28.033674],[116.9802,28.015727],[116.991982,28.006779],[117.000523,27.995442],[117.019668,27.987049],[117.04544,27.966369],[117.047404,27.944073],[117.044851,27.935398],[117.032186,27.925999],[117.015741,27.903417],[117.011028,27.890566],[117.011912,27.880496],[117.026639,27.854898],[117.045146,27.848331],[117.083141,27.890677],[117.09453,27.89001],[117.103808,27.879216],[117.109257,27.89841],[117.115442,27.907867],[117.123542,27.909313],[117.144258,27.892736],[117.166201,27.900913],[117.185837,27.88439],[117.201496,27.880551],[117.203067,27.890399],[117.223096,27.894238],[117.240375,27.881775],[117.248573,27.869478],[117.261779,27.867197],[117.276604,27.848053],[117.280776,27.871203],[117.289023,27.868532],[117.303357,27.872149],[117.318084,27.894071],[117.327706,27.894126],[117.336149,27.87827],[117.333008,27.862077],[117.340715,27.856345],[117.35392,27.859573],[117.353871,27.864915],[117.366585,27.882332],[117.378416,27.888674],[117.384355,27.886393],[117.396039,27.893236],[117.40458,27.893236],[117.42996,27.913151],[117.446356,27.932729]]]]}},{"type":"Feature","properties":{"adcode":360200,"name":"景德镇市","center":[117.214664,29.29256],"centroid":[117.27529,29.305934],"childrenNum":4,"level":"city","parent":{"adcode":360000},"subFeatureIndex":1,"acroutes":[100000,360000],"footprintId":"jingdezhen","footprintName":"景德镇","footprintNameEn":"Jingdezhen","firstVisit":2024},"geometry":{"type":"MultiPolygon","coordinates":[[[[117.70766,29.548977],[117.690479,29.555931],[117.682968,29.568032],[117.682232,29.587246],[117.678992,29.595512],[117.668977,29.596989],[117.661418,29.611821],[117.647967,29.614886],[117.628282,29.606239],[117.608744,29.591571],[117.586458,29.584728],[117.574038,29.591078],[117.557986,29.590093],[117.545959,29.594198],[117.543357,29.58856],[117.528974,29.609522],[117.523427,29.629222],[117.530545,29.65406],[117.51891,29.662921],[117.493776,29.65953],[117.474239,29.668336],[117.451854,29.695953],[117.457254,29.725311],[117.455094,29.749141],[117.443165,29.758923],[117.434721,29.761164],[117.413564,29.78799],[117.409146,29.80263],[117.424805,29.834633],[117.418816,29.850412],[117.384061,29.843642],[117.375961,29.818086],[117.356227,29.813717],[117.347931,29.822346],[117.338604,29.8479],[117.333253,29.850575],[117.325693,29.84386],[117.303014,29.840366],[117.295454,29.833595],[117.29246,29.822783],[117.278174,29.825131],[117.271204,29.8301],[117.25741,29.831247],[117.249359,29.846099],[117.25682,29.859529],[117.261779,29.880653],[117.253679,29.908975],[117.246217,29.915086],[117.217058,29.926924],[117.206209,29.927524],[117.188929,29.921851],[117.17759,29.92196],[117.148823,29.911321],[117.134685,29.903846],[117.12796,29.895497],[117.133065,29.874267],[117.127715,29.861603],[117.110435,29.855434],[117.092763,29.836871],[117.073323,29.83223],[117.075581,29.822619],[117.09615,29.807545],[117.12796,29.795802],[117.135569,29.780943],[117.135471,29.772037],[117.108668,29.751983],[117.108275,29.745097],[117.122462,29.728536],[117.112988,29.712136],[117.090848,29.699233],[117.092468,29.691524],[117.08103,29.66664],[117.077643,29.650395],[117.071212,29.64197],[117.050987,29.631575],[117.042397,29.619482],[117.025853,29.607498],[117.027326,29.599233],[117.040188,29.577776],[117.046569,29.543556],[117.051135,29.532055],[117.047698,29.512994],[117.049171,29.48593],[117.042888,29.471738],[117.042348,29.454583],[117.045882,29.441428],[117.062622,29.434192],[117.070918,29.426791],[117.067285,29.412152],[117.071311,29.39762],[117.069101,29.392355],[117.054276,29.384457],[117.050104,29.370031],[117.042691,29.36482],[117.045342,29.349897],[117.069543,29.332229],[117.079459,29.309892],[117.055798,29.302317],[117.042249,29.302975],[117.035819,29.291887],[117.028062,29.28766],[117.025363,29.279095],[117.008378,29.28195],[117.011421,29.264215],[117.020159,29.252023],[117.014465,29.243291],[117.017508,29.229174],[117.011225,29.225274],[117.024037,29.191155],[117.031891,29.180109],[117.029339,29.167468],[117.032922,29.161806],[117.0584,29.148888],[117.068905,29.136188],[117.06866,29.130195],[117.079999,29.123542],[117.069838,29.112764],[117.077447,29.103249],[117.066696,29.104404],[117.061394,29.096044],[117.048582,29.093954],[117.044655,29.082623],[117.049466,29.051097],[117.046717,29.043063],[117.032824,29.027323],[117.038371,29.009378],[117.029879,29.002552],[117.014072,28.998809],[117.013483,28.975628],[117.00931,28.959327],[116.998658,28.948421],[116.985747,28.949248],[116.973671,28.929306],[116.970873,28.916524],[116.957079,28.904843],[116.963608,28.898836],[116.963853,28.886547],[116.984225,28.86979],[117.009997,28.856781],[117.029928,28.838696],[117.039746,28.818734],[117.047551,28.808917],[117.070427,28.81548],[117.085105,28.81173],[117.090308,28.801029],[117.116866,28.801029],[117.123149,28.795237],[117.122315,28.781004],[117.136502,28.797885],[117.142785,28.799595],[117.144307,28.786907],[117.152259,28.775267],[117.15869,28.782439],[117.17543,28.770853],[117.17111,28.759265],[117.173515,28.752698],[117.191826,28.741109],[117.193298,28.747456],[117.20346,28.741054],[117.226581,28.749497],[117.23689,28.747069],[117.242977,28.73719],[117.241652,28.726482],[117.248377,28.719196],[117.262809,28.726261],[117.273118,28.723446],[117.2795,28.736693],[117.299332,28.74591],[117.306401,28.759651],[117.324711,28.764011],[117.329424,28.77317],[117.348618,28.774218],[117.358387,28.76848],[117.371641,28.766825],[117.374488,28.772839],[117.384601,28.773556],[117.388135,28.782935],[117.402322,28.783652],[117.404777,28.804559],[117.393339,28.812557],[117.395842,28.829046],[117.411011,28.824414],[117.430402,28.830315],[117.438109,28.837814],[117.449939,28.841729],[117.475613,28.837428],[117.487984,28.829433],[117.504085,28.830039],[117.511449,28.825903],[117.520776,28.810406],[117.537172,28.812281],[117.549051,28.807372],[117.544879,28.817741],[117.543112,28.843163],[117.548511,28.866042],[117.557053,28.891341],[117.554353,28.899222],[117.537466,28.902253],[117.531968,28.913329],[117.514836,28.917075],[117.51302,28.929637],[117.499913,28.936193],[117.49412,28.943133],[117.49412,28.955472],[117.483026,28.963898],[117.47203,28.959712],[117.457057,28.970341],[117.488327,28.982126],[117.497213,28.988953],[117.491469,28.992257],[117.493924,29.000956],[117.481111,29.015489],[117.493973,29.022204],[117.494513,29.040586],[117.519303,29.05726],[117.509927,29.067879],[117.502563,29.070355],[117.499324,29.081577],[117.51459,29.097364],[117.49358,29.107484],[117.481995,29.133219],[117.497704,29.1435],[117.497262,29.158013],[117.486904,29.16362],[117.463292,29.158013],[117.454161,29.160212],[117.441054,29.156749],[117.439974,29.142071],[117.427603,29.136078],[117.398493,29.147734],[117.386025,29.168292],[117.384208,29.181208],[117.37277,29.190166],[117.384699,29.206265],[117.38789,29.219286],[117.385386,29.229614],[117.403402,29.246366],[117.432954,29.259492],[117.449154,29.271408],[117.453032,29.281675],[117.437078,29.297761],[117.431825,29.31066],[117.445374,29.322625],[117.490291,29.34644],[117.490389,29.35264],[117.48116,29.361309],[117.485677,29.378204],[117.486266,29.396523],[117.497654,29.403213],[117.511547,29.405736],[117.517438,29.411165],[117.508061,29.429094],[117.509927,29.436001],[117.526323,29.445649],[117.522494,29.439455],[117.529366,29.430409],[117.535503,29.430793],[117.546499,29.447403],[117.556415,29.45557],[117.574087,29.457653],[117.578358,29.461709],[117.571289,29.468066],[117.577474,29.484834],[117.586016,29.48582],[117.595932,29.46982],[117.604768,29.475793],[117.614292,29.500778],[117.621311,29.512556],[117.632749,29.504777],[117.647034,29.51524],[117.64728,29.523675],[117.655723,29.534465],[117.664461,29.527619],[117.673592,29.52729],[117.691362,29.53567],[117.70766,29.548977]]]]}},{"type":"Feature","properties":{"adcode":361100,"name":"上饶市","center":[117.971185,28.44442],"centroid":[117.476403,28.772739],"childrenNum":12,"level":"city","parent":{"adcode":360000},"subFeatureIndex":10,"acroutes":[100000,360000],"footprintId":"shangrao","footprintName":"上饶","footprintNameEn":"Shangrao","firstVisit":2024},"geometry":{"type":"MultiPolygon","coordinates":[[[[117.446356,27.932729],[117.454063,27.939958],[117.462948,27.941293],[117.471882,27.931616],[117.504871,27.954304],[117.511449,27.974486],[117.521807,27.982379],[117.530741,27.981712],[117.533244,27.973263],[117.558084,27.964868],[117.56368,27.956639],[117.560489,27.947243],[117.56962,27.935342],[117.579192,27.945741],[117.586801,27.942294],[117.584641,27.934897],[117.588716,27.918324],[117.586163,27.905586],[117.595539,27.899523],[117.60359,27.885948],[117.602559,27.869534],[117.61007,27.863469],[117.64998,27.851726],[117.665688,27.843378],[117.673248,27.82846],[117.682526,27.823728],[117.705647,27.833025],[117.716447,27.816213],[117.730978,27.803463],[117.741974,27.80118],[117.754344,27.812037],[117.759646,27.826957],[117.775748,27.836476],[117.788118,27.855789],[117.782522,27.866028],[117.788413,27.882888],[117.785516,27.89268],[117.799311,27.901358],[117.815167,27.92066],[117.836373,27.927779],[117.849137,27.93651],[117.85596,27.945852],[117.866563,27.937789],[117.89101,27.948466],[117.912168,27.950078],[117.920268,27.963422],[117.932491,27.966758],[117.942751,27.974097],[117.958018,27.968982],[117.965185,27.962644],[117.985655,27.971595],[117.998075,27.991162],[118.006567,27.980434],[118.019134,27.981212],[118.034303,27.988216],[118.046526,27.978544],[118.06091,27.982657],[118.070777,27.977432],[118.074213,27.967537],[118.089872,27.964979],[118.09699,27.967592],[118.092032,27.981546],[118.093309,27.999832],[118.105876,28.017005],[118.123401,28.012503],[118.129095,28.017171],[118.12075,28.041841],[118.135133,28.053674],[118.153787,28.06184],[118.182701,28.05173],[118.199735,28.050008],[118.210388,28.057285],[118.225065,28.059285],[118.242541,28.075503],[118.255992,28.06956],[118.274941,28.083001],[118.291975,28.082612],[118.308125,28.089387],[118.339101,28.088221],[118.341997,28.084778],[118.356184,28.091664],[118.359522,28.111875],[118.356773,28.123922],[118.368407,28.129141],[118.359326,28.150566],[118.379158,28.16727],[118.37258,28.188799],[118.339739,28.193847],[118.334143,28.206884],[118.319416,28.214483],[118.314851,28.222858],[118.339346,28.235891],[118.34347,28.234616],[118.350441,28.250253],[118.36448,28.253802],[118.373513,28.265889],[118.388485,28.26672],[118.396143,28.27487],[118.424271,28.291499],[118.433697,28.288561],[118.461089,28.301254],[118.472428,28.318101],[118.481903,28.320982],[118.472085,28.332784],[118.473901,28.339045],[118.469238,28.355886],[118.455149,28.383967],[118.431782,28.398364],[118.440275,28.411929],[118.450142,28.41813],[118.459321,28.42981],[118.465949,28.448242],[118.463003,28.45516],[118.474687,28.467224],[118.480774,28.467445],[118.472183,28.479397],[118.461678,28.482606],[118.456622,28.477018],[118.438164,28.493007],[118.421768,28.492122],[118.415043,28.497377],[118.421915,28.50302],[118.430751,28.500751],[118.445527,28.513253],[118.43728,28.521715],[118.433255,28.516461],[118.425842,28.523651],[118.4281,28.534656],[118.420688,28.54472],[118.428051,28.547374],[118.413374,28.555115],[118.409545,28.568715],[118.417301,28.572861],[118.415681,28.583474],[118.423191,28.584967],[118.419657,28.597347],[118.414061,28.595358],[118.413619,28.606411],[118.422946,28.609229],[118.433844,28.626027],[118.427806,28.631276],[118.422062,28.646413],[118.432617,28.65155],[118.430408,28.669777],[118.432862,28.676515],[118.414994,28.686621],[118.418823,28.692253],[118.40223,28.702965],[118.39148,28.700535],[118.39251,28.710418],[118.401788,28.714172],[118.399727,28.727531],[118.392363,28.738846],[118.396045,28.755071],[118.387061,28.755016],[118.383772,28.774218],[118.378716,28.784646],[118.383331,28.787349],[118.371942,28.801801],[118.370322,28.809413],[118.358,28.815149],[118.331836,28.814818],[118.320545,28.821216],[118.31058,28.821988],[118.295313,28.835223],[118.304345,28.840075],[118.297424,28.847849],[118.293889,28.86086],[118.288048,28.864002],[118.28147,28.891341],[118.276119,28.895971],[118.269835,28.918618],[118.256827,28.923632],[118.242885,28.920161],[118.224967,28.911841],[118.199392,28.902969],[118.193501,28.908259],[118.196692,28.915918],[118.206068,28.91961],[118.227815,28.942417],[118.225458,28.946824],[118.199392,28.954645],[118.196004,28.965055],[118.186579,28.97695],[118.163802,28.98631],[118.148191,28.985595],[118.147897,28.977831],[118.133366,28.984328],[118.125708,28.996166],[118.132335,29.008663],[118.127132,29.016094],[118.113828,29.009048],[118.109999,28.991761],[118.099936,28.990385],[118.110687,29.003653],[118.107103,29.012021],[118.097089,28.998753],[118.092082,29.006296],[118.088056,29.029414],[118.0722,29.038991],[118.066997,29.053958],[118.076913,29.062872],[118.075784,29.074591],[118.045888,29.088838],[118.037985,29.101874],[118.053104,29.116228],[118.038917,29.126346],[118.045005,29.149108],[118.041372,29.160872],[118.028363,29.169227],[118.033468,29.177141],[118.042452,29.210331],[118.051435,29.217583],[118.057915,29.214781],[118.07328,29.217034],[118.081969,29.234557],[118.075587,29.247355],[118.080447,29.266356],[118.077895,29.278765],[118.071906,29.287001],[118.076226,29.290624],[118.10509,29.284914],[118.11589,29.293698],[118.136115,29.283926],[118.152855,29.286287],[118.169349,29.297596],[118.176614,29.297376],[118.176074,29.305885],[118.166551,29.313898],[118.179756,29.321363],[118.18329,29.332229],[118.207786,29.347593],[118.20867,29.360376],[118.204006,29.367837],[118.208817,29.377491],[118.192028,29.391697],[118.192666,29.402775],[118.176565,29.404694],[118.163654,29.412097],[118.136115,29.418896],[118.129488,29.432602],[118.138619,29.437701],[118.13798,29.454912],[118.127672,29.472066],[118.143822,29.489765],[118.142988,29.499846],[118.130862,29.511077],[118.109508,29.521977],[118.103421,29.530686],[118.082656,29.533753],[118.050748,29.543173],[118.042943,29.56628],[118.014127,29.577284],[118.003867,29.578105],[117.994638,29.573233],[117.984722,29.56168],[117.96489,29.569948],[117.954925,29.565075],[117.938725,29.54958],[117.920808,29.554508],[117.889881,29.545801],[117.87648,29.546184],[117.863569,29.554179],[117.852033,29.555001],[117.829893,29.563871],[117.816443,29.573889],[117.794991,29.570331],[117.770937,29.557081],[117.753068,29.560366],[117.736034,29.551551],[117.70766,29.548977],[117.691362,29.53567],[117.673592,29.52729],[117.664461,29.527619],[117.655723,29.534465],[117.64728,29.523675],[117.647034,29.51524],[117.632749,29.504777],[117.621311,29.512556],[117.614292,29.500778],[117.604768,29.475793],[117.595932,29.46982],[117.586016,29.48582],[117.577474,29.484834],[117.571289,29.468066],[117.578358,29.461709],[117.574087,29.457653],[117.556415,29.45557],[117.546499,29.447403],[117.535503,29.430793],[117.529366,29.430409],[117.522494,29.439455],[117.526323,29.445649],[117.509927,29.436001],[117.508061,29.429094],[117.517438,29.411165],[117.511547,29.405736],[117.497654,29.403213],[117.486266,29.396523],[117.485677,29.378204],[117.48116,29.361309],[117.490389,29.35264],[117.490291,29.34644],[117.445374,29.322625],[117.431825,29.31066],[117.437078,29.297761],[117.453032,29.281675],[117.449154,29.271408],[117.432954,29.259492],[117.403402,29.246366],[117.385386,29.229614],[117.38789,29.219286],[117.384699,29.206265],[117.37277,29.190166],[117.384208,29.181208],[117.386025,29.168292],[117.398493,29.147734],[117.427603,29.136078],[117.439974,29.142071],[117.441054,29.156749],[117.454161,29.160212],[117.463292,29.158013],[117.486904,29.16362],[117.497262,29.158013],[117.497704,29.1435],[117.481995,29.133219],[117.49358,29.107484],[117.51459,29.097364],[117.499324,29.081577],[117.502563,29.070355],[117.509927,29.067879],[117.519303,29.05726],[117.494513,29.040586],[117.493973,29.022204],[117.481111,29.015489],[117.493924,29.000956],[117.491469,28.992257],[117.497213,28.988953],[117.488327,28.982126],[117.457057,28.970341],[117.47203,28.959712],[117.483026,28.963898],[117.49412,28.955472],[117.49412,28.943133],[117.499913,28.936193],[117.51302,28.929637],[117.514836,28.917075],[117.531968,28.913329],[117.537466,28.902253],[117.554353,28.899222],[117.557053,28.891341],[117.548511,28.866042],[117.543112,28.843163],[117.544879,28.817741],[117.549051,28.807372],[117.537172,28.812281],[117.520776,28.810406],[117.511449,28.825903],[117.504085,28.830039],[117.487984,28.829433],[117.475613,28.837428],[117.449939,28.841729],[117.438109,28.837814],[117.430402,28.830315],[117.411011,28.824414],[117.395842,28.829046],[117.393339,28.812557],[117.404777,28.804559],[117.402322,28.783652],[117.388135,28.782935],[117.384601,28.773556],[117.374488,28.772839],[117.371641,28.766825],[117.358387,28.76848],[117.348618,28.774218],[117.329424,28.77317],[117.324711,28.764011],[117.306401,28.759651],[117.299332,28.74591],[117.2795,28.736693],[117.273118,28.723446],[117.262809,28.726261],[117.248377,28.719196],[117.241652,28.726482],[117.242977,28.73719],[117.23689,28.747069],[117.226581,28.749497],[117.20346,28.741054],[117.193298,28.747456],[117.191826,28.741109],[117.173515,28.752698],[117.17111,28.759265],[117.17543,28.770853],[117.15869,28.782439],[117.152259,28.775267],[117.144307,28.786907],[117.142785,28.799595],[117.136502,28.797885],[117.122315,28.781004],[117.123149,28.795237],[117.116866,28.801029],[117.090308,28.801029],[117.085105,28.81173],[117.070427,28.81548],[117.047551,28.808917],[117.039746,28.818734],[117.029928,28.838696],[117.009997,28.856781],[116.984225,28.86979],[116.963853,28.886547],[116.963608,28.898836],[116.957079,28.904843],[116.970873,28.916524],[116.973671,28.929306],[116.985747,28.949248],[116.998658,28.948421],[117.00931,28.959327],[117.013483,28.975628],[117.014072,28.998809],[117.029879,29.002552],[117.038371,29.009378],[117.032824,29.027323],[117.046717,29.043063],[117.049466,29.051097],[117.044655,29.082623],[117.048582,29.093954],[117.061394,29.096044],[117.066696,29.104404],[117.077447,29.103249],[117.069838,29.112764],[117.079999,29.123542],[117.06866,29.130195],[117.068905,29.136188],[117.0584,29.148888],[117.032922,29.161806],[117.029339,29.167468],[117.031891,29.180109],[117.024037,29.191155],[117.011225,29.225274],[117.017508,29.229174],[117.014465,29.243291],[117.020159,29.252023],[117.011421,29.264215],[117.008378,29.28195],[117.025363,29.279095],[117.028062,29.28766],[117.035819,29.291887],[117.042249,29.302975],[117.055798,29.302317],[117.079459,29.309892],[117.069543,29.332229],[117.045342,29.349897],[117.042691,29.36482],[117.050104,29.370031],[117.054276,29.384457],[117.069101,29.392355],[117.071311,29.39762],[117.067285,29.412152],[117.070918,29.426791],[117.062622,29.434192],[117.045882,29.441428],[117.042348,29.454583],[117.042888,29.471738],[117.049171,29.48593],[117.047698,29.512994],[117.051135,29.532055],[117.046569,29.543556],[117.040188,29.577776],[117.027326,29.599233],[117.025853,29.607498],[117.042397,29.619482],[117.050987,29.631575],[117.071212,29.64197],[117.077643,29.650395],[117.08103,29.66664],[117.092468,29.691524],[117.090848,29.699233],[117.070869,29.693711],[117.055209,29.684305],[117.042053,29.680915],[117.015299,29.685727],[116.996007,29.683376],[116.984569,29.67468],[116.974555,29.657561],[116.958551,29.651598],[116.939603,29.648316],[116.918543,29.634475],[116.873479,29.609304],[116.848934,29.576408],[116.838085,29.569838],[116.8184,29.564801],[116.783449,29.568415],[116.779521,29.577667],[116.786983,29.591297],[116.775152,29.595347],[116.770145,29.592228],[116.760475,29.599069],[116.740201,29.585933],[116.732297,29.572028],[116.721596,29.564966],[116.716539,29.590804],[116.688951,29.604104],[116.679035,29.598522],[116.663277,29.605254],[116.653263,29.603721],[116.63721,29.581335],[116.607118,29.5717],[116.596319,29.571316],[116.581395,29.576462],[116.566619,29.594691],[116.528624,29.604214],[116.512081,29.600219],[116.500937,29.585659],[116.49971,29.566663],[116.530195,29.546842],[116.533189,29.526414],[116.529115,29.512665],[116.520082,29.498532],[116.524402,29.486807],[116.537166,29.47382],[116.538147,29.467408],[116.524402,29.454474],[116.517972,29.440277],[116.518659,29.431122],[116.540455,29.414948],[116.537558,29.41111],[116.542615,29.397071],[116.55636,29.384896],[116.559894,29.376504],[116.548898,29.367672],[116.554003,29.366191],[116.554543,29.355439],[116.546836,29.360047],[116.537804,29.343258],[116.552432,29.322844],[116.564705,29.312087],[116.562741,29.300615],[116.575554,29.286177],[116.588513,29.276185],[116.59357,29.252572],[116.611095,29.248673],[116.646488,29.229394],[116.567945,29.170436],[116.547573,29.155815],[116.473005,29.155705],[116.451651,29.124092],[116.45764,29.115458],[116.448461,29.105944],[116.43825,29.105119],[116.437661,29.094944],[116.406931,29.05649],[116.4005,29.053023],[116.409778,29.031561],[116.402365,29.016314],[116.40806,29.003818],[116.407225,28.967973],[116.40428,28.953929],[116.380766,28.943684],[116.366972,28.927158],[116.358725,28.910298],[116.344439,28.88831],[116.342083,28.877673],[116.330891,28.877838],[116.324215,28.872381],[116.278954,28.866373],[116.259907,28.871279],[116.250236,28.869019],[116.240026,28.860805],[116.238111,28.851433],[116.245867,28.841288],[116.245818,28.831859],[116.240026,28.82458],[116.246407,28.801801],[116.253967,28.798547],[116.274241,28.800091],[116.287103,28.7879],[116.301781,28.785804],[116.319846,28.76699],[116.323969,28.753581],[116.32014,28.73846],[116.339629,28.750325],[116.355337,28.754188],[116.363192,28.741219],[116.380471,28.750105],[116.379931,28.744034],[116.392204,28.727807],[116.412281,28.724053],[116.429708,28.717429],[116.446497,28.701198],[116.446742,28.690817],[116.441293,28.667789],[116.447871,28.665028],[116.449393,28.653649],[116.44311,28.635972],[116.462746,28.615142],[116.465789,28.600719],[116.473938,28.58364],[116.497697,28.552682],[116.509381,28.544775],[116.532306,28.523263],[116.554887,28.496879],[116.577321,28.480171],[116.585273,28.471152],[116.591066,28.450788],[116.586108,28.44232],[116.584733,28.428925],[116.599902,28.417299],[116.589397,28.419957],[116.583997,28.411209],[116.575603,28.40894],[116.568288,28.400634],[116.570203,28.388286],[116.581837,28.379647],[116.593521,28.386126],[116.618556,28.389726],[116.647519,28.373721],[116.660823,28.373666],[116.691356,28.380145],[116.699652,28.378705],[116.716196,28.388895],[116.729941,28.406946],[116.743637,28.402462],[116.751344,28.391609],[116.753798,28.378096],[116.774171,28.365745],[116.778441,28.352396],[116.788652,28.341095],[116.798715,28.358157],[116.824389,28.378318],[116.855021,28.379813],[116.871417,28.382361],[116.879026,28.388951],[116.878093,28.399527],[116.867392,28.413867],[116.871466,28.427818],[116.896011,28.458702],[116.891004,28.474362],[116.879272,28.492619],[116.880744,28.507279],[116.897337,28.5023],[116.904406,28.504513],[116.911131,28.522323],[116.965179,28.527632],[116.976518,28.534435],[116.990165,28.51281],[117.003861,28.496326],[117.013434,28.509934],[117.011127,28.514635],[117.032186,28.526305],[117.033953,28.531891],[117.049613,28.549696],[117.054522,28.56573],[117.044949,28.591931],[117.055307,28.603316],[117.068954,28.608732],[117.079116,28.606576],[117.096346,28.58961],[117.108717,28.581484],[117.12634,28.576675],[117.147694,28.562192],[117.199091,28.589223],[117.216125,28.595026],[117.225109,28.609561],[117.223292,28.624259],[117.236939,28.626635],[117.246561,28.617131],[117.262711,28.613208],[117.274493,28.601824],[117.283231,28.576731],[117.29295,28.564901],[117.30429,28.54389],[117.315875,28.534601],[117.313863,28.506172],[117.320981,28.462409],[117.32805,28.450954],[117.326184,28.430198],[117.314108,28.414642],[117.310181,28.397478],[117.327411,28.384244],[117.319508,28.363474],[117.317692,28.348574],[117.29462,28.338546],[117.281365,28.326135],[117.277978,28.309899],[117.257311,28.30929],[117.264724,28.289448],[117.265411,28.278362],[117.288336,28.27487],[117.294767,28.252804],[117.302719,28.240217],[117.297319,28.230567],[117.28544,28.223968],[117.274051,28.209879],[117.27842,28.19357],[117.283771,28.187301],[117.280973,28.173097],[117.270664,28.162442],[117.274345,28.150954],[117.281316,28.146514],[117.309543,28.14324],[117.331437,28.130861],[117.353282,28.133581],[117.362363,28.132083],[117.399966,28.115373],[117.426082,28.112264],[117.436832,28.107045],[117.444834,28.090886],[117.46123,28.066561],[117.46123,28.053452],[117.465599,28.039397],[117.465795,28.01945],[117.44827,27.986382],[117.445767,27.964201],[117.432218,27.942405],[117.435458,27.936121],[117.446356,27.932729]]]]}},{"type":"Feature","properties":{"adcode":330800,"name":"衢州市","center":[118.87263,28.941708],"centroid":[118.679569,28.932446],"childrenNum":6,"level":"city","parent":{"adcode":330000},"subFeatureIndex":7,"acroutes":[100000,330000],"footprintId":"quzhou","footprintName":"衢州","footprintNameEn":"Quzhou","firstVisit":2024},"geometry":{"type":"MultiPolygon","coordinates":[[[[119.322428,28.800897],[119.331631,28.807912],[119.345558,28.827711],[119.336355,28.835222],[119.338028,28.843149],[119.331926,28.846966],[119.311306,28.842153],[119.310912,28.85124],[119.319672,28.867794],[119.333599,28.865181],[119.34546,28.899734],[119.333796,28.907945],[119.327152,28.924739],[119.315587,28.943231],[119.311503,28.959853],[119.304613,28.969345],[119.316621,28.970256],[119.325922,28.979125],[119.328038,28.987579],[119.321542,29.00059],[119.327349,29.03808],[119.334682,29.022216],[119.332369,29.043423],[119.334288,29.052369],[119.327841,29.067649],[119.332517,29.075971],[119.32602,29.086238],[119.305351,29.085617],[119.299987,29.090709],[119.302595,29.100893],[119.292507,29.105901],[119.282762,29.118317],[119.267703,29.119104],[119.267162,29.133919],[119.251119,29.141656],[119.253333,29.154772],[119.241522,29.165735],[119.242162,29.189683],[119.233353,29.195845],[119.234928,29.221937],[119.244918,29.228634],[119.260912,29.247815],[119.237782,29.250708],[119.239308,29.258933],[119.227103,29.276827],[119.228727,29.284182],[119.208156,29.284389],[119.200282,29.29038],[119.20038,29.272158],[119.192211,29.258479],[119.200922,29.257487],[119.2148,29.246947],[119.210272,29.23066],[119.213668,29.225203],[119.204465,29.223549],[119.201709,29.229379],[119.189504,29.227105],[119.194918,29.216314],[119.189504,29.205191],[119.177693,29.207259],[119.170459,29.217596],[119.151758,29.22789],[119.138126,29.220242],[119.12912,29.227063],[119.132565,29.235456],[119.12351,29.236737],[119.106384,29.227518],[119.085222,29.230578],[119.075675,29.224004],[119.062929,29.226278],[119.030596,29.215074],[119.013076,29.212386],[119.003234,29.207714],[118.998903,29.216355],[118.987141,29.226071],[118.984828,29.239465],[118.988224,29.243558],[118.966816,29.269348],[118.963322,29.267653],[118.949641,29.281744],[118.961895,29.290215],[118.962092,29.296164],[118.948017,29.301122],[118.94408,29.306286],[118.927053,29.310375],[118.900428,29.332638],[118.886354,29.322354],[118.878332,29.326567],[118.860664,29.31496],[118.855743,29.303311],[118.828775,29.287446],[118.82656,29.280298],[118.816865,29.281703],[118.793637,29.267943],[118.786402,29.266744],[118.784778,29.259099],[118.774985,29.250998],[118.763912,29.248311],[118.767259,29.234133],[118.765438,29.220614],[118.753036,29.213875],[118.743735,29.213668],[118.708843,29.188774],[118.68463,29.202545],[118.670162,29.200518],[118.638321,29.192165],[118.626855,29.19568],[118.633646,29.205605],[118.631825,29.219622],[118.620112,29.219291],[118.607612,29.239713],[118.615437,29.25075],[118.606677,29.267116],[118.610614,29.279472],[118.619177,29.276786],[118.63276,29.263149],[118.634138,29.272984],[118.614404,29.296577],[118.617209,29.303146],[118.603478,29.316447],[118.603823,29.323552],[118.596047,29.330821],[118.589059,29.327888],[118.571687,29.338337],[118.55151,29.335694],[118.528577,29.345275],[118.519079,29.344366],[118.524344,29.36142],[118.517504,29.363484],[118.505742,29.359273],[118.488813,29.367241],[118.479167,29.366539],[118.470112,29.360098],[118.456234,29.365879],[118.448754,29.37525],[118.441224,29.375911],[118.423655,29.387345],[118.425771,29.397623],[118.405397,29.408147],[118.413173,29.420568],[118.402051,29.425189],[118.390289,29.423951],[118.384137,29.433276],[118.372917,29.437815],[118.366371,29.45015],[118.352543,29.45279],[118.345751,29.465123],[118.344964,29.475681],[118.324442,29.496918],[118.310564,29.496011],[118.306627,29.479434],[118.315977,29.450562],[118.316125,29.42259],[118.291371,29.41999],[118.286154,29.426716],[118.277641,29.423374],[118.267798,29.427871],[118.255692,29.42618],[118.248507,29.431337],[118.232955,29.42391],[118.218093,29.420361],[118.204264,29.395394],[118.193044,29.39527],[118.194323,29.388253],[118.208792,29.377521],[118.204018,29.36786],[118.208694,29.360346],[118.207808,29.347587],[118.1833,29.332225],[118.179756,29.321404],[118.166567,29.313886],[118.176066,29.305914],[118.176607,29.297404],[118.169373,29.29761],[118.152886,29.28629],[118.136105,29.283893],[118.115878,29.293685],[118.105101,29.284926],[118.078132,29.290587],[118.071931,29.287033],[118.077886,29.278769],[118.080445,29.266331],[118.075573,29.24736],[118.081971,29.234587],[118.07326,29.217017],[118.057906,29.214784],[118.05141,29.217596],[118.042453,29.210319],[118.033447,29.177151],[118.028378,29.169251],[118.04137,29.160853],[118.045012,29.149104],[118.03891,29.126346],[118.053083,29.116248],[118.037974,29.101886],[118.045898,29.088846],[118.07577,29.074563],[118.076902,29.062845],[118.066961,29.053942],[118.072177,29.038991],[118.088073,29.029424],[118.090681,29.010451],[118.097079,28.998726],[118.10702,29.011984],[118.110662,29.003739],[118.099933,28.990397],[118.110022,28.991723],[118.113713,29.009208],[118.127296,29.016085],[118.132463,29.008379],[118.125918,28.994499],[118.133743,28.983891],[118.147867,28.977799],[118.147178,28.984803],[118.16514,28.986709],[118.186597,28.97697],[118.195997,28.965034],[118.199392,28.954672],[118.223802,28.947832],[118.227837,28.942443],[118.206036,28.919598],[118.196686,28.915949],[118.193487,28.908277],[118.199392,28.902969],[118.224983,28.911843],[118.237631,28.91852],[118.256824,28.92362],[118.269865,28.918644],[118.276115,28.89596],[118.28143,28.891356],[118.287926,28.864517],[118.293881,28.860866],[118.297424,28.847837],[118.304314,28.840078],[118.295308,28.835222],[118.310564,28.821983],[118.320554,28.821236],[118.331873,28.814803],[118.368192,28.811275],[118.371932,28.801769],[118.38335,28.787363],[118.378724,28.784622],[118.383694,28.774201],[118.386942,28.754807],[118.396293,28.754932],[118.392356,28.738858],[118.399738,28.727559],[118.401903,28.714473],[118.392503,28.710442],[118.39147,28.700512],[118.402247,28.703005],[118.418832,28.692242],[118.414994,28.686591],[118.432858,28.676533],[118.432612,28.651551],[118.422129,28.646812],[118.427789,28.63147],[118.433399,28.627062],[118.425279,28.611426],[118.417749,28.607558],[118.414059,28.595372],[118.421588,28.596287],[118.415683,28.583475],[118.417307,28.572825],[118.409433,28.569247],[118.41337,28.555142],[118.428084,28.54736],[118.420702,28.544739],[118.428133,28.534668],[118.425328,28.525261],[118.433251,28.516479],[118.437287,28.521682],[118.445555,28.513273],[118.430791,28.500785],[118.421933,28.502991],[118.415043,28.497412],[118.421785,28.492125],[118.438124,28.492999],[118.454315,28.476385],[118.461647,28.482631],[118.472179,28.479384],[118.482169,28.47118],[118.463321,28.455854],[118.465929,28.448232],[118.459334,28.42982],[118.450131,28.418154],[118.456529,28.415988],[118.44024,28.411946],[118.431135,28.398362],[118.455151,28.383984],[118.469275,28.355848],[118.473901,28.339046],[118.469423,28.328204],[118.48709,28.328996],[118.481923,28.32099],[118.47085,28.316694],[118.459679,28.30168],[118.433202,28.28829],[118.430446,28.280781],[118.438616,28.261255],[118.448852,28.261505],[118.445161,28.254745],[118.463862,28.243061],[118.481037,28.245982],[118.490683,28.238428],[118.502691,28.246817],[118.492947,28.262715],[118.495604,28.273104],[118.505643,28.279905],[118.514157,28.269641],[118.530201,28.270434],[118.546244,28.275024],[118.547474,28.28658],[118.558596,28.282324],[118.568833,28.285245],[118.584482,28.284327],[118.598016,28.270643],[118.595703,28.256999],[118.623016,28.256623],[118.632465,28.261297],[118.64024,28.27348],[118.651363,28.27711],[118.666668,28.269725],[118.674788,28.271435],[118.689896,28.291001],[118.700182,28.310397],[118.701904,28.327078],[118.717898,28.33817],[118.724001,28.338337],[118.742012,28.364435],[118.738371,28.369813],[118.757564,28.407488],[118.753233,28.417321],[118.734975,28.416779],[118.723459,28.411196],[118.723951,28.433153],[118.731136,28.456479],[118.725379,28.460894],[118.729709,28.479508],[118.723164,28.493249],[118.726953,28.499827],[118.7428,28.509152],[118.751215,28.52447],[118.765142,28.524096],[118.777298,28.518435],[118.780546,28.526552],[118.795359,28.534335],[118.809385,28.536249],[118.821786,28.547444],[118.83842,28.539911],[118.851019,28.53962],[118.854562,28.532212],[118.864552,28.529923],[118.868046,28.521723],[118.878332,28.522056],[118.889306,28.533003],[118.890192,28.539745],[118.902938,28.548859],[118.91406,28.563921],[118.908549,28.574447],[118.909139,28.589756],[118.917112,28.599739],[118.916619,28.610885],[118.923657,28.619244],[118.925527,28.63359],[118.930202,28.640534],[118.956974,28.647394],[118.962683,28.642405],[118.983992,28.663856],[118.991472,28.676491],[119.001659,28.683058],[119.007958,28.694569],[119.02971,28.709694],[119.043687,28.71227],[119.047575,28.722159],[119.063962,28.733541],[119.080793,28.740146],[119.087831,28.735203],[119.097132,28.743261],[119.122378,28.737072],[119.137683,28.738027],[119.161207,28.748162],[119.169573,28.748868],[119.187536,28.770173],[119.213569,28.768968],[119.238028,28.761992],[119.24851,28.763612],[119.255745,28.776152],[119.271148,28.786532],[119.276512,28.802931],[119.291325,28.806003],[119.302644,28.80401],[119.311503,28.811897],[119.322428,28.800897]]]]}},{"type":"Feature","properties":{"adcode":350800,"name":"龙岩市","center":[117.02978,25.091603],"centroid":[116.74379,25.291574],"childrenNum":7,"level":"city","parent":{"adcode":350000},"subFeatureIndex":7,"acroutes":[100000,350000],"footprintId":"longyan","footprintName":"龙岩","footprintNameEn":"Longyan","firstVisit":2025},"geometry":{"type":"MultiPolygon","coordinates":[[[[116.400103,26.033059],[116.383284,26.029424],[116.371048,26.005464],[116.361054,26.000729],[116.359933,25.991497],[116.368025,25.974897],[116.369975,25.963318],[116.34833,25.961691],[116.326294,25.956572],[116.320249,25.940828],[116.304162,25.929485],[116.302407,25.922593],[116.280664,25.914408],[116.268232,25.914217],[116.258287,25.902967],[116.232205,25.90043],[116.225137,25.90852],[116.207196,25.901388],[116.191937,25.901005],[116.177653,25.89435],[116.169804,25.877018],[116.153473,25.876779],[116.130706,25.858726],[116.129244,25.838706],[116.131779,25.824288],[116.159274,25.809581],[116.160103,25.798753],[116.176288,25.78524],[116.181602,25.776423],[116.17702,25.768467],[116.17546,25.749487],[116.165953,25.74848],[116.166538,25.766023],[116.145965,25.759601],[116.129634,25.759169],[116.116764,25.738941],[116.118226,25.732805],[116.108476,25.723312],[116.110085,25.707585],[116.106965,25.701112],[116.082589,25.696221],[116.067623,25.704085],[116.067672,25.691329],[116.060164,25.694926],[116.056215,25.682409],[116.065234,25.676126],[116.05758,25.660153],[116.068939,25.646337],[116.067135,25.634342],[116.059628,25.63914],[116.05095,25.627577],[116.041639,25.626329],[116.046904,25.616972],[116.040956,25.606942],[116.052023,25.598592],[116.054411,25.578192],[116.062845,25.56331],[116.054168,25.546938],[116.040274,25.547995],[116.035301,25.540552],[116.036569,25.514764],[116.015752,25.508184],[116.013119,25.498193],[116.005466,25.490459],[116.007269,25.473741],[116.019213,25.474221],[116.012193,25.455242],[116.02209,25.437942],[116.021797,25.420688],[116.015167,25.414439],[116.005368,25.414247],[116.002297,25.40819],[116.008001,25.392855],[115.996008,25.379585],[115.992742,25.371074],[116.000005,25.357705],[115.991669,25.345105],[116.000152,25.343277],[116.005758,25.330868],[116.000834,25.324855],[116.008001,25.32144],[116.000054,25.301522],[115.986355,25.290793],[115.977629,25.298443],[115.974704,25.289878],[115.965636,25.286895],[115.951547,25.29315],[115.94716,25.288146],[115.949402,25.266202],[115.939506,25.253977],[115.930926,25.236023],[115.91825,25.230438],[115.901724,25.231353],[115.890804,25.217825],[115.878762,25.21431],[115.870523,25.221243],[115.855606,25.209447],[115.857507,25.178146],[115.853412,25.17646],[115.860432,25.16596],[115.853363,25.163889],[115.855118,25.153195],[115.867403,25.149053],[115.875837,25.152328],[115.884954,25.141489],[115.888366,25.129011],[115.873936,25.121831],[115.874033,25.1147],[115.883832,25.103183],[115.880078,25.092243],[115.908305,25.084531],[115.919372,25.072433],[115.913863,25.06067],[115.92098,25.061201],[115.928293,25.050498],[115.918348,25.038685],[115.912303,25.042929],[115.897873,25.037046],[115.88822,25.022918],[115.873643,25.019928],[115.876958,25.003193],[115.88198,24.995041],[115.899238,24.991761],[115.917129,24.974251],[115.925075,24.96079],[115.917227,24.958089],[115.904405,24.964361],[115.894996,24.962045],[115.892266,24.970054],[115.882955,24.976663],[115.872278,24.97208],[115.870231,24.959488],[115.884271,24.950899],[115.892559,24.937099],[115.897288,24.937147],[115.908451,24.923296],[115.955301,24.918518],[115.96276,24.913209],[115.976703,24.91596],[115.984941,24.900225],[116.003077,24.896508],[116.015264,24.905728],[116.023357,24.902156],[116.038324,24.886901],[116.04315,24.871162],[116.052266,24.861505],[116.062796,24.859912],[116.06889,24.849964],[116.083223,24.85349],[116.091316,24.838374],[116.094874,24.84924],[116.116032,24.851413],[116.13953,24.844701],[116.153229,24.846632],[116.181066,24.875121],[116.191742,24.877101],[116.200907,24.85798],[116.210901,24.854455],[116.220505,24.842624],[116.221139,24.830791],[116.229329,24.82601],[116.238933,24.830405],[116.250048,24.827893],[116.233717,24.806205],[116.233083,24.80065],[116.251267,24.793403],[116.264917,24.799877],[116.29134,24.800263],[116.299969,24.80292],[116.318153,24.818185],[116.332291,24.826638],[116.33273,24.821856],[116.344089,24.827555],[116.349159,24.836732],[116.349744,24.856725],[116.361785,24.869859],[116.374558,24.868458],[116.379238,24.877535],[116.394789,24.877873],[116.393912,24.856918],[116.407318,24.853296],[116.4178,24.840692],[116.377239,24.821083],[116.375972,24.803355],[116.384405,24.790939],[116.399664,24.793983],[116.407172,24.777797],[116.419116,24.767311],[116.415362,24.756438],[116.417166,24.743051],[116.437398,24.733577],[116.446075,24.714483],[116.455923,24.713709],[116.469719,24.719317],[116.486977,24.718592],[116.501505,24.698335],[116.504966,24.667049],[116.517495,24.652297],[116.50677,24.62129],[116.525929,24.604791],[116.553278,24.613065],[116.570438,24.621725],[116.572973,24.630143],[116.58638,24.636722],[116.596471,24.654039],[116.624113,24.641414],[116.632791,24.641269],[116.635131,24.647702],[116.667062,24.658633],[116.690122,24.659504],[116.700457,24.655683],[116.707331,24.665114],[116.741895,24.666565],[116.753839,24.654522],[116.777581,24.679574],[116.801225,24.678268],[116.815314,24.654571],[116.81195,24.644897],[116.798543,24.637157],[116.798885,24.623999],[116.787526,24.61471],[116.781627,24.603049],[116.7612,24.582967],[116.767782,24.564189],[116.756081,24.55504],[116.758373,24.546618],[116.772315,24.534757],[116.781091,24.533789],[116.779384,24.527688],[116.788111,24.511613],[116.796837,24.502074],[116.816825,24.490403],[116.812632,24.484058],[116.833595,24.496117],[116.849342,24.479069],[116.860749,24.462262],[116.85173,24.452767],[116.841493,24.453397],[116.838909,24.442544],[116.84822,24.426895],[116.855484,24.423842],[116.863528,24.409789],[116.869427,24.40722],[116.873278,24.391178],[116.885271,24.396219],[116.903894,24.369851],[116.90326,24.380127],[116.928415,24.382599],[116.934899,24.390015],[116.944016,24.431885],[116.935874,24.456836],[116.927099,24.468268],[116.917349,24.490257],[116.91145,24.515681],[116.922078,24.526623],[116.929439,24.513599],[116.935582,24.521878],[116.932511,24.534128],[116.947721,24.544972],[116.980774,24.544584],[116.996813,24.540615],[117.006222,24.544294],[117.017142,24.555815],[117.023138,24.571352],[117.025186,24.602033],[117.014948,24.615774],[117.019872,24.62903],[117.037471,24.626128],[117.043467,24.633626],[117.046929,24.653313],[117.033327,24.671836],[117.039372,24.690792],[117.026892,24.693935],[117.018556,24.709213],[117.02387,24.739861],[117.02348,24.773641],[117.027965,24.780213],[117.052145,24.793403],[117.052827,24.812099],[117.056728,24.82374],[117.069208,24.821953],[117.072084,24.807654],[117.070768,24.785866],[117.080713,24.781034],[117.102358,24.789538],[117.137508,24.784803],[117.144235,24.790359],[117.154424,24.813306],[117.169391,24.826058],[117.172218,24.865948],[117.198007,24.885163],[117.196594,24.900804],[117.188598,24.903942],[117.184406,24.925854],[117.210293,24.921028],[117.219604,24.908431],[117.227063,24.909155],[117.237447,24.923393],[117.237057,24.930825],[117.245929,24.954036],[117.23457,24.954518],[117.236813,24.962527],[117.267916,24.974203],[117.279714,24.98771],[117.286588,24.990507],[117.293803,24.984237],[117.288781,24.971742],[117.30092,24.975746],[117.306965,24.96822],[117.318032,24.968317],[117.341286,24.978737],[117.361712,24.971983],[117.370293,24.973527],[117.383845,24.984767],[117.393742,24.980715],[117.425137,24.978207],[117.445515,24.95997],[117.483736,24.958185],[117.493145,24.962093],[117.495485,24.971404],[117.490561,25.016841],[117.492023,25.023689],[117.50387,25.041482],[117.510841,25.090315],[117.503041,25.10911],[117.481981,25.120386],[117.478763,25.127806],[117.483638,25.134455],[117.484564,25.164901],[117.495436,25.16519],[117.497435,25.174293],[117.515765,25.17569],[117.529415,25.185514],[117.535022,25.201165],[117.548184,25.192208],[117.545649,25.210988],[117.555399,25.21171],[117.570707,25.220232],[117.578654,25.231257],[117.595765,25.221821],[117.6139,25.222254],[117.622285,25.240788],[117.621067,25.247479],[117.603468,25.260042],[117.604638,25.284152],[117.599811,25.293728],[117.619409,25.299598],[117.655192,25.320622],[117.661627,25.336351],[117.68025,25.347269],[117.678349,25.355349],[117.691512,25.368285],[117.691658,25.390595],[117.684101,25.396508],[117.699019,25.422226],[117.691414,25.440874],[117.697557,25.455675],[117.704041,25.457597],[117.713157,25.477921],[117.722371,25.48138],[117.715156,25.491468],[117.71813,25.511978],[117.702188,25.517309],[117.691902,25.510681],[117.688392,25.518702],[117.688928,25.535078],[117.697703,25.555869],[117.705162,25.559806],[117.725783,25.547611],[117.745089,25.570079],[117.748258,25.596288],[117.718471,25.590528],[117.695655,25.623738],[117.676301,25.63842],[117.662115,25.664278],[117.646076,25.670706],[117.635253,25.666389],[117.611414,25.650558],[117.601176,25.649455],[117.58777,25.66658],[117.594351,25.673967],[117.580847,25.69411],[117.559641,25.697947],[117.549062,25.70466],[117.541749,25.722497],[117.536045,25.725134],[117.518641,25.717463],[117.506941,25.702886],[117.497581,25.708496],[117.493973,25.722593],[117.502602,25.735537],[117.489927,25.732997],[117.48788,25.739325],[117.461749,25.735777],[117.459263,25.731702],[117.472767,25.727339],[117.470281,25.720148],[117.456972,25.71262],[117.440738,25.669458],[117.435765,25.665669],[117.406417,25.658858],[117.392182,25.658714],[117.38989,25.667732],[117.401786,25.690418],[117.396228,25.733716],[117.391694,25.735394],[117.391255,25.721155],[117.382773,25.727052],[117.376679,25.747761],[117.383017,25.752938],[117.375801,25.782413],[117.354302,25.785863],[117.348501,25.780256],[117.346015,25.756437],[117.333437,25.753274],[117.306868,25.740571],[117.284589,25.737407],[117.266697,25.724942],[117.265917,25.715353],[117.248611,25.687061],[117.254802,25.683224],[117.274497,25.687348],[117.285661,25.677469],[117.283516,25.665093],[117.253924,25.642834],[117.237934,25.634054],[117.234424,25.618268],[117.220823,25.603487],[117.215948,25.591248],[117.209561,25.588848],[117.198495,25.570559],[117.21234,25.570271],[117.197179,25.559326],[117.183382,25.575216],[117.165783,25.570655],[117.168416,25.59624],[117.158958,25.612797],[117.141993,25.630648],[117.140043,25.642163],[117.132681,25.650175],[117.104747,25.657322],[117.081737,25.652573],[117.071889,25.668307],[117.080323,25.668307],[117.071743,25.684279],[117.057995,25.685958],[117.067648,25.692816],[117.068525,25.708448],[117.060969,25.721011],[117.055021,25.715641],[117.048342,25.725661],[117.065113,25.736448],[117.058239,25.747282],[117.06443,25.7573],[117.05702,25.766742],[117.056338,25.786151],[117.036106,25.811114],[117.024016,25.853122],[117.008318,25.857768],[116.986283,25.85432],[116.971267,25.846561],[116.952791,25.842107],[116.949086,25.846753],[116.924174,25.855948],[116.904674,25.849914],[116.892681,25.837125],[116.885222,25.824192],[116.875131,25.818204],[116.865186,25.796884],[116.837788,25.787397],[116.820237,25.783898],[116.783089,25.811785],[116.778214,25.818539],[116.781042,25.832048],[116.794107,25.856331],[116.778946,25.859636],[116.756033,25.84795],[116.748086,25.85408],[116.743601,25.889754],[116.737215,25.899712],[116.719811,25.90651],[116.707574,25.916562],[116.689537,25.919434],[116.683443,25.929868],[116.67418,25.931065],[116.666965,25.939249],[116.649707,25.942742],[116.650682,25.961117],[116.644978,25.969012],[116.644735,25.980016],[116.652925,25.999389],[116.629476,26.013786],[116.625429,25.99298],[116.611243,25.984321],[116.593546,25.991545],[116.581602,25.980972],[116.553132,25.990062],[116.538555,25.996806],[116.495508,25.966285],[116.481468,25.974849],[116.480493,25.998959],[116.474399,26.009673],[116.466355,26.01326],[116.439201,26.01589],[116.419506,26.021295],[116.400103,26.033059]]]]}},{"type":"Feature","properties":{"adcode":320600,"name":"南通市","center":[120.864608,32.016212],"centroid":[121.047928,32.182334],"childrenNum":7,"level":"city","parent":{"adcode":320000},"subFeatureIndex":5,"acroutes":[100000,320000],"footprintId":"nantong","footprintName":"南通","footprintNameEn":"Nantong","firstVisit":2025},"geometry":{"type":"MultiPolygon","coordinates":[[[[120.202303,32.600908],[120.207635,32.591567],[120.224584,32.58183],[120.23059,32.58683],[120.255734,32.597619],[120.262862,32.574855],[120.262301,32.562001],[120.270102,32.548707],[120.263704,32.514562],[120.270102,32.501788],[120.258316,32.498934],[120.271393,32.47228],[120.275153,32.438897],[120.280654,32.430989],[120.279924,32.421454],[120.289185,32.384975],[120.284526,32.379876],[120.292608,32.369544],[120.302542,32.37249],[120.310119,32.361542],[120.323028,32.368445],[120.351652,32.377898],[120.352381,32.368929],[120.359734,32.35798],[120.346208,32.343996],[120.353111,32.335947],[120.354234,32.324951],[120.365234,32.308806],[120.352325,32.30445],[120.352381,32.278663],[120.347218,32.266515],[120.350866,32.255995],[120.345927,32.249919],[120.35704,32.238736],[120.364617,32.237812],[120.371632,32.217555],[120.343233,32.170067],[120.347442,32.150545],[120.351034,32.149487],[120.356198,32.130754],[120.374383,32.128065],[120.387909,32.129696],[120.417038,32.124847],[120.435166,32.123921],[120.440779,32.119865],[120.482255,32.102933],[120.486745,32.099141],[120.512843,32.091732],[120.518456,32.065885],[120.5294,32.056444],[120.550503,32.050929],[120.547922,32.041046],[120.558529,32.03372],[120.553141,32.021143],[120.588276,32.009711],[120.628405,32.001147],[120.652651,32.002383],[120.70249,32.013375],[120.76159,32.020437],[120.78202,32.015979],[120.790102,31.998101],[120.803123,31.988432],[120.853467,31.888641],[120.860314,31.873037],[120.883831,31.834702],[120.916664,31.793652],[120.932884,31.786705],[120.959488,31.783032],[121.060625,31.783077],[121.076845,31.777014],[121.101204,31.762542],[121.11849,31.75909],[121.149247,31.78728],[121.181519,31.820416],[121.200321,31.835144],[121.225296,31.84704],[121.265594,31.864107],[121.301907,31.872727],[121.323066,31.868528],[121.369314,31.843281],[121.385029,31.833552],[121.41629,31.797634],[121.410902,31.795598],[121.420893,31.779581],[121.4315,31.76927],[121.455578,31.759356],[121.487738,31.753424],[121.49857,31.753247],[121.51305,31.743686],[121.539429,31.735496],[121.565022,31.716722],[121.599651,31.703127],[121.600886,31.70698],[121.63327,31.696173],[121.642643,31.697458],[121.715269,31.673848],[121.81781,31.652049],[121.975185,31.617035],[121.96772,31.703924],[121.970302,31.718892],[121.960143,31.736868],[121.941005,31.776572],[121.897452,31.85354],[121.889145,31.866627],[121.874833,31.90212],[121.870287,31.928279],[121.856031,31.955225],[121.772405,32.033235],[121.759047,32.0594],[121.729637,32.069194],[121.59258,32.112943],[121.544368,32.123039],[121.52551,32.136528],[121.542291,32.152131],[121.50306,32.170067],[121.473089,32.169803],[121.458609,32.17769],[121.461527,32.193726],[121.479263,32.197999],[121.49958,32.211169],[121.493912,32.263478],[121.457767,32.27391],[121.45019,32.282272],[121.447047,32.299258],[121.440536,32.366071],[121.425495,32.431033],[121.417413,32.443115],[121.390529,32.460729],[121.351915,32.474256],[121.287652,32.480185],[121.269523,32.483434],[121.153119,32.529266],[121.122026,32.569328],[121.076901,32.576391],[121.051701,32.587137],[121.020496,32.605513],[120.988448,32.606741],[120.961733,32.612178],[120.979637,32.636335],[120.976044,32.658426],[120.908133,32.639316],[120.895336,32.631601],[120.863233,32.630242],[120.863457,32.61915],[120.851447,32.618273],[120.851166,32.607442],[120.856891,32.612178],[120.868453,32.609766],[120.85459,32.605074],[120.837247,32.606741],[120.832589,32.597005],[120.818277,32.592006],[120.805031,32.582619],[120.792627,32.578452],[120.793469,32.600601],[120.74363,32.598321],[120.740319,32.585427],[120.721012,32.591611],[120.720282,32.599724],[120.701031,32.603496],[120.680938,32.594812],[120.671565,32.587883],[120.663034,32.572048],[120.653381,32.571872],[120.649284,32.585032],[120.656075,32.594637],[120.656917,32.603496],[120.643952,32.613187],[120.629752,32.617527],[120.620267,32.601873],[120.615216,32.606127],[120.621838,32.626033],[120.612746,32.635634],[120.614767,32.639755],[120.600455,32.650011],[120.590521,32.639667],[120.578903,32.63502],[120.549886,32.635765],[120.544554,32.632258],[120.51217,32.636116],[120.506838,32.640763],[120.495276,32.639492],[120.496511,32.624367],[120.484669,32.63125],[120.475576,32.628664],[120.465642,32.631469],[120.44308,32.629277],[120.443192,32.639097],[120.436962,32.647075],[120.431855,32.676525],[120.415747,32.679416],[120.410471,32.689406],[120.394251,32.687478],[120.389592,32.69072],[120.392511,32.707235],[120.376122,32.71087],[120.366693,32.704913],[120.340988,32.705351],[120.333018,32.699788],[120.319492,32.699306],[120.315563,32.704388],[120.292664,32.687566],[120.276276,32.679285],[120.251861,32.679898],[120.225651,32.675911],[120.224809,32.658382],[120.228906,32.649924],[120.221722,32.64839],[120.222171,32.634319],[120.213528,32.625639],[120.209375,32.608188],[120.213584,32.602706],[120.202303,32.600908]]],[[[121.403775,32.530583],[121.402652,32.521541],[121.408601,32.519566],[121.435205,32.520005],[121.436495,32.529266],[121.429255,32.531505],[121.403775,32.530583]]]]}},{"type":"Feature","properties":{"adcode":530400,"name":"玉溪市","center":[102.543907,24.350461],"centroid":[102.204123,24.138434],"childrenNum":9,"level":"city","parent":{"adcode":530000},"subFeatureIndex":2,"acroutes":[100000,530000],"footprintId":"yuxi","footprintName":"玉溪","footprintNameEn":"Yuxi","firstVisit":2026},"geometry":{"type":"MultiPolygon","coordinates":[[[[102.226853,24.910676],[102.221304,24.903702],[102.1744,24.912866],[102.161135,24.932894],[102.124635,24.952351],[102.122295,24.925921],[102.11085,24.908406],[102.085101,24.896079],[102.077645,24.866959],[102.051289,24.86193],[102.005078,24.872394],[101.996582,24.860875],[102.009847,24.837428],[101.996755,24.808376],[101.986265,24.811297],[101.983144,24.790925],[101.943956,24.766247],[101.933032,24.712002],[101.939101,24.679346],[101.953146,24.680646],[101.926356,24.651232],[101.903468,24.636685],[101.922455,24.62173],[101.936327,24.632378],[101.948291,24.587994],[101.920374,24.578562],[101.904075,24.583115],[101.891764,24.568479],[101.913525,24.545627],[101.905029,24.530906],[101.920374,24.514962],[101.923842,24.491693],[101.941875,24.493971],[101.947251,24.462724],[101.972653,24.457759],[102.012448,24.471594],[102.001957,24.455155],[102.016956,24.430654],[102.001871,24.408184],[102.028747,24.390026],[102.031868,24.36592],[102.006552,24.350118],[102.010367,24.33407],[102.000483,24.294634],[101.970833,24.271813],[101.953926,24.275318],[101.932425,24.254125],[101.905896,24.261625],[101.904942,24.25119],[101.860206,24.2485],[101.841912,24.240837],[101.832115,24.250457],[101.815989,24.242712],[101.810094,24.283143],[101.827174,24.305309],[101.799517,24.310442],[101.791454,24.284039],[101.772814,24.285506],[101.773074,24.299523],[101.749145,24.320057],[101.692965,24.343846],[101.668082,24.376019],[101.650742,24.366572],[101.629588,24.322827],[101.598897,24.286484],[101.577656,24.243609],[101.546444,24.237494],[101.514366,24.220453],[101.48983,24.225998],[101.47908,24.245402],[101.483155,24.269531],[101.468503,24.286321],[101.470497,24.302212],[101.453157,24.336759],[101.445267,24.377485],[101.449082,24.385873],[101.413276,24.401996],[101.39611,24.421862],[101.37799,24.39939],[101.385879,24.380091],[101.381804,24.361033],[101.36091,24.342461],[101.302649,24.322664],[101.278373,24.309302],[101.277073,24.292678],[101.307677,24.249886],[101.316607,24.228199],[101.34357,24.199088],[101.347472,24.161812],[101.357095,24.140355],[101.383625,24.128034],[101.384232,24.09841],[101.411975,24.068371],[101.409634,24.040203],[101.443447,24.025504],[101.454978,23.995693],[101.481421,23.973963],[101.491998,23.948553],[101.512805,23.942261],[101.533006,23.917988],[101.502402,23.897226],[101.497113,23.880794],[101.462781,23.839501],[101.445528,23.851277],[101.400878,23.826496],[101.422726,23.808665],[101.424286,23.778558],[101.4066,23.765712],[101.412582,23.746726],[101.42602,23.74157],[101.430355,23.718569],[101.459573,23.727083],[101.468156,23.755892],[101.482634,23.757283],[101.497373,23.777494],[101.520262,23.772912],[101.531186,23.781995],[101.548525,23.771112],[101.568813,23.739278],[101.564911,23.721353],[101.540549,23.717996],[101.535087,23.687787],[101.560663,23.670428],[101.574014,23.689261],[101.594128,23.661993],[101.614069,23.649954],[101.619011,23.632508],[101.64294,23.651674],[101.687676,23.670346],[101.709784,23.654868],[101.690364,23.636603],[101.685335,23.620138],[101.667649,23.625053],[101.667389,23.606375],[101.688283,23.607849],[101.689497,23.590807],[101.705796,23.568518],[101.728598,23.56524],[101.713252,23.531716],[101.731719,23.511221],[101.745677,23.516468],[101.764404,23.499496],[101.782437,23.46735],[101.788333,23.440692],[101.768132,23.416818],[101.745417,23.419608],[101.747238,23.394828],[101.761716,23.380548],[101.787206,23.387442],[101.824746,23.370864],[101.821105,23.350508],[101.84538,23.349933],[101.873904,23.326946],[101.874858,23.338112],[101.906502,23.360522],[101.968665,23.353299],[101.987999,23.336141],[102.013835,23.345993],[102.027533,23.330723],[102.055624,23.320788],[102.068715,23.329902],[102.095505,23.31463],[102.130011,23.32358],[102.151685,23.345418],[102.157754,23.382928],[102.187578,23.428304],[102.216622,23.41009],[102.223125,23.424038],[102.275144,23.4233],[102.289276,23.415177],[102.319273,23.413782],[102.334966,23.460132],[102.360715,23.481292],[102.355513,23.520485],[102.317973,23.551143],[102.321181,23.57532],[102.296992,23.597608],[102.292397,23.6262],[102.249048,23.662812],[102.225379,23.691963],[102.202404,23.700068],[102.159922,23.696875],[102.148044,23.721353],[102.159488,23.747217],[102.186018,23.763748],[102.136253,23.830668],[102.160008,23.872618],[102.201017,23.887498],[102.223385,23.904338],[102.251042,23.908589],[102.264306,23.900006],[102.283207,23.925916],[102.265173,23.927551],[102.264133,23.963015],[102.252342,23.969225],[102.224945,24.008027],[102.230841,24.023381],[102.271069,24.032527],[102.311644,24.034814],[102.331671,24.044776],[102.32777,24.060452],[102.304881,24.058492],[102.295865,24.081024],[102.318753,24.096125],[102.377014,24.087065],[102.418543,24.067146],[102.411087,24.058574],[102.428947,24.049185],[102.469435,24.054084],[102.491456,24.064942],[102.516252,24.029016],[102.54859,24.041101],[102.565583,24.028852],[102.59324,24.034242],[102.612487,24.046817],[102.625925,24.038733],[102.6111,24.025912],[102.635635,24.022972],[102.646559,24.006638],[102.634682,23.993487],[102.650201,23.976087],[102.636502,23.951658],[102.643005,23.926733],[102.658437,23.91006],[102.674129,23.9242],[102.689302,23.922402],[102.689908,23.94602],[102.711063,23.967754],[102.732217,23.972166],[102.747129,24.018154],[102.784323,24.017827],[102.829493,24.046735],[102.841457,24.043143],[102.834868,24.024361],[102.84822,24.014316],[102.856889,23.987524],[102.884806,23.993814],[102.87761,24.010395],[102.899458,24.013009],[102.915151,24.039876],[102.9396,24.057268],[102.96691,24.067636],[103.015894,24.033262],[103.03254,24.032364],[103.037829,24.04053],[103.033407,24.050165],[103.052307,24.080698],[103.081611,24.093839],[103.100772,24.145577],[103.137012,24.170949],[103.134671,24.201127],[103.151143,24.215316],[103.149236,24.235048],[103.125741,24.249641],[103.138572,24.301397],[103.121753,24.306287],[103.112389,24.324864],[103.098864,24.322583],[103.089761,24.340343],[103.099038,24.404113],[103.067566,24.411685],[103.062104,24.432445],[103.088634,24.441236],[103.107274,24.473222],[103.109095,24.506989],[103.111002,24.565877],[103.08612,24.553272],[103.052741,24.555631],[103.04199,24.568235],[103.044071,24.602384],[103.0328,24.641236],[103.046932,24.699574],[103.05985,24.712083],[103.07693,24.754311],[103.042077,24.772011],[103.026818,24.754799],[103.015547,24.762268],[103.016501,24.796364],[103.02387,24.800747],[103.030719,24.863958],[103.017801,24.897133],[103.000635,24.919515],[103.000202,24.89689],[102.982602,24.882453],[102.965089,24.883345],[102.95928,24.862173],[102.938472,24.859739],[102.925554,24.846434],[102.911163,24.854791],[102.90362,24.803344],[102.914977,24.768439],[102.870935,24.746029],[102.840243,24.748465],[102.856716,24.706884],[102.827585,24.669108],[102.82221,24.640586],[102.805651,24.628476],[102.815101,24.611001],[102.797935,24.593522],[102.801489,24.581896],[102.789091,24.553516],[102.798021,24.5209],[102.815708,24.51187],[102.775393,24.497307],[102.763949,24.47786],[102.742794,24.485591],[102.69537,24.462479],[102.683319,24.472327],[102.686614,24.490635],[102.669968,24.503409],[102.612834,24.491368],[102.587691,24.503572],[102.609712,24.513823],[102.599395,24.53481],[102.565323,24.538226],[102.540094,24.513497],[102.507929,24.524235],[102.489462,24.50048],[102.453222,24.513904],[102.420537,24.477535],[102.404671,24.497063],[102.380309,24.481929],[102.373893,24.45198],[102.3569,24.444004],[102.373373,24.436271],[102.360021,24.398576],[102.335833,24.39996],[102.311557,24.386117],[102.292657,24.406881],[102.306442,24.416977],[102.261532,24.440829],[102.249741,24.439038],[102.244019,24.458085],[102.215842,24.482824],[102.207692,24.48079],[102.197809,24.509348],[102.210293,24.507396],[102.230234,24.526594],[102.250435,24.532776],[102.267341,24.559697],[102.283987,24.559534],[102.296038,24.591652],[102.287542,24.624331],[102.271242,24.65432],[102.292223,24.660496],[102.282947,24.686657],[102.29153,24.696893],[102.297165,24.755205],[102.285287,24.801315],[102.295518,24.802857],[102.287975,24.823714],[102.296471,24.849598],[102.29205,24.878884],[102.263006,24.889428],[102.263093,24.91992],[102.226853,24.910676]]]]}}]}